date_time,observed,predicted
2025-07-08 09:30:00,-2.2273833548571425,-2.868528827386823
2025-07-08 10:00:00,-2.242745809238095,-2.867298028467072
2025-07-08 10:30:00,-2.253766904619046,-2.8651058610231184
2025-07-08 11:00:00,-2.2627467720000016,-2.862624363901859
2025-07-08 11:30:00,-2.273988657380953,-2.8588170627289875
2025-07-08 12:00:00,-2.278388700761904,-2.855376947325422
2025-07-08 12:30:00,-2.283853218142857,-2.8515313937302715
2025-07-08 13:00:00,-2.2962046655238084,-2.84730153892927
2025-07-08 13:30:00,-2.2999016389047613,-2.8426952802039236
2025-07-08 14:00:00,-2.2949441382857145,-2.8381691746361706
2025-07-08 14:30:00,-2.292115716666665,-2.833421392743979
2025-07-08 15:00:00,-2.285882821047619,-2.8287517896709895
2025-07-08 15:30:00,-2.279720232428572,-2.824687357605453
2025-07-08 16:00:00,-2.273776239809524,-2.820638338443956
2025-07-08 16:30:00,-2.271874834190476,-2.817439723329326
2025-07-08 17:00:00,-2.2708446565714286,-2.8146874672457702
2025-07-08 17:30:00,-2.272892636952381,-2.811636797104491
2025-07-08 18:00:00,-2.274940617333333,-2.809832536395943
2025-07-08 18:30:00,-2.279160439714285,-2.807916912065575
2025-07-08 19:00:00,-2.285278551095239,-2.8048887130999685
2025-07-08 19:30:00,-2.2937014434761904,-2.803394202715044
2025-07-08 20:00:00,-2.301386177857143,-2.803427489905036
2025-07-08 20:30:00,-2.310037535238095,-2.803142599510335
2025-07-08 21:00:00,-2.318241831619047,-2.8034793579361534
2025-07-08 21:30:00,-2.323737049,-2.8038404066879643
2025-07-08 22:00:00,-2.327183494380952,-2.804196645298707
2025-07-08 22:30:00,-2.3330753347619035,-2.8038919448287007
2025-07-08 23:00:00,-2.332873491142857,-2.8034646029217867
2025-07-08 23:30:00,-2.3311952005238084,-2.80253518704478
2025-07-09 00:00:00,-2.320327523904761,-2.8016266876543723
2025-07-09 00:30:00,-2.311445987285716,-2.800366200447035
2025-07-09 01:00:00,-2.299390766666667,-2.798798466074507
2025-07-09 01:30:00,-2.2837376950476207,-2.7968523489837573
2025-07-09 02:00:00,-2.2648857204285733,-2.7950456974552065
2025-07-09 02:30:00,-2.248203262809524,-2.79308611087864
2025-07-09 03:00:00,-2.228216507190477,-2.7912136419837807
2025-07-09 03:30:00,-2.2124480405714286,-2.789813281251114
2025-07-09 04:00:00,-2.1919768109523794,-2.7887713101269216
2025-07-09 04:30:00,-2.1790755813333336,-2.787319694167162
2025-07-09 05:00:00,-2.1710201847142865,-2.7869152046045915
2025-07-09 05:30:00,-2.172990183095237,-2.7867689782444147
2025-07-09 06:00:00,-2.17440540047619,-2.788196928280395
2025-07-09 06:30:00,-2.180515836857143,-2.78929086693261
2025-07-09 07:00:00,-2.194346887238096,-2.790931031463682
2025-07-09 07:30:00,-2.204000217619048,-2.793189359916621
2025-07-09 08:00:00,-2.218878198,-2.7959973372412077
2025-07-09 08:30:00,-2.236076309380952,-2.798438227335649
2025-07-09 09:00:00,-2.256503192761904,-2.8014460496143117
2025-07-09 09:30:00,-2.2772814801428565,-2.803736436090669
2025-07-09 10:00:00,-2.2908413025238072,-2.8068318988620735
2025-07-09 10:30:00,-2.308586519904762,-2.8086372973689513
2025-07-09 11:00:00,-2.324847615285716,-2.80961741878622
2025-07-09 11:30:00,-2.333282701666666,-2.808887944821423
2025-07-09 12:00:00,-2.3362391920476187,-2.8082546875485175
2025-07-09 12:30:00,-2.331326779428572,-2.806821343358549
2025-07-09 13:00:00,-2.3262034458095244,-2.80407135396612
2025-07-09 13:30:00,-2.316392568190476,-2.802035583134239
2025-07-09 14:00:00,-2.305517216571427,-2.7991089814715755
2025-07-09 14:30:00,-2.2937255489523807,-2.795787236975282
2025-07-09 15:00:00,-2.278029714333335,-2.7919151602312002
2025-07-09 15:30:00,-2.264154186714286,-2.7879838243436756
2025-07-09 16:00:00,-2.254682650095237,-2.7852852977199967
2025-07-09 16:30:00,-2.245432034476191,-2.7818729333910994
2025-07-09 17:00:00,-2.2374469448571417,-2.7787144330752844
2025-07-09 17:30:00,-2.235369837238096,-2.7768922747339277
2025-07-09 18:00:00,-2.2319568966190486,-2.7760057206265647
2025-07-09 18:30:00,-2.2358328589999994,-2.776462743451979
2025-07-09 19:00:00,-2.244122812380951,-2.7769561263668545
2025-07-09 19:30:00,-2.2484832487619064,-2.778249974141735
2025-07-09 20:00:00,-2.257398290142857,-2.7797258169707995
2025-07-09 20:30:00,-2.263252717523809,-2.781358338624121
2025-07-09 21:00:00,-2.267957013904762,-2.7836575270399777
2025-07-09 21:30:00,-2.2689580642857137,-2.7856462213225726
2025-07-09 22:00:00,-2.269326351666667,-2.7868833802915653
2025-07-09 22:30:00,-2.26448205204762,-2.7880830165867345
2025-07-09 23:00:00,-2.2591708224285707,-2.7890668060443415
2025-07-09 23:30:00,-2.250254066809525,-2.7890422905041525
2025-07-10 00:00:00,-2.238542706190477,-2.7892459416022093
2025-07-10 00:30:00,-2.2264347225714287,-2.7882055481371975
2025-07-10 01:00:00,-2.207844106952381,-2.786411833765698
2025-07-10 01:30:00,-2.188552746333333,-2.7852889857787755
2025-07-10 02:00:00,-2.1664093677142864,-2.7833887981727474
2025-07-10 02:30:00,-2.1448132260952395,-2.7820111445981075
2025-07-10 03:00:00,-2.122027215476192,-2.7808299086565613
2025-07-10 03:30:00,-2.103225678857142,-2.780280888972473
2025-07-10 04:00:00,-2.0806605892380947,-2.7798399640604696
2025-07-10 04:30:00,-2.063204754619048,-2.7802888829815133
2025-07-10 05:00:00,-2.0511572090000003,-2.780817581232384
2025-07-10 05:30:00,-2.050689487380952,-2.7819617981908813
2025-07-10 06:00:00,-2.0495714587619043,-2.7835831103611595
2025-07-10 06:30:00,-2.051900667142857,-2.785272191028729
2025-07-10 07:00:00,-2.0617395685238105,-2.788067889586965
2025-07-10 07:30:00,-2.07424246090476,-2.7909832638487133
2025-07-10 08:00:00,-2.088294432285715,-2.7943855235147
2025-07-10 08:30:00,-2.105414561666666,-2.7976944304976703
2025-07-10 09:00:00,-2.124636226047619,-2.801206498627998
2025-07-10 09:30:00,-2.1442996014285702,-2.804038491340712
2025-07-10 10:00:00,-2.1628808278095235,-2.8075129576380187
2025-07-10 10:30:00,-2.1803570111904755,-2.810115351349158
2025-07-10 11:00:00,-2.1950988965714293,-2.811794627752801
2025-07-10 11:30:00,-2.2082664839523805,-2.8114973350165076
2025-07-10 12:00:00,-2.216254378333334,-2.8113110958705736
2025-07-10 12:30:00,-2.229291351714285,-2.810536478801766
2025-07-10 13:00:00,-2.239117097095237,-2.8084800417275977
2025-07-10 13:30:00,-2.2448805174761906,-2.8059689216766004
2025-07-10 14:00:00,-2.2420773148571422,-2.8031934281203137
2025-07-10 14:30:00,-2.235352270238096,-2.799894261196073
2025-07-10 15:00:00,-2.225169988619048,-2.796236418277492
2025-07-10 15:30:00,-2.215982005,-2.79250322280782
2025-07-10 16:00:00,-2.205122003380952,-2.788954789881496
2025-07-10 16:30:00,-2.2023418257619043,-2.7855950270688004
2025-07-10 17:00:00,-2.1946982711428555,-2.782702039946195
2025-07-10 17:30:00,-2.190371339523809,-2.7800778219218314
2025-07-10 18:00:00,-2.1882690129047604,-2.7783377960698914
2025-07-10 18:30:00,-2.188707607285713,-2.7757359607854437
2025-07-10 19:00:00,-2.189638350666668,-2.7736823099191437
2025-07-10 19:30:00,-2.1956004980476203,-2.7723221214006553
2025-07-10 20:00:00,-2.200179530428572,-2.7724242567353263
2025-07-10 20:30:00,-2.207432422809525,-2.7731958743676812
2025-07-10 21:00:00,-2.214238254190477,-2.7745576683718363
2025-07-10 21:30:00,-2.217755006571429,-2.7757497833663045
2025-07-10 22:00:00,-2.2215102239523823,-2.7772273463633343
2025-07-10 22:30:00,-2.221870836333333,-2.7773257654986656
2025-07-10 23:00:00,-2.220735132714286,-2.7782543818524403
2025-07-10 23:30:00,-2.217595745095238,-2.778616909325434
2025-07-11 00:00:00,-2.2115814454761904,-2.7785997499882766
2025-07-11 00:30:00,-2.200994996857143,-2.7781489101863124
2025-07-11 01:00:00,-2.1882367062380954,-2.7776141052346377
2025-07-11 01:30:00,-2.169726266619048,-2.7762205064384684
2025-07-11 02:00:00,-2.149872450000001,-2.775063040801249
2025-07-11 02:30:00,-2.1275632383809526,-2.773449202476088
2025-07-11 03:00:00,-2.107109552761905,-2.771911717390517
2025-07-11 03:30:00,-2.0851595511428576,-2.770935704096172
2025-07-11 04:00:00,-2.059428321523807,-2.7699190280405657
2025-07-11 04:30:00,-2.0408477059047616,-2.76948183649165
2025-07-11 05:00:00,-2.027040160285714,-2.769300100768695
2025-07-11 05:30:00,-2.0191253776666667,-2.769460426087187
2025-07-11 06:00:00,-2.017048270047619,-2.7701115267884147
2025-07-11 06:30:00,-2.0175396274285697,-2.771543112915178
2025-07-11 07:00:00,-2.023745589809524,-2.773345463774588
2025-07-11 07:30:00,-2.032449710190475,-2.776129720259263
2025-07-11 08:00:00,-2.043202602571429,-2.7791433265182133
2025-07-11 08:30:00,-2.061246722952381,-2.7825760985759267
2025-07-11 09:00:00,-2.083413606333334,-2.7856921832710064
2025-07-11 09:30:00,-2.1031549637142843,-2.789063723641171
2025-07-11 10:00:00,-2.12511312009524,-2.7930807429877222
2025-07-11 10:30:00,-2.1407514524761897,-2.795877229291576
2025-07-11 11:00:00,-2.160663030857143,-2.7978590176850937
2025-07-11 11:30:00,-2.1754752232380965,-2.7988349820353546
2025-07-11 12:00:00,-2.193154652619046,-2.7988145255858
2025-07-11 12:30:00,-2.211730398000001,-2.798355686499175
2025-07-11 13:00:00,-2.232698906380953,-2.7969214340437154
2025-07-11 13:30:00,-2.240546186761904,-2.7950607999966697
2025-07-11 14:00:00,-2.244840835142857,-2.7928504923447917
2025-07-11 14:30:00,-2.242522106523809,-2.789395649460224
2025-07-11 15:00:00,-2.235445526904762,-2.7852371128281637
2025-07-11 15:30:00,-2.228981841285713,-2.781492643374551
2025-07-11 16:00:00,-2.219098462666666,-2.7773698189012497
2025-07-11 16:30:00,-2.214683680047619,-2.7743257992319434
2025-07-11 17:00:00,-2.207208283428572,-2.7705523990770375
2025-07-11 17:30:00,-2.1992131938095247,-2.7676494809114827
2025-07-11 18:00:00,-2.194753323190476,-2.7642571811141297
2025-07-11 18:30:00,-2.190338540571429,-2.760711926262649
2025-07-11 19:00:00,-2.192245906952381,-2.756758280161314
2025-07-11 19:30:00,-2.190793887333333,-2.7550444052556653
2025-07-11 20:00:00,-2.196404499714284,-2.753936988962274
2025-07-11 20:30:00,-2.199296164095237,-2.7539584854903034
2025-07-11 21:00:00,-2.203515986476191,-2.754792165613779
2025-07-11 21:30:00,-2.208511379857144,-2.7555212694014153
2025-07-11 22:00:00,-2.2138484392380966,-2.756834139742833
2025-07-11 22:30:00,-2.218509972619048,-2.7572135891353415
2025-07-11 23:00:00,-2.222925366000001,-2.7581155120409724
2025-07-11 23:30:00,-2.220903215380952,-2.759106185656843
2025-07-12 00:00:00,-2.216006152761905,-2.759493456314874
2025-07-12 00:30:00,-2.210026941142857,-2.7598730723165255
2025-07-12 01:00:00,-2.1991592645238103,-2.7591735700185236
2025-07-12 01:30:00,-2.186699745904761,-2.7590475401294587
2025-07-12 02:00:00,-2.168726543285715,-2.757715995101495
2025-07-12 02:30:00,-2.1497416296666656,-2.7568486028358743
2025-07-12 03:00:00,-2.128627637047618,-2.7557545421107217
2025-07-12 03:30:00,-2.1100546964285707,-2.75452813682182
2025-07-12 04:00:00,-2.0847376338095223,-2.753243452427534
2025-07-12 04:30:00,-2.0614716681904763,-2.7520741186267736
2025-07-12 05:00:00,-2.040006140571429,-2.7509468413228992
2025-07-12 05:30:00,-2.022681050952382,-2.750918462918265
2025-07-12 06:00:00,-2.0005454783333327,-2.75138085953538
2025-07-12 06:30:00,-1.9913705197142848,-2.752028015286192
2025-07-12 07:00:00,-1.9871743330952396,-2.753509649706764
2025-07-12 07:30:00,-1.9899253834761907,-2.7552630453560183
2025-07-12 08:00:00,-1.9942858198571425,-2.7579576414936864
2025-07-12 08:30:00,-2.0020231862380937,-2.7608249733239236
2025-07-12 09:00:00,-2.0151688416190474,-2.7640557700993824
2025-07-12 09:30:00,-2.028788971,-2.76685286327537
2025-07-12 10:00:00,-2.0451983553809496,-2.7708011866748814
2025-07-12 10:30:00,-2.0626119067619038,-2.774399439389826
2025-07-12 11:00:00,-2.0844317741428577,-2.7776904076819484
2025-07-12 11:30:00,-2.0992867295238087,-2.7802746649815484
2025-07-12 12:00:00,-2.1071416849047626,-2.783680089757939
2025-07-12 12:30:00,-2.113389579285715,-2.78487324259114
2025-07-12 13:00:00,-2.112469315666668,-2.7852165849007986
2025-07-12 13:30:00,-2.1086818150476194,-2.7843741093261345
2025-07-12 14:00:00,-2.102308305428571,-2.7832569609435693
2025-07-12 14:30:00,-2.0923644888095234,-2.78156342862518
2025-07-12 15:00:00,-2.0807837421904765,-2.7789467693117365
2025-07-12 15:30:00,-2.071173916571429,-2.7762491611088835
2025-07-12 16:00:00,-2.0588451429523813,-2.7730754822070027
2025-07-12 16:30:00,-2.042865755333331,-2.7697304383998196
2025-07-12 17:00:00,-2.027722507714286,-2.765633299473794
2025-07-12 17:30:00,-2.008506804095238,-2.7627250784757713
2025-07-12 18:00:00,-1.9944280304761897,-2.7610117647512604
2025-07-12 18:30:00,-1.987831405857142,-2.75957280996218
2025-07-12 19:00:00,-1.978746623238096,-2.7593574661862226
2025-07-12 19:30:00,-1.9721599986190483,-2.7596315872215103
2025-07-12 20:00:00,-1.970981532,-2.760347168818106
2025-07-12 20:30:00,-1.9723967493809529,-2.761672225829993
2025-07-12 21:00:00,-1.975772887761904,-2.7632767402465435
2025-07-12 21:30:00,-1.977461658142856,-2.7645448695280375
2025-07-12 22:00:00,-1.9826053405238089,-2.7662771513900295
2025-07-12 22:30:00,-1.987520557904762,-2.7686326166613036
2025-07-12 23:00:00,-1.9906857752857143,-2.770845398355
2025-07-12 23:30:00,-1.9936323966666667,-2.7737533698167196
2025-07-13 00:00:00,-1.9955320880476195,-2.775784533855435
2025-07-13 00:30:00,-1.993017788428571,-2.7765385730436876
2025-07-13 01:00:00,-1.985737962809524,-2.777717370059558
2025-07-13 01:30:00,-1.978518575190476,-2.7784697851240177
2025-07-13 02:00:00,-1.9649792325714288,-2.7782990954528413
2025-07-13 02:30:00,-1.9522889239523815,-2.7776857179996406
2025-07-13 03:00:00,-1.9368040103333328,-2.7767376623117634
2025-07-13 03:30:00,-1.9156197107142856,-2.7760776734886936
2025-07-13 04:00:00,-1.8979706300952384,-2.7748279894587586
2025-07-13 04:30:00,-1.874825409476191,-2.773617344671578
2025-07-13 05:00:00,-1.8568775568571407,-2.7727054577117136
2025-07-13 05:30:00,-1.836906020238096,-2.7718309253953164
2025-07-13 06:00:00,-1.821340930619048,-2.771135140283733
2025-07-13 06:30:00,-1.8038125950000008,-2.7711928432311392
2025-07-13 07:00:00,-1.7956418033809518,-2.77206403953957
2025-07-13 07:30:00,-1.785605616761904,-2.772924960732807
2025-07-13 08:00:00,-1.7774875881428565,-2.774864708712083
2025-07-13 08:30:00,-1.7735824985238091,-2.7766595720834113
2025-07-13 09:00:00,-1.7710132419047608,-2.7789315022140055
2025-07-13 09:30:00,-1.7710124502857156,-2.78217633102108
2025-07-13 10:00:00,-1.7767888956666669,-2.78481775655356
2025-07-13 10:30:00,-1.77630582404762,-2.7883973876543244
2025-07-13 11:00:00,-1.7786196824285718,-2.7910898947594642
2025-07-13 11:30:00,-1.7792538478095237,-2.794127876153442
2025-07-13 12:00:00,-1.7791772681904765,-2.7964137398922757
2025-07-13 12:30:00,-1.7775011715714284,-2.7990347614394913
2025-07-13 13:00:00,-1.7748309079523803,-2.800058537259141
2025-07-13 13:30:00,-1.7679652493333344,-2.8014007681904456
2025-07-13 14:00:00,-1.759964809714287,-2.802415620220911
2025-07-13 14:30:00,-1.747065905095238,-2.8027113854432146
2025-07-13 15:00:00,-1.7324696324761903,-2.8027791717873187
2025-07-13 15:30:00,-1.7204144118571425,-2.8024085749897654
2025-07-13 16:00:00,-1.7031718232380948,-2.8010518733459637
2025-07-13 16:30:00,-1.6874033566190485,-2.8007636819387423
2025-07-13 17:00:00,-1.670447477,-2.7999981095170234
2025-07-13 17:30:00,-1.6568508523809529,-2.799519293746261
2025-07-13 18:00:00,-1.6437465077619051,-2.799161839933249
2025-07-13 18:30:00,-1.631063874142857,-2.7990774571106023
2025-07-13 19:00:00,-1.622383389523811,-2.7991628149869117
2025-07-13 19:30:00,-1.6152343089047616,-2.799964347533645
2025-07-13 20:00:00,-1.6086025962857151,-2.8009596228928055
2025-07-13 20:30:00,-1.6049435156666665,-2.8027910835264924
2025-07-13 21:00:00,-1.6058665840476176,-2.804912317815112
2025-07-13 21:30:00,-1.608547327428571,-2.80659984817209
2025-07-13 22:00:00,-1.6104546938095234,-2.8091728781201297
2025-07-13 22:30:00,-1.6155380691904777,-2.811494323864549
2025-07-13 23:00:00,-1.6203126725714283,-2.8140184964190547
2025-07-13 23:30:00,-1.6259935919523807,-2.8159693017697993
2025-07-14 00:00:00,-1.6277625383333336,-2.8178361185345597
2025-07-14 00:30:00,-1.630154378714286,-2.8196309924921965
2025-07-14 01:00:00,-1.6277103860952389,-2.8207427603681583
2025-07-14 01:30:00,-1.6258288494761906,-2.821593166255494
2025-07-14 02:00:00,-1.6163596378571423,-2.8223553011394946
2025-07-14 02:30:00,-1.6069507332380943,-2.82261006344899
2025-07-14 03:00:00,-1.5948252056190468,-2.8220827164927704
2025-07-14 03:30:00,-1.577793538,-2.8212553841756063
2025-07-14 04:00:00,-1.5592127913809513,-2.820560104700746
2025-07-14 04:30:00,-1.5406168257619046,-2.8193227371729908
2025-07-14 05:00:00,-1.5273794111428567,-2.818138116675273
2025-07-14 05:30:00,-1.5176443215238098,-2.8167988336192153
2025-07-14 06:00:00,-1.5096592319047626,-2.8161273463868564
2025-07-14 06:30:00,-1.5081445802857143,-2.815349575337387
2025-07-14 07:00:00,-1.5047040956666666,-2.8153972984897977
2025-07-14 07:30:00,-1.5055722070476187,-2.8153490542871924
2025-07-14 08:00:00,-1.5144092664285709,-2.8165960302591957
2025-07-14 08:30:00,-1.5213909308095228,-2.817832753247457
2025-07-14 09:00:00,-1.5371752271904753,-2.819533231628288
2025-07-14 09:30:00,-1.549185970571429,-2.822071205249431
2025-07-14 10:00:00,-1.5673728989523803,-2.8248736401986605
2025-07-14 10:30:00,-1.5850324593333318,-2.8276787140649584
2025-07-14 11:00:00,-1.6063601777142846,-2.8295691505649154
2025-07-14 11:30:00,-1.6237034220952384,-2.830861798401278
2025-07-14 12:00:00,-1.6427789914761894,-2.8318557708838297
2025-07-14 12:30:00,-1.6636771928571434,-2.8317453123089047
2025-07-14 13:00:00,-1.6875909202380943,-2.8319636251013125
2025-07-14 13:30:00,-1.702877586619047,-2.8314465226921546
2025-07-14 14:00:00,-1.7146643840000009,-2.8295692008776108
2025-07-14 14:30:00,-1.7193708743809502,-2.8280086269942903
2025-07-14 15:00:00,-1.714536443761904,-2.8249455279116265
2025-07-14 15:30:00,-1.709639381142857,-2.8225265969481184
2025-07-14 16:00:00,-1.7017169235238103,-2.8190534624442836
2025-07-14 16:30:00,-1.6927375359047627,-2.815670388134193
2025-07-14 17:00:00,-1.6816742882857127,-2.8116612182274805
2025-07-14 17:30:00,-1.669626742666667,-2.8083322196056244
2025-07-14 18:00:00,-1.6578504250476178,-2.8047075626112123
2025-07-14 18:30:00,-1.6452480984285724,-2.8007718322760793
2025-07-14 19:00:00,-1.636407130809524,-2.79632140741921
2025-07-14 19:30:00,-1.6254141901904753,-2.793343620742749
2025-07-14 20:00:00,-1.618774802571428,-2.790963285622934
2025-07-14 20:30:00,-1.6136646249523787,-2.7897915653251624
2025-07-14 21:00:00,-1.612634447333334,-2.7902484746303085
2025-07-14 21:30:00,-1.609678436714287,-2.7907161159193516
2025-07-14 22:00:00,-1.6081561100952375,-2.7917002183536015
2025-07-14 22:30:00,-1.6087979504761905,-2.7928647745723514
2025-07-14 23:00:00,-1.609713343857143,-2.794385076503705
2025-07-14 23:30:00,-1.6129687372380954,-2.7960734342829614
2025-07-15 00:00:00,-1.6136655346190478,-2.7977155357527748
2025-07-15 00:30:00,-1.6142217179999996,-2.79949867390258
2025-07-15 01:00:00,-1.614363734380952,-2.800639807427447
2025-07-15 01:30:00,-1.6121229877619048,-2.8021483131983516
2025-07-15 02:00:00,-1.6055385571428555,-2.802913729713286
2025-07-15 02:30:00,-1.5999384245238102,-2.803418158515985
2025-07-15 03:00:00,-1.591162282904761,-2.803226192213911
2025-07-15 03:30:00,-1.5769352202857154,-2.803362997146717
2025-07-15 04:00:00,-1.5616612276666673,-2.8032551201749976
2025-07-15 04:30:00,-1.5464398670476185,-2.802777871415766
2025-07-15 05:00:00,-1.5324237254285702,-2.8022539694353434
2025-07-15 05:30:00,-1.523575082809524,-2.8013306818244406
2025-07-15 06:00:00,-1.5153339841904765,-2.800844174977581
2025-07-15 06:30:00,-1.5083408675714265,-2.8003817111788334
2025-07-15 07:00:00,-1.5068713039523804,-2.799989984583962
2025-07-15 07:30:00,-1.502481740333333,-2.8000050249056114
2025-07-15 08:00:00,-1.5050218697142854,-2.8007615517714344
2025-07-15 08:30:00,-1.5113432270952392,-2.8013501046858873
2025-07-15 09:00:00,-1.523072742476191,-2.802480827719016
2025-07-15 09:30:00,-1.534302433857144,-2.804542037227785
2025-07-15 10:00:00,-1.5475030462380954,-2.806781993465058
2025-07-15 10:30:00,-1.566357825619048,-2.8090130065661465
2025-07-15 11:00:00,-1.5812403249999991,-2.811038335557979
2025-07-15 11:30:00,-1.598354973380952,-2.812181638602599
2025-07-15 12:00:00,-1.6141437887619052,-2.813221277730682
2025-07-15 12:30:00,-1.6361592271428564,-2.814047933300726
2025-07-15 13:00:00,-1.660223437523808,-2.813931786232043
2025-07-15 13:30:00,-1.6779456299047617,-2.814314109755814
2025-07-15 14:00:00,-1.6882108922857135,-2.813513609405187
2025-07-15 14:30:00,-1.6942279966666671,-2.8120677127654115
2025-07-15 15:00:00,-1.6957080400476192,-2.8096987108313076
2025-07-15 15:30:00,-1.6943812844285708,-2.807415067255011
2025-07-15 16:00:00,-1.6899686958095246,-2.80479503793434
2025-07-15 16:30:00,-1.6833743961904777,-2.8012099107715778
2025-07-15 17:00:00,-1.6722934735714288,-2.7983028732232254
2025-07-15 17:30:00,-1.6660056209523817,-2.7950148595738087
2025-07-15 18:00:00,-1.6511359263333327,-2.7919531999592824
2025-07-15 18:30:00,-1.6465277667142857,-2.78782872704272
2025-07-15 19:00:00,-1.6347591240952384,-2.7833545795692447
2025-07-15 19:30:00,-1.6278286394761894,-2.7799630243837816
2025-07-15 20:00:00,-1.6236950848571428,-2.7778443715119128
2025-07-15 20:30:00,-1.6239227582380953,-2.7764508992491
2025-07-15 21:00:00,-1.6254082826190477,-2.77583192192111
2025-07-15 21:30:00,-1.6274485879999998,-2.775692092255323
2025-07-15 22:00:00,-1.6276762613809537,-2.7760790399874353
2025-07-15 22:30:00,-1.6318884087619034,-2.7768384359057054
2025-07-15 23:00:00,-1.636813495142858,-2.77836371722051
2025-07-15 23:30:00,-1.6408147215238085,-2.7790708856795683
2025-07-16 00:00:00,-1.646364895904763,-2.781242973397149
2025-07-16 00:30:00,-1.649936605285715,-2.7816635079973198
2025-07-16 01:00:00,-1.6517232266666666,-2.783306342811434
2025-07-16 01:30:00,-1.6565604620476178,-2.7841233684503806
2025-07-16 02:00:00,-1.6546712504285706,-2.7844630125542906
2025-07-16 02:30:00,-1.650610196809524,-2.7840582570943293
2025-07-16 03:00:00,-1.6444980461904768,-2.7834388333544924
2025-07-16 03:30:00,-1.63939773757143,-2.7827247519435314
2025-07-16 04:00:00,-1.6267877359523804,-2.7823201186871005
2025-07-16 04:30:00,-1.6166934363333327,-2.7812353959153624
2025-07-16 05:00:00,-1.6084094437142862,-2.7800290186611702
2025-07-16 05:30:00,-1.601848038095236,-2.7789803805106947
2025-07-16 06:00:00,-1.5984878604761914,-2.7776673852177494
2025-07-16 06:30:00,-1.591416761857141,-2.776692144939383
2025-07-16 07:00:00,-1.590105356238095,-2.7760216511621447
2025-07-16 07:30:00,-1.5866924156190487,-2.7748304731808764
2025-07-16 08:00:00,-1.585986228999999,-2.7747875075258825
2025-07-16 08:30:00,-1.5903543403809517,-2.77511530537626
2025-07-16 09:00:00,-1.5986641627619056,-2.7757932561460272
2025-07-16 09:30:00,-1.6078527571428574,-2.776298531111112
2025-07-16 10:00:00,-1.6206292025238087,-2.77808571464904
2025-07-16 10:30:00,-1.6328355169047637,-2.7794435208201858
2025-07-16 11:00:00,-1.649124156285715,-2.780492357099445
2025-07-16 11:30:00,-1.663354023666667,-2.781247196857626
2025-07-16 12:00:00,-1.6803380580476197,-2.781455643297221
2025-07-16 12:30:00,-1.7006814784285722,-2.7822975664701954
2025-07-16 13:00:00,-1.7232066098095231,-2.78215637884256
2025-07-16 13:30:00,-1.7402257321904766,-2.7823739536136873
2025-07-16 14:00:00,-1.7525925295714262,-2.7821295393435648
2025-07-16 14:30:00,-1.7614317829523822,-2.7810190078364165
2025-07-16 15:00:00,-1.762831650333333,-2.7792356861539713
2025-07-16 15:30:00,-1.763465815714285,-2.777302403011247
2025-07-16 16:00:00,-1.7655061210952392,-2.7747567318569604
2025-07-16 16:30:00,-1.7609682684761914,-2.772308419895049
2025-07-16 17:00:00,-1.7569050208571428,-2.7691633156170914
2025-07-16 17:30:00,-1.7493593172380957,-2.7663696742665778
2025-07-16 18:00:00,-1.7395439206190475,-2.7631059506712234
2025-07-16 18:30:00,-1.7261506730000007,-2.759268836900749
2025-07-16 19:00:00,-1.715921109380952,-2.755059356318155
2025-07-16 19:30:00,-1.7042954057619046,-2.751789765155104
2025-07-16 20:00:00,-1.690568167142858,-2.7493143437200023
2025-07-16 20:30:00,-1.6764793935238096,-2.747441097388129
2025-07-16 21:00:00,-1.6666739969047617,-2.746837758468251
2025-07-16 21:30:00,-1.656938907285713,-2.746365161709545
2025-07-16 22:00:00,-1.6443892126666668,-2.7456525842913004
2025-07-16 22:30:00,-1.6379355270476192,-2.746062906860488
2025-07-16 23:00:00,-1.6315773674285723,-2.746392257233444
2025-07-16 23:30:00,-1.6269439888095238,-2.747316086381262
2025-07-17 00:00:00,-1.6216953911904752,-2.7486273815817723
2025-07-17 00:30:00,-1.6224075385714278,-2.7505494390084446
2025-07-17 01:00:00,-1.6198229319523811,-2.7519315115763305
2025-07-17 01:30:00,-1.6173086323333326,-2.7535519389550833
2025-07-17 02:00:00,-1.6157006487142855,-2.7555311286196154
2025-07-17 02:30:00,-1.610283893095236,-2.757572071068325
2025-07-17 03:00:00,-1.60650406747619,-2.7588819025167344
2025-07-17 03:30:00,-1.600341478857142,-2.760179773421192
2025-07-17 04:00:00,-1.5906690212380958,-2.7619581241577995
2025-07-17 04:30:00,-1.582545511619048,-2.762695956456017
2025-07-17 05:00:00,-1.5772793699999987,-2.7634175234366896
2025-07-17 05:30:00,-1.5761788853809513,-2.7638447192285382
2025-07-17 06:00:00,-1.5716837957619052,-2.764376970392104
2025-07-17 06:30:00,-1.5714896271428558,-2.7638917920030424
2025-07-17 07:00:00,-1.56582686252381,-2.7639693938972414
2025-07-17 07:30:00,-1.5640760709047634,-2.764035035211414
2025-07-17 08:00:00,-1.5643817262857147,-2.7639460132901026
2025-07-17 08:30:00,-1.5699297066666666,-2.7645071706090363
2025-07-17 09:00:00,-1.5757061520476197,-2.7647889524439875
2025-07-17 09:30:00,-1.5811761504285713,-2.765477500742393
2025-07-17 10:00:00,-1.588072157809524,-2.7667652069860846
2025-07-17 10:30:00,-1.5979583411904772,-2.7677885558297337
2025-07-17 11:00:00,-1.6093209715714292,-2.7683242063687326
2025-07-17 11:30:00,-1.6212483829523805,-2.768148840059532
2025-07-17 12:00:00,-1.6327461463333344,-2.768552956676067
2025-07-17 12:30:00,-1.6507694357142857,-2.7682229675315964
2025-07-17 13:00:00,-1.6705427250952385,-2.768826481432519
2025-07-17 13:30:00,-1.6877200054761912,-2.768762281086348
2025-07-17 14:00:00,-1.7026025048571427,-2.768347095709326
2025-07-17 14:30:00,-1.7102366702380944,-2.76703711149088
2025-07-17 15:00:00,-1.7182475896190472,-2.7656881698271256
2025-07-17 15:30:00,-1.724081317000001,-2.7643915775779937
2025-07-17 16:00:00,-1.724793464380953,-2.762851612965831
2025-07-17 16:30:00,-1.7240214897619048,-2.7608012803229
2025-07-17 17:00:00,-1.7227100841428566,-2.7584989657878176
2025-07-17 17:30:00,-1.7161134595238108,-2.75610028628722
2025-07-17 18:00:00,-1.713255299904761,-2.7537749859874023
2025-07-17 18:30:00,-1.7019184992857137,-2.75033585067013
2025-07-17 19:00:00,-1.6930974006666657,-2.746598039282398
2025-07-17 19:30:00,-1.6787098550476185,-2.7433033943182354
2025-07-17 20:00:00,-1.6660998534285725,-2.740400497625568
2025-07-17 20:30:00,-1.6537687548095243,-2.7387348964903206
2025-07-17 21:00:00,-1.6398382701904777,-2.73700502564815
2025-07-17 21:30:00,-1.6283959435714292,-2.735646831196317
2025-07-17 22:00:00,-1.615082871952381,-2.735162905773497
2025-07-17 22:30:00,-1.604363484333334,-2.7349323530698744
2025-07-17 23:00:00,-1.5938648867142853,-2.734793918943708
2025-07-17 23:30:00,-1.5837605870952378,-2.7355576862107185
2025-07-18 00:00:00,-1.5749164634761894,-2.7356833561039275
2025-07-18 00:30:00,-1.5689021638571417,-2.737256328911338
2025-07-18 01:00:00,-1.5623078642380948,-2.7383999240047525
2025-07-18 01:30:00,-1.5585983456190484,-2.7404937247186965
2025-07-18 02:00:00,-1.5548185199999986,-2.742284147673085
2025-07-18 02:30:00,-1.5508354483809528,-2.7440270035586756
2025-07-18 03:00:00,-1.5447859297619062,-2.746042907124588
2025-07-18 03:30:00,-1.540724876142856,-2.747634134580261
2025-07-18 04:00:00,-1.5365385585238105,-2.7495447293625217
2025-07-18 04:30:00,-1.532256714904762,-2.751012635253046
2025-07-18 05:00:00,-1.531570397285713,-2.7524428936574536
2025-07-18 05:30:00,-1.5332745176666671,-2.753805887603546
2025-07-18 06:00:00,-1.5371428050476192,-2.75495381594355
2025-07-18 06:30:00,-1.5399641624285705,-2.7556187474298284
2025-07-18 07:00:00,-1.5405510458095235,-2.756382722351805
2025-07-18 07:30:00,-1.546028719190476,-2.756654319519748
2025-07-18 08:00:00,-1.5473813045714282,-2.7569379580100573
2025-07-18 08:30:00,-1.5516011269523806,-2.757256329855911
2025-07-18 09:00:00,-1.5589869583333336,-2.7579274743585653
2025-07-18 09:30:00,-1.5615270877142864,-2.7582592378504027
2025-07-18 10:00:00,-1.5659501560952385,-2.7586124235380147
2025-07-18 10:30:00,-1.5645607684761915,-2.7589819552856434
2025-07-18 11:00:00,-1.5685466448571423,-2.758737788549586
2025-07-18 11:30:00,-1.568497609238095,-2.7580856259580218
2025-07-18 12:00:00,-1.571868266619047,-2.7570640908604473
2025-07-18 12:30:00,-1.5783797139999995,-2.7562213018185173
2025-07-18 13:00:00,-1.587283924380953,-2.755759966785344
2025-07-18 13:30:00,-1.5924045817619048,-2.7544638380108974
2025-07-18 14:00:00,-1.6015953701428574,-2.753871881807132
2025-07-18 14:30:00,-1.6014484835238103,-2.7527905424616814
2025-07-18 15:00:00,-1.6019420349047613,-2.751168821049687
2025-07-18 15:30:00,-1.6027168142857142,-2.7503742774832993
2025-07-18 16:00:00,-1.6077023386666671,-2.7492583656203986
2025-07-18 16:30:00,-1.6061800120476184,-2.7491346517776876
2025-07-18 17:00:00,-1.6078841324285724,-2.7480934468180673
2025-07-18 17:30:00,-1.6074240858095243,-2.7477410217952674
2025-07-18 18:00:00,-1.6043528111904772,-2.746804912059963
2025-07-18 18:30:00,-1.600648773571428,-2.745332724986857
2025-07-18 19:00:00,-1.5935050429523814,-2.7434521451249694
2025-07-18 19:30:00,-1.5848948653333326,-2.7422174394290364
2025-07-18 20:00:00,-1.5760913107142869,-2.7402880224146253
2025-07-18 20:30:00,-1.566266045095238,-2.739952541041129
2025-07-18 21:00:00,-1.5538746394761902,-2.739507780175329
2025-07-18 21:30:00,-1.5409910848571424,-2.73901505520439
2025-07-18 22:00:00,-1.5245799862380944,-2.737803616774435
2025-07-18 22:30:00,-1.5102353346190474,-2.7377030768393045
2025-07-18 23:00:00,-1.4954962539999994,-2.737051838294821
2025-07-18 23:30:00,-1.4817690153809528,-2.7367700526038394
2025-07-19 00:00:00,-1.4700553297619037,-2.736934030889926
2025-07-19 00:30:00,-1.4594062491428577,-2.73720605884134
2025-07-19 01:00:00,-1.4507279585238098,-2.738065265687903
2025-07-19 01:30:00,-1.4418991849047609,-2.739174827975671
2025-07-19 02:00:00,-1.435576113285715,-2.7403174388723284
2025-07-19 02:30:00,-1.4297024276666668,-2.7416344909393664
2025-07-19 03:00:00,-1.4219832160476198,-2.7433896106554125
2025-07-19 03:30:00,-1.4163204514285703,-2.7452287778873377
2025-07-19 04:00:00,-1.4126965898095238,-2.7476701197240203
2025-07-19 04:30:00,-1.4119927281904747,-2.7497587692336256
2025-07-19 05:00:00,-1.4082282525714287,-2.7519147859192525
2025-07-19 05:30:00,-1.4054403999523806,-2.7538981261888065
2025-07-19 06:00:00,-1.398843775333333,-2.7555378028652195
2025-07-19 06:30:00,-1.3954132907142849,-2.756995796730376
2025-07-19 07:00:00,-1.3945237270952382,-2.7581174264286
2025-07-19 07:30:00,-1.3974780234761912,-2.75926478289044
2025-07-19 08:00:00,-1.400025827857143,-2.7599844683119965
2025-07-19 08:30:00,-1.4028471852380942,-2.7606274857813498
2025-07-19 09:00:00,-1.405254375619048,-2.7615855655578243
2025-07-19 09:30:00,-1.4108023560000005,-2.762192659913753
2025-07-19 10:00:00,-1.4133348103809518,-2.762451763519745
2025-07-19 10:30:00,-1.4179709937619052,-2.7622124774191277
2025-07-19 11:00:00,-1.4271717821428571,-2.7624956631915945
2025-07-19 11:30:00,-1.4299074825238085,-2.7626121842056808
2025-07-19 12:00:00,-1.4346139729047618,-2.7633788839984943
2025-07-19 12:30:00,-1.4324358582857133,-2.763605179171696
2025-07-19 13:00:00,-1.4331952876666665,-2.7633977915488552
2025-07-19 13:30:00,-1.4303141030476176,-2.7625343158053295
2025-07-19 14:00:00,-1.4318644534285727,-2.7617402662527413
2025-07-19 14:30:00,-1.429826952809523,-2.760899562528335
2025-07-19 15:00:00,-1.4289419081904755,-2.760129595070954
2025-07-19 15:30:00,-1.4367166875714283,-2.758823550088364
2025-07-19 16:00:00,-1.4436730019523811,-2.7580322806330564
2025-07-19 16:30:00,-1.443486508333333,-2.7568819548884997
2025-07-19 17:00:00,-1.4458080417142871,-2.754952513342683
2025-07-19 17:30:00,-1.4477077330952364,-2.7541266706871155
2025-07-19 18:00:00,-1.4472323364761903,-2.7529644637666113
2025-07-19 18:30:00,-1.4465536938571428,-2.7529774652292924
2025-07-19 19:00:00,-1.443193516238096,-2.7524890822346073
2025-07-19 19:30:00,-1.4399914966190472,-2.7526221742030224
2025-07-19 20:00:00,-1.432418249,-2.7519988647422062
2025-07-19 20:30:00,-1.4231676333809518,-2.751988023849335
2025-07-19 21:00:00,-1.4086746927619045,-2.751780504279663
2025-07-19 21:30:00,-1.3949275851428564,-2.750094834997631
2025-07-19 22:00:00,-1.385551705523809,-2.7485489136132477
2025-07-19 22:30:00,-1.370531396904763,-2.7482222745668086
2025-07-19 23:00:00,-1.353929246285715,-2.747467567480399
2025-07-19 23:30:00,-1.3362624906666656,-2.7467849066703964
2025-07-20 00:00:00,-1.3184651210476177,-2.7465077016795685
2025-07-20 00:30:00,-1.3016948124285723,-2.7462652296872787
2025-07-20 01:00:00,-1.287545731809524,-2.746480522510654
2025-07-20 01:30:00,-1.2770295901904765,-2.7466688584269683
2025-07-20 02:00:00,-1.2635582295714287,-2.74760338148809
2025-07-20 02:30:00,-1.251354719952381,-2.7488242629517465
2025-07-20 03:00:00,-1.2468794993333334,-2.750940023552412
2025-07-20 03:30:00,-1.2370037957142856,-2.7529285139775626
2025-07-20 04:00:00,-1.2330910310952394,-2.754170897012587
2025-07-20 04:30:00,-1.2283850204761906,-2.7563767963591284
2025-07-20 05:00:00,-1.2274801068571422,-2.7588527482646175
2025-07-20 05:30:00,-1.226783920238094,-2.761510462896314
2025-07-20 06:00:00,-1.2229491376190464,-2.7641905125502415
2025-07-20 06:30:00,-1.2226066799999988,-2.766695287756709
2025-07-20 07:00:00,-1.2194046603809516,-2.768752671994645
2025-07-20 07:30:00,-1.217952640761904,-2.7701899711358737
2025-07-20 08:00:00,-1.216912594142859,-2.772131751552005
2025-07-20 08:30:00,-1.2105422405238082,-2.77385715582661
2025-07-20 09:00:00,-1.2074731599047632,-2.7742634187590745
2025-07-20 09:30:00,-1.2011051312857153,-2.7755915575685917
2025-07-20 10:00:00,-1.190378068666667,-2.7759018916453106
2025-07-20 10:30:00,-1.1851722340476198,-2.7763476687486426
2025-07-20 11:00:00,-1.1711110044285715,-2.7761446569753705
2025-07-20 11:30:00,-1.1593293368095248,-2.7759060563251183
2025-07-20 12:00:00,-1.1465556961904768,-2.776203238472088
2025-07-20 12:30:00,-1.1351980645714286,-2.7759043376006725
2025-07-20 13:00:00,-1.12143012595238,-2.7760935897773806
2025-07-20 13:30:00,-1.1099143363333324,-2.7759841652900707
2025-07-20 14:00:00,-1.1003143797142845,-2.775804458804636
2025-07-20 14:30:00,-1.092939028095237,-2.776534649451672
2025-07-20 15:00:00,-1.084190430476191,-2.776701368700955
2025-07-20 15:30:00,-1.082100166857144,-2.7774312420192566
2025-07-20 16:00:00,-1.0782324902380944,-2.778905220901994
2025-07-20 16:30:00,-1.077124330619048,-2.779436792903518
2025-07-20 17:00:00,-1.0776255569999995,-2.781479977310818
2025-07-20 17:30:00,-1.0802359933809518,-2.7831340913731033
2025-07-20 18:00:00,-1.0829793687619045,-2.784957570123338
2025-07-20 18:30:00,-1.084535200142856,-2.7865393827968568
2025-07-20 19:00:00,-1.0827239705238094,-2.7885326628322593
2025-07-20 19:30:00,-1.0823968629047618,-2.7901415517700867
2025-07-20 20:00:00,-1.0832496242857137,-2.791423457103631
2025-07-20 20:30:00,-1.077918525666667,-2.7923256729569537
2025-07-20 21:00:00,-1.0731697520476202,-2.7934623349096035
2025-07-20 21:30:00,-1.0639268114285712,-2.793462491499327
2025-07-20 22:00:00,-1.052434046809522,-2.7937660835113793
2025-07-20 22:30:00,-1.0409236071904764,-2.793598679161093
2025-07-20 23:00:00,-1.0258682105714263,-2.7931566001853687
2025-07-20 23:30:00,-1.0103756219523818,-2.79235452906549
2025-07-21 00:00:00,-0.9931834713333328,-2.7915298055992337
2025-07-21 00:30:00,-0.9757376367142856,-2.7909078297774355
2025-07-21 01:00:00,-0.959037635095238,-2.7908606344968643
2025-07-21 01:30:00,-0.942224563476191,-2.7905601465214263
2025-07-21 02:00:00,-0.9286905708571428,-2.790058300347001
2025-07-21 02:30:00,-0.9127135082380944,-2.7906120485249106
2025-07-21 03:00:00,-0.901986445619046,-2.791066436335762
2025-07-21 03:30:00,-0.892585215999999,-2.7922879961520906
2025-07-21 04:00:00,-0.881022144380952,-2.793893629586879
2025-07-21 04:30:00,-0.8764063097619057,-2.795502319709322
2025-07-21 05:00:00,-0.8772590711428576,-2.7977161563155306
2025-07-21 05:30:00,-0.8853227535238097,-2.8000046591023984
2025-07-21 06:00:00,-0.8940818309047616,-2.80258330845565
2025-07-21 06:30:00,-0.9070264342857136,-2.805205300061888
2025-07-21 07:00:00,-0.919451344666666,-2.807700021249172
2025-07-21 07:30:00,-0.9339854650476194,-2.81021408255796
2025-07-21 08:00:00,-0.9499005064285716,-2.8121684607260593
2025-07-21 08:30:00,-0.9666263378095248,-2.8145398986207577
2025-07-21 09:00:00,-0.9833246251904764,-2.816015226782605
2025-07-21 09:30:00,-0.99737659657143,-2.8172642813377426
2025-07-21 10:00:00,-1.0065673849523804,-2.818882391360934
2025-07-21 10:30:00,-1.0187660243333343,-2.819314681576084
2025-07-21 11:00:00,-1.0245469887142864,-2.8188135487717636
2025-07-21 11:30:00,-1.0290876460952372,-2.8170815865803385
2025-07-21 12:00:00,-1.0323176894761903,-2.815230963445979
2025-07-21 12:30:00,-1.0415031278571425,-2.812665931057907
2025-07-21 13:00:00,-1.0468973382380955,-2.810189647301879
2025-07-21 13:30:00,-1.0515961536190477,-2.8073533712781287
2025-07-21 14:00:00,-1.0552228199999991,-2.8042814183555977
2025-07-21 14:30:00,-1.055146240380952,-2.801071107105503
2025-07-21 15:00:00,-1.0528000987619044,-2.7978655370405283
2025-07-21 15:30:00,-1.0544108871428577,-2.7951117197394355
2025-07-21 16:00:00,-1.0542090435238096,-2.7931877221712624
2025-07-21 16:30:00,-1.0554133399047614,-2.7907503386816535
2025-07-21 17:00:00,-1.0601351802857142,-2.7894084604944
2025-07-21 17:30:00,-1.064277020666666,-2.788278336187902
2025-07-21 18:00:00,-1.069192238047619,-2.787371966819086
2025-07-21 18:30:00,-1.077343771428572,-2.7854490801542795
2025-07-21 19:00:00,-1.081563593809524,-2.78417337710606
2025-07-21 19:30:00,-1.0890021881904766,-2.78301641410543
2025-07-21 20:00:00,-1.091753238571428,-2.7820425012146934
2025-07-21 20:30:00,-1.092262139952381,-2.781700753829888
2025-07-21 21:00:00,-1.091013366333333,-2.7817464490938426
2025-07-21 21:30:00,-1.0882958207142863,-2.7811167552449465
2025-07-21 22:00:00,-1.080724898095238,-2.7807965083179065
2025-07-21 22:30:00,-1.0718334924761903,-2.780236279657197
2025-07-21 23:00:00,-1.060744894857143,-2.7790756629134843
2025-07-21 23:30:00,-1.0435802882380958,-2.778014088819578
2025-07-22 00:00:00,-1.0280953746190469,-2.77682054253077
2025-07-22 00:30:00,-1.007543838,-2.775074612391083
2025-07-22 01:00:00,-0.9904373443809528,-2.773999845576806
2025-07-22 01:30:00,-0.9708647557619048,-2.7723756895779266
2025-07-22 02:00:00,-0.9512370791428584,-2.771551713895216
2025-07-22 02:30:00,-0.9318303235238088,-2.7711105015477657
2025-07-22 03:00:00,-0.9177163309047612,-2.7709693551868777
2025-07-22 03:30:00,-0.9008329522857128,-2.77107896047785
2025-07-22 04:00:00,-0.8858401876666666,-2.7720170529501367
2025-07-22 04:30:00,-0.8767201860476199,-2.773180584857848
2025-07-22 05:00:00,-0.8738368074285712,-2.7747192061386508
2025-07-22 05:30:00,-0.876886629809523,-2.7772950118953212
2025-07-22 06:00:00,-0.8832003121904741,-2.7795841416920952
2025-07-22 06:30:00,-0.8979553535714295,-2.7827381586983537
2025-07-22 07:00:00,-0.9120126749523814,-2.785304163117726
2025-07-22 07:30:00,-0.9267324973333324,-2.788291157316285
2025-07-22 08:00:00,-0.9426926267142848,-2.791287594176684
2025-07-22 08:30:00,-0.963541221095238,-2.7942463603070173
2025-07-22 09:00:00,-0.9841713504761896,-2.7963017170582227
2025-07-22 09:30:00,-1.0001039358571435,-2.798829833862662
2025-07-22 10:00:00,-1.0151500742380954,-2.801035271488115
2025-07-22 10:30:00,-1.0272157746190471,-2.802238296555584
2025-07-22 11:00:00,-1.036195641999999,-2.8023767999367704
2025-07-22 11:30:00,-1.0458105973809515,-2.8015025742799464
2025-07-22 12:00:00,-1.0519781847619047,-2.8000712630450786
2025-07-22 12:30:00,-1.0592454651428562,-2.7971990924495245
2025-07-22 13:00:00,-1.0683858155238084,-2.7944460586139837
2025-07-22 13:30:00,-1.0701998499047616,-2.7915799784564066
2025-07-22 14:00:00,-1.0716172612857144,-2.788502223311793
2025-07-22 14:30:00,-1.0686559006666667,-2.784590070432726
2025-07-22 15:00:00,-1.063547917047619,-2.7807152478096335
2025-07-22 15:30:00,-1.0593539244285723,-2.7776423123353817
2025-07-22 16:00:00,-1.0582105458095232,-2.7747207283714954
2025-07-22 16:30:00,-1.0576648421904773,-2.7723079299445232
2025-07-22 17:00:00,-1.0577519015714285,-2.7704219074615497
2025-07-22 17:30:00,-1.061577425952381,-2.768427517886633
2025-07-22 18:00:00,-1.0699300113333328,-2.767021616504731
2025-07-22 18:30:00,-1.0781595267142856,-2.7654280422190296
2025-07-22 19:00:00,-1.0910139540952373,-2.763514783350535
2025-07-22 19:30:00,-1.1039211444761916,-2.7628521301301485
2025-07-22 20:00:00,-1.1228089488571429,-2.762257217821938
2025-07-22 20:30:00,-1.1383899992380957,-2.7624097797961356
2025-07-22 21:00:00,-1.1509907426190484,-2.7629287991219784
2025-07-22 21:30:00,-1.163398108999999,-2.763291843941686
2025-07-22 22:00:00,-1.1698073173809524,-2.7631342031458863
2025-07-22 22:30:00,-1.174160078761905,-2.7628745814306517
2025-07-22 23:00:00,-1.1724268311428572,-2.762506989441475
2025-07-22 23:30:00,-1.1687854255238097,-2.761501299019312
2025-07-23 00:00:00,-1.1607475729047634,-2.7597229006762456
2025-07-23 00:30:00,-1.1502917382857143,-2.7579655490456654
2025-07-23 01:00:00,-1.1350177456666677,-2.75541878679791
2025-07-23 01:30:00,-1.1166303760476195,-2.752863057420047
2025-07-23 02:00:00,-1.0983156384285715,-2.7492865057098177
2025-07-23 02:30:00,-1.0782661198095254,-2.746274439995584
2025-07-23 03:00:00,-1.0590527411904764,-2.7437711373653353
2025-07-23 03:30:00,-1.0403390555714276,-2.741300882482679
2025-07-23 04:00:00,-1.022813044952381,-2.739854523093544
2025-07-23 04:30:00,-1.0087869033333334,-2.738759228387943
2025-07-23 05:00:00,-1.002139840714285,-2.738702824903524
2025-07-23 05:30:00,-1.001664444095239,-2.7389721738862516
2025-07-23 06:00:00,-1.0076243974761914,-2.73999201410446
2025-07-23 06:30:00,-1.0159318948571427,-2.7414246312465087
2025-07-23 07:00:00,-1.0264212342380947,-2.7436797236222166
2025-07-23 07:30:00,-1.0425647406190466,-2.746466293441326
2025-07-23 08:00:00,-1.0600364049999995,-2.7492405045323385
2025-07-23 08:30:00,-1.0803402183809525,-2.7523108734576494
2025-07-23 09:00:00,-1.1013195577619053,-2.755238556561594
2025-07-23 09:30:00,-1.120059073142856,-2.758080983698582
2025-07-23 10:00:00,-1.13803275552381,-2.760720719698832
2025-07-23 10:30:00,-1.1553507809047607,-2.762763084341253
2025-07-23 11:00:00,-1.1675043322857142,-2.763545915431136
2025-07-23 11:30:00,-1.1766974456666657,-2.763275312462917
2025-07-23 12:00:00,-1.185019331047619,-2.761906265861988
2025-07-23 12:30:00,-1.1940618304285713,-2.7601365441321817
2025-07-23 13:00:00,-1.2043897248095237,-2.757994431790798
2025-07-23 13:30:00,-1.2041197681904776,-2.754887219924293
2025-07-23 14:00:00,-1.202715030571429,-2.7515533371245677
2025-07-23 14:30:00,-1.1961130559523812,-2.747736059473162
2025-07-23 15:00:00,-1.1917004673333345,-2.743803511972981
2025-07-23 15:30:00,-1.1794243257142845,-2.740253330618137
2025-07-23 16:00:00,-1.1721521750952386,-2.73683391234357
2025-07-23 16:30:00,-1.1664718664761906,-2.7335264506401242
2025-07-23 17:00:00,-1.1651604608571424,-2.731100578531968
2025-07-23 17:30:00,-1.1647630462380951,-2.729180077840077
2025-07-23 18:00:00,-1.1668033516190472,-2.7274083306225014
2025-07-23 18:30:00,-1.1702245780000005,-2.725513617224391
2025-07-23 19:00:00,-1.176219619380953,-2.723399532284623
2025-07-23 19:30:00,-1.182822204761902,-2.7230944878208216
2025-07-23 20:00:00,-1.1910341761428564,-2.722983184023108
2025-07-23 20:30:00,-1.2016387795238097,-2.7237590622741994
2025-07-23 21:00:00,-1.207206628904763,-2.7241612621200813
2025-07-23 21:30:00,-1.2091139952857133,-2.725905771117697
2025-07-23 22:00:00,-1.211216932666666,-2.726796162382115
2025-07-23 22:30:00,-1.2084917120476184,-2.7274148730690335
2025-07-23 23:00:00,-1.2080866224285718,-2.727287872432151
2025-07-23 23:30:00,-1.202466620809524,-2.7270048970622924
2025-07-24 00:00:00,-1.1917549081904757,-2.726305853860863
2025-07-24 00:30:00,-1.1804104325714275,-2.7253711332485198
2025-07-24 01:00:00,-1.1640015279523792,-2.7239971140444665
2025-07-24 01:30:00,-1.1449210883333325,-2.72251942909542
2025-07-24 02:00:00,-1.1219966577142853,-2.720767068863363
2025-07-24 02:30:00,-1.1010409540952375,-2.7186063370792604
2025-07-24 03:00:00,-1.076552225476191,-2.717305393623557
2025-07-24 03:30:00,-1.0550516098571423,-2.7166293157576735
2025-07-24 04:00:00,-1.0322655992380945,-2.7159198939029605
2025-07-24 04:30:00,-1.0149405096190474,-2.7160346540457643
2025-07-24 05:00:00,-1.0051351130000008,-2.715753418181201
2025-07-24 05:30:00,-1.0003764703809512,-2.7163623813233033
2025-07-24 06:00:00,-1.001096292761905,-2.717840513659076
2025-07-24 06:30:00,-1.0046932211428576,-2.7194266945502545
2025-07-24 07:00:00,-1.011842912523809,-2.7218773877223374
2025-07-24 07:30:00,-1.0250335249047626,-2.7247841378586113
2025-07-24 08:00:00,-1.0400544442857147,-2.7283470774644574
2025-07-24 08:30:00,-1.0579479506666658,-2.731574003978122
2025-07-24 09:00:00,-1.0807850100476188,-2.7354040395760837
2025-07-24 09:30:00,-1.098608209428572,-2.7387240578644483
2025-07-24 10:00:00,-1.1154494358095235,-2.7422635257709933
2025-07-24 10:30:00,-1.1270229871904758,-2.7448708801176074
2025-07-24 11:00:00,-1.1339639515714286,-2.746194698580217
2025-07-24 11:30:00,-1.1329229429523815,-2.746657099757196
2025-07-24 12:00:00,-1.1329716273333337,-2.7461843926861627
2025-07-24 12:30:00,-1.1266607497142858,-2.7452206166319386
2025-07-24 13:00:00,-1.1192677230952377,-2.7436504402420403
2025-07-24 13:30:00,-1.108128687476189,-2.7410491471004885
2025-07-24 14:00:00,-1.0929799588571438,-2.7381354684366133
2025-07-24 14:30:00,-1.0783310542380935,-2.7347314921434194
2025-07-24 15:00:00,-1.0614926326190486,-2.730483714440625
2025-07-24 15:30:00,-1.046843728,-2.7270918170638
2025-07-24 16:00:00,-1.0336437263809513,-2.723867576600457
2025-07-24 16:30:00,-1.0201274087619034,-2.7215425414345904
2025-07-24 17:00:00,-1.007236179142857,-2.7200083051437702
2025-07-24 17:30:00,-1.0022061775238098,-2.719836591546318
2025-07-24 18:00:00,-0.997367227904761,-2.71947891158249
2025-07-24 18:30:00,-0.9941476642857134,-2.7202068166739517
2025-07-24 19:00:00,-0.9949301186666658,-2.7211194782065684
2025-07-24 19:30:00,-0.9981908620476184,-2.722671604060443
2025-07-24 20:00:00,-1.0036685354285713,-2.7249082038014922
2025-07-24 20:30:00,-1.010833576809524,-2.727059524910282
2025-07-24 21:00:00,-1.0192060311904751,-2.7295846247490965
2025-07-24 21:30:00,-1.0206915555714275,-2.7317360236089674
2025-07-24 22:00:00,-1.024014930952381,-2.733640140676186
2025-07-24 22:30:00,-1.0266551053333333,-2.7355982902035745
2025-07-24 23:00:00,-1.0271738757142854,-2.737449779124393
2025-07-24 23:30:00,-1.022761287095239,-2.737959433697382
2025-07-25 00:00:00,-1.0196043554761904,-2.7384365154793318
2025-07-25 00:30:00,-1.0107304938571433,-2.7386372148319995
2025-07-25 01:00:00,-0.9966868082380952,-2.7381548281119406
2025-07-25 01:30:00,-0.9830298766190482,-2.737249448409077
2025-07-25 02:00:00,-0.9638163670000006,-2.7359656884231933
2025-07-25 02:30:00,-0.9417907083809512,-2.734393941795539
2025-07-25 03:00:00,-0.9188487337619056,-2.7326161344948807
2025-07-25 03:30:00,-0.8967000051428569,-2.732013931312121
2025-07-25 04:00:00,-0.8711796965238106,-2.7310980547618917
2025-07-25 04:30:00,-0.8523781599047617,-2.730298836096568
2025-07-25 05:00:00,-0.8392683342857152,-2.729861769535819
2025-07-25 05:30:00,-0.8302989466666675,-2.7302665006623297
2025-07-25 06:00:00,-0.8249174100476184,-2.7304569360748605
2025-07-25 06:30:00,-0.8271763114285724,-2.731623262296836
2025-07-25 07:00:00,-0.8354585898095246,-2.7336720910032977
2025-07-25 07:30:00,-0.846756394190477,-2.7356549414788254
2025-07-25 08:00:00,-0.8565425325714289,-2.7385863114480378
2025-07-25 08:30:00,-0.87343871595238,-2.741997740287603
2025-07-25 09:00:00,-0.894691608333334,-2.745565618564527
2025-07-25 09:30:00,-0.9167454217142864,-2.748998132395265
2025-07-25 10:00:00,-0.9414378760952375,-2.7530061972213145
2025-07-25 10:30:00,-0.9584120414761907,-2.755867439260794
2025-07-25 11:00:00,-0.9775381798571424,-2.7577571728031147
2025-07-25 11:30:00,-0.9919943182380953,-2.7589401925644097
2025-07-25 12:00:00,-1.0059957206190475,-2.75951082244092
2025-07-25 12:30:00,-1.010318744,-2.7587773056313316
2025-07-25 13:00:00,-1.0035783493809514,-2.7570156665418897
2025-07-25 13:30:00,-0.9988615077619054,-2.7547393306354233
2025-07-25 14:00:00,-0.9926395741428572,-2.752721067458852
2025-07-25 14:30:00,-0.98038549552381,-2.7494891930721432
2025-07-25 15:00:00,-0.9690333449047625,-2.7455136884713722
2025-07-25 15:30:00,-0.9560596142857144,-2.7414015092876505
2025-07-25 16:00:00,-0.9405747006666672,-2.73683896569311
2025-07-25 16:30:00,-0.92575983204762,-2.7335939350229124
2025-07-25 17:00:00,-0.9155853564285712,-2.72998161178266
2025-07-25 17:30:00,-0.9045243028095248,-2.7271664734219994
2025-07-25 18:00:00,-0.8941663191904754,-2.724428994970681
2025-07-25 18:30:00,-0.8900074145714276,-2.7233436072110364
2025-07-25 19:00:00,-0.8923442979523819,-2.724146729527745
2025-07-25 19:30:00,-0.8964158313333341,-2.724604479919302
2025-07-25 20:00:00,-0.9003116627142846,-2.725319180839363
2025-07-25 20:30:00,-0.9050862660952383,-2.7270635781082326
2025-07-25 21:00:00,-0.913501483476191,-2.7286540593454527
2025-07-25 21:30:00,-0.917871788857142,-2.7305213750306128
2025-07-25 22:00:00,-0.9231385412380956,-2.7328173760442573
2025-07-25 22:30:00,-0.9261005126190476,-2.734999042308286
2025-07-25 23:00:00,-0.9321505110000003,-2.736388654816817
2025-07-25 23:30:00,-0.931493931380952,-2.7379296405064277
2025-07-26 00:00:00,-0.9283017807619044,-2.7393506542273967
2025-07-26 00:30:00,-0.9231212961428568,-2.7397135540966366
2025-07-26 01:00:00,-0.9151362065238096,-2.7389676933334814
2025-07-26 01:30:00,-0.903070985904762,-2.7379257749238306
2025-07-26 02:00:00,-0.8902423882857142,-2.736913886614408
2025-07-26 02:30:00,-0.8703434836666673,-2.735752034842041
2025-07-26 03:00:00,-0.8508388770476198,-2.7339687866694096
2025-07-26 03:30:00,-0.8319670334285714,-2.732876023823317
2025-07-26 04:00:00,-0.8080056728095246,-2.7316302804652546
2025-07-26 04:30:00,-0.7853449261904757,-2.7307779905669842
2025-07-26 05:00:00,-0.7657800125714269,-2.7293986281518077
2025-07-26 05:30:00,-0.7494238709523819,-2.7291640844253315
2025-07-26 06:00:00,-0.7294623343333324,-2.7293623888709453
2025-07-26 06:30:00,-0.7193184277142857,-2.729900130802652
2025-07-26 07:00:00,-0.7168096090952374,-2.7309166436869594
2025-07-26 07:30:00,-0.7192167994761895,-2.7326296535746186
2025-07-26 08:00:00,-0.7303739898571429,-2.734473006761618
2025-07-26 08:30:00,-0.740072277238095,-2.737523265374394
2025-07-26 09:00:00,-0.7542824066190474,-2.740506257812665
2025-07-26 09:30:00,-0.7703457369999984,-2.7433812792619525
2025-07-26 10:00:00,-0.7917392433809536,-2.7471250949507207
2025-07-26 10:30:00,-0.8124670927619047,-2.750646940739826
2025-07-26 11:00:00,-0.8323963461428583,-2.7536403815144266
2025-07-26 11:30:00,-0.8513336265238103,-2.756086139134833
2025-07-26 12:00:00,-0.8592512139047628,-2.759147358604655
2025-07-26 12:30:00,-0.865674810285715,-2.760532795146809
2025-07-26 13:00:00,-0.8677096346666666,-2.7606149980109094
2025-07-26 13:30:00,-0.8631059940476185,-2.75985810069056
2025-07-26 14:00:00,-0.8576035814285727,-2.7576076596534507
2025-07-26 14:30:00,-0.8451891508095237,-2.755606284749234
2025-07-26 15:00:00,-0.8334074831904772,-2.752834798979544
2025-07-26 15:30:00,-0.8179828765714283,-2.7497470193667284
2025-07-26 16:00:00,-0.805646427952381,-2.7457494432650407
2025-07-26 16:30:00,-0.7910755053333334,-2.741865530063273
2025-07-26 17:00:00,-0.7756585737142856,-2.7381179717948
2025-07-26 17:30:00,-0.7619313350952381,-2.7345397769642554
2025-07-26 18:00:00,-0.7533837894761906,-2.732842628368585
2025-07-26 18:30:00,-0.7434904108571418,-2.7314005352216433
2025-07-26 19:00:00,-0.7354350142380952,-2.730707622489831
2025-07-26 19:30:00,-0.7325516356190476,-2.731147901770319
2025-07-26 20:00:00,-0.7321465459999994,-2.7317416355120567
2025-07-26 20:30:00,-0.7291026843809523,-2.7335152554178475
2025-07-26 21:00:00,-0.7319240417619053,-2.735180904236022
2025-07-26 21:30:00,-0.7377357061428571,-2.737468423399492
2025-07-26 22:00:00,-0.7395200025238104,-2.7392288475391333
2025-07-26 22:30:00,-0.748638289904763,-2.7413707239227962
2025-07-26 23:00:00,-0.7492976742857129,-2.743657048355754
2025-07-26 23:30:00,-0.7534066206666676,-2.7456549888936177
2025-07-27 00:00:00,-0.7532047770476191,-2.746768819586797
2025-07-27 00:30:00,-0.7523250824285719,-2.7481124158307244
2025-07-27 01:00:00,-0.7477795548095234,-2.749142315959066
2025-07-27 01:30:00,-0.7371854311904771,-2.749289416314881
2025-07-27 02:00:00,-0.7281556055714284,-2.749013523270661
2025-07-27 02:30:00,-0.7137099469523802,-2.7491880941291305
2025-07-27 03:00:00,-0.6962915253333324,-2.7483615391790246
2025-07-27 03:30:00,-0.6793378397142846,-2.7470245918455465
2025-07-27 04:00:00,-0.6575207770952372,-2.7463751349534316
2025-07-27 04:30:00,-0.6378404684761916,-2.7444738400370046
2025-07-27 05:00:00,-0.6182029228571424,-2.744016476922172
2025-07-27 05:30:00,-0.600604280238094,-2.742970328822618
2025-07-27 06:00:00,-0.5856971726190474,-2.74266004989772
2025-07-27 06:30:00,-0.5730673020000006,-2.742465515209097
2025-07-27 07:00:00,-0.5603166863809514,-2.742896758678413
2025-07-27 07:30:00,-0.5536398857619049,-2.7443605063015735
2025-07-27 08:00:00,-0.5500160241428582,-2.7455572742706686
2025-07-27 08:30:00,-0.5452046185238091,-2.7476785368331056
2025-07-27 09:00:00,-0.545151063904761,-2.7503072738742382
2025-07-27 09:30:00,-0.5474022902857145,-2.7528567211086266
2025-07-27 10:00:00,-0.5493019816666664,-2.756236361384047
2025-07-27 10:30:00,-0.5529012350476192,-2.7592513065422835
2025-07-27 11:00:00,-0.553871585428571,-2.7622589906099977
2025-07-27 11:30:00,-0.5568983828095235,-2.7649186822395175
2025-07-27 12:00:00,-0.5572107511904763,-2.76711898033341
2025-07-27 12:30:00,-0.5541460585714288,-2.7689306035314454
2025-07-27 13:00:00,-0.5497884269523814,-2.770762875638464
2025-07-27 13:30:00,-0.5425558833333335,-2.771558415529343
2025-07-27 14:00:00,-0.5317431637142858,-2.7718328719708087
2025-07-27 14:30:00,-0.5194868910952382,-2.7723100746845972
2025-07-27 15:00:00,-0.5045841714761903,-2.7719751737934852
2025-07-27 15:30:00,-0.4901385128571436,-2.7712468963547154
2025-07-27 16:00:00,-0.4733353102380944,-2.7705786625245223
2025-07-27 16:30:00,-0.4545337736190491,-2.769620360063899
2025-07-27 17:00:00,-0.437587763,-2.7691108367920396
2025-07-27 17:30:00,-0.4219423663809523,-2.768250326355723
2025-07-27 18:00:00,-0.4074417507619043,-2.7678531939699007
2025-07-27 18:30:00,-0.3958083721428569,-2.768032547674605
2025-07-27 19:00:00,-0.3850713095238101,-2.7684326380247173
2025-07-27 19:30:00,-0.378607754904763,-2.7693235000764
2025-07-27 20:00:00,-0.3744466562857147,-2.7708255189437567
2025-07-27 20:30:00,-0.3722915666666653,-2.7725739835175287
2025-07-27 21:00:00,-0.3708923100476191,-2.774774221921036
2025-07-27 21:30:00,-0.3745144574285712,-2.776896480500426
2025-07-27 22:00:00,-0.3771623068095247,-2.7794211985707227
2025-07-27 22:30:00,-0.3802243231904749,-2.7822870607360293
2025-07-27 23:00:00,-0.3839618655714287,-2.784836231922864
2025-07-27 23:30:00,-0.3863712499523819,-2.787163432893663
2025-07-28 00:00:00,-0.3912787923333343,-2.7892952635757555
2025-07-28 00:30:00,-0.3902377837142856,-2.790937709142862
2025-07-28 01:00:00,-0.3917089200952377,-2.7924271961740668
2025-07-28 01:30:00,-0.3883761554761902,-2.793187254494141
2025-07-28 02:00:00,-0.3798835668571441,-2.7935543330432293
2025-07-28 02:30:00,-0.3727894432380969,-2.79357903387132
2025-07-28 03:00:00,-0.3566113286190489,-2.7934747559080835
2025-07-28 03:30:00,-0.3418722479999998,-2.7925133870242638
2025-07-28 04:00:00,-0.3328399583809521,-2.7917183642476253
2025-07-28 04:30:00,-0.3254876317619052,-2.790852683383471
2025-07-28 05:00:00,-0.321659292142858,-2.7898717317234376
2025-07-28 05:30:00,-0.3132622295238103,-2.78911752833061
2025-07-28 06:00:00,-0.3038753879047617,-2.7879369397577123
2025-07-28 06:30:00,-0.3048192872857138,-2.787771777950001
2025-07-28 07:00:00,-0.3042527526666656,-2.7871778434411665
2025-07-28 07:30:00,-0.3093524400476179,-2.7874039495276137
2025-07-28 08:00:00,-0.3138502034285724,-2.7885108505218916
2025-07-28 08:30:00,-0.3167507748095228,-2.7893790785360433
2025-07-28 09:00:00,-0.3292901181904759,-2.7917979375800805
2025-07-28 09:30:00,-0.3453764735714284,-2.793971198705444
2025-07-28 10:00:00,-0.3687363819523799,-2.795170376643364
2025-07-28 10:30:00,-0.3847152873333335,-2.7960828312511707
2025-07-28 11:00:00,-0.4028242337142855,-2.796393796639064
2025-07-28 11:30:00,-0.4213526970952379,-2.797484658852905
2025-07-28 12:00:00,-0.4438580904761919,-2.798744509636982
2025-07-28 12:30:00,-0.4665193168571426,-2.798240991543382
2025-07-28 13:00:00,-0.4897453242380958,-2.7979953352757265
2025-07-28 13:30:00,-0.5077136566190474,-2.7967825207209547
2025-07-28 14:00:00,-0.5167484810000005,-2.795672489766282
2025-07-28 14:30:00,-0.5182208493809515,-2.794835129791459
2025-07-28 15:00:00,-0.5175268567619038,-2.7923525166445704
2025-07-28 15:30:00,-0.5128308461428563,-2.789264483984584
2025-07-28 16:00:00,-0.5071757565238093,-2.7849349294691597
2025-07-28 16:30:00,-0.4977998769047618,-2.7818653141903864
2025-07-28 17:00:00,-0.4888281642857137,-2.7784321494111346
2025-07-28 17:30:00,-0.4759369346666668,-2.774927413215092
2025-07-28 18:00:00,-0.464336450047619,-2.7707438725830373
2025-07-28 18:30:00,-0.4551989044285722,-2.7665337700959594
2025-07-28 19:00:00,-0.4452078058095237,-2.7622273003244366
2025-07-28 19:30:00,-0.4369239441904751,-2.7588183280506566
2025-07-28 20:00:00,-0.4323738975714275,-2.756934300000675
2025-07-28 20:30:00,-0.4263749479523808,-2.7563411842938166
2025-07-28 21:00:00,-0.4261884543333327,-2.756117893878605
2025-07-28 21:30:00,-0.4248419607142857,-2.7565777664303424
2025-07-28 22:00:00,-0.4244368710952393,-2.7572013871275156
2025-07-28 22:30:00,-0.4245162554761912,-2.7584601665378496
2025-07-28 23:00:00,-0.4285350258571441,-2.7596499946547626
2025-07-28 23:30:00,-0.4328877872380932,-2.7615089032041404
2025-07-29 00:00:00,-0.4350763816190455,-2.763147525919496
2025-07-29 00:30:00,-0.4383668629999988,-2.76436577500899
2025-07-29 01:00:00,-0.4375773443809518,-2.7657297594459873
2025-07-29 01:30:00,-0.4352991847619052,-2.7668023648871443
2025-07-29 02:00:00,-0.4332923841428577,-2.767237664366969
2025-07-29 02:30:00,-0.4232079535238093,-2.7679203225172833
2025-07-29 03:00:00,-0.415968696904762,-2.76761086083686
2025-07-29 03:30:00,-0.4057414582857142,-2.767499443488153
2025-07-29 04:00:00,-0.391100228666668,-2.767227371073126
2025-07-29 04:30:00,-0.3792459290476195,-2.766872639305656
2025-07-29 05:00:00,-0.3686220674285714,-2.765845511586337
2025-07-29 05:30:00,-0.3626055738095233,-2.7647614112188443
2025-07-29 06:00:00,-0.360292326190476,-2.764046761561724
2025-07-29 06:30:00,-0.3585590785714299,-2.7631440631532733
2025-07-29 07:00:00,-0.3552164449523807,-2.762937838777679
2025-07-29 07:30:00,-0.3584244253333335,-2.762985756112686
2025-07-29 08:00:00,-0.3598144237142868,-2.762987391754714
2025-07-29 08:30:00,-0.3707530180952378,-2.764367877322575
2025-07-29 09:00:00,-0.3837305154761894,-2.765262743546043
2025-07-29 09:30:00,-0.4002881888571428,-2.7666676816450297
2025-07-29 10:00:00,-0.4160373972380942,-2.7688261043830886
2025-07-29 10:30:00,-0.4338727906190478,-2.770508849730257
2025-07-29 11:00:00,-0.4527978769999998,-2.771981603260552
2025-07-29 11:30:00,-0.4736411213809521,-2.7726679395208977
2025-07-29 12:00:00,-0.4916445417619031,-2.7727221877142694
2025-07-29 12:30:00,-0.5116616461428565,-2.772677470666182
2025-07-29 13:00:00,-0.5355753735238094,-2.7729075058636745
2025-07-29 13:30:00,-0.5529987939047618,-2.7720194211782463
2025-07-29 14:00:00,-0.5662268192857141,-2.7714416950478014
2025-07-29 14:30:00,-0.5714957656666666,-2.769234108148924
2025-07-29 15:00:00,-0.5730362470476189,-2.7666785283746465
2025-07-29 15:30:00,-0.569475017428571,-2.7635118679514337
2025-07-29 16:00:00,-0.5662477788095228,-2.7604832464476594
2025-07-29 16:30:00,-0.5600554521904759,-2.75709856124948
2025-07-29 17:00:00,-0.5533006695714293,-2.753527908667488
2025-07-29 17:30:00,-0.544708035952381,-2.7496298737704516
2025-07-29 18:00:00,-0.5372678583333341,-2.746216620830576
2025-07-29 18:30:00,-0.5312689087142848,-2.742459679745829
2025-07-29 19:00:00,-0.528179959095239,-2.7380376420261117
2025-07-29 19:30:00,-0.5252591674761904,-2.7347235058600763
2025-07-29 20:00:00,-0.5253539018571443,-2.7321255409797245
2025-07-29 20:30:00,-0.5275348212380941,-2.730886189847531
2025-07-29 21:00:00,-0.5352546436190488,-2.7302833073233526
2025-07-29 21:30:00,-0.5376190709999997,-2.73055129978449
2025-07-29 22:00:00,-0.5422255163809524,-2.730762319458141
2025-07-29 22:30:00,-0.5485391987619055,-2.7314795030036816
2025-07-29 23:00:00,-0.5549507321428562,-2.7322927328755147
2025-07-29 23:30:00,-0.5595144145238093,-2.733419712763415
2025-07-30 00:00:00,-0.561132877904762,-2.7343500118710953
2025-07-30 00:30:00,-0.5658470432857141,-2.7350343382250957
2025-07-30 01:00:00,-0.5694264276666667,-2.735221979618297
2025-07-30 01:30:00,-0.5688730490476184,-2.735380955077246
2025-07-30 02:00:00,-0.5677648894285701,-2.735025232794452
2025-07-30 02:30:00,-0.5638619938095248,-2.7343134467329664
2025-07-30 03:00:00,-0.5568283081904761,-2.7326562347984806
2025-07-30 03:30:00,-0.5514643155714285,-2.731913200417889
2025-07-30 04:00:00,-0.539100322952381,-2.7307875023143917
2025-07-30 04:30:00,-0.5283984793333323,-2.7293704249871515
2025-07-30 05:00:00,-0.5228412407142871,-2.727936682757525
2025-07-30 05:30:00,-0.5177661510952378,-2.7268183974445823
2025-07-30 06:00:00,-0.5142653594761919,-2.726202884399177
2025-07-30 06:30:00,-0.5129264098571418,-2.7250589879227545
2025-07-30 07:00:00,-0.5137868462380946,-2.72410883078598
2025-07-30 07:30:00,-0.5116394316190478,-2.723864153861717
2025-07-30 08:00:00,-0.5179180259999998,-2.723714213102995
2025-07-30 08:30:00,-0.5240361373809537,-2.7240413578780536
2025-07-30 09:00:00,-0.5372168807619024,-2.7249029509582834
2025-07-30 09:30:00,-0.5474171861428583,-2.7254795733500474
2025-07-30 10:00:00,-0.5622073155238108,-2.7272510992777894
2025-07-30 10:30:00,-0.5791891559047615,-2.728738942232596
2025-07-30 11:00:00,-0.593497005285716,-2.7293486639888886
2025-07-30 11:30:00,-0.6085904256666679,-2.729876122997501
2025-07-30 12:00:00,-0.6271112140476207,-2.7301348947569695
2025-07-30 12:30:00,-0.6459781874285713,-2.730024688373464
2025-07-30 13:00:00,-0.668844984809523,-2.72953909526545
2025-07-30 13:30:00,-0.6834362561904761,-2.729566965338265
2025-07-30 14:00:00,-0.6967621325714286,-2.728156594559904
2025-07-30 14:30:00,-0.7015389299523811,-2.726773655150693
2025-07-30 15:00:00,-0.7038527883333328,-2.724185196673352
2025-07-30 15:30:00,-0.7036432697142856,-2.7221055220949046
2025-07-30 16:00:00,-0.7007774350952374,-2.719242424681586
2025-07-30 16:30:00,-0.6946126524761904,-2.716005250599366
2025-07-30 17:00:00,-0.689512343857142,-2.713224551398074
2025-07-30 17:30:00,-0.6809900172380954,-2.7103097967460617
2025-07-30 18:00:00,-0.670830760619048,-2.7068100448009833
2025-07-30 18:30:00,-0.6630390479999977,-2.703251238439834
2025-07-30 19:00:00,-0.6523525543809525,-2.699009719335467
2025-07-30 19:30:00,-0.6435665437619047,-2.696180829742361
2025-07-30 20:00:00,-0.6325736031428568,-2.6935679745512444
2025-07-30 20:30:00,-0.6235239085238093,-2.6924144430233223
2025-07-30 21:00:00,-0.6144292569047625,-2.691681360797729
2025-07-30 21:30:00,-0.6073053952857133,-2.6913790443415277
2025-07-30 22:00:00,-0.5987578496666663,-2.6915301856881904
2025-07-30 22:30:00,-0.5944660060476192,-2.6922444789755557
2025-07-30 23:00:00,-0.5909047764285726,-2.6927771093869017
2025-07-30 23:30:00,-0.5861307838095247,-2.6938938991781596
2025-07-31 00:00:00,-0.5862178431904759,-2.695290142546784
2025-07-31 00:30:00,-0.5843989385714283,-2.696282295345572
2025-07-31 01:00:00,-0.580837708952382,-2.6977686107322687
2025-07-31 01:30:00,-0.580776479333333,-2.6989305605710503
2025-07-31 02:00:00,-0.5767857327142845,-2.7004692601850073
2025-07-31 02:30:00,-0.5729257310952391,-2.7016762948075446
2025-07-31 03:00:00,-0.5689426594761915,-2.7028910409707634
2025-07-31 03:30:00,-0.5607289738571428,-2.7037694205079905
2025-07-31 04:00:00,-0.5502984892380951,-2.704890853538958
2025-07-31 04:30:00,-0.5443544966190472,-2.7052858966229105
2025-07-31 05:00:00,-0.5390257230000011,-2.705556265051107
2025-07-31 05:30:00,-0.5370364663809521,-2.7060336837765036
2025-07-31 06:00:00,-0.5365687447619034,-2.7056813822555137
2025-07-31 06:30:00,-0.5366810231428569,-2.7056544570465686
2025-07-31 07:00:00,-0.5395023805238086,-2.7059249757678456
2025-07-31 07:30:00,-0.5397300539047618,-2.705598099155493
2025-07-31 08:00:00,-0.5450824632857139,-2.7059420094511792
2025-07-31 08:30:00,-0.5521970666666665,-2.7062636397687285
2025-07-31 09:00:00,-0.5613933360476178,-2.7066063150841346
2025-07-31 09:30:00,-0.5737556144285716,-2.7076711730815557
2025-07-31 10:00:00,-0.584098858809524,-2.709114465377282
2025-07-31 10:30:00,-0.595795480190477,-2.709791972950612
2025-07-31 11:00:00,-0.608197365571429,-2.710364503180597
2025-07-31 11:30:00,-0.6219703029523806,-2.710367031707369
2025-07-31 12:00:00,-0.6381709603333325,-2.7101098791701617
2025-07-31 12:30:00,-0.6503016177142833,-2.7097537609882676
2025-07-31 13:00:00,-0.6643304330952373,-2.708935253776445
2025-07-31 13:30:00,-0.6753361784761904,-2.708559513261443
2025-07-31 14:00:00,-0.6855035898571429,-2.707309042862923
2025-07-31 14:30:00,-0.6893740712380954,-2.705757812064273
2025-07-31 15:00:00,-0.6923833246190481,-2.7038512885520904
2025-07-31 15:30:00,-0.6931581039999992,-2.701404380270992
2025-07-31 16:00:00,-0.695710427380952,-2.699302148718995
2025-07-31 16:30:00,-0.6978990217619043,-2.696968939814289
2025-07-31 17:00:00,-0.7004314761428572,-2.6945153832746467
2025-07-31 17:30:00,-0.6958660795238083,-2.6918278323378204
2025-07-31 18:00:00,-0.6898594549047619,-2.68872591893569
2025-07-31 18:30:00,-0.6822259002857143,-2.6863187721154747
2025-07-31 19:00:00,-0.6751548016666662,-2.683587656467182
2025-07-31 19:30:00,-0.666569843047619,-2.6813726015575257
2025-07-31 20:00:00,-0.6584242704285714,-2.6793006836233513
2025-07-31 20:30:00,-0.6510016368095248,-2.6783036583229998
2025-07-31 21:00:00,-0.6421705381904759,-2.6774536778837135
2025-07-31 21:30:00,-0.6318026855714287,-2.6769851486828387
2025-07-31 22:00:00,-0.62206759595238,-2.6762132388492565
2025-07-31 22:30:00,-0.6155489533333331,-2.675503453216074
2025-07-31 23:00:00,-0.6102453987142866,-2.6747350097946203
2025-07-31 23:30:00,-0.605338467095238,-2.6751781722827896
2025-08-01 00:00:00,-0.59785539547619,-2.675867382772707
2025-08-01 00:30:00,-0.5929484638571418,-2.676834339684131
2025-08-01 01:00:00,-0.590160611238095,-2.677705325521633
2025-08-01 01:30:00,-0.5863181536190472,-2.6788347572758524
2025-08-01 02:00:00,-0.5806124949999996,-2.6798892253954083
2025-08-01 02:30:00,-0.576207581380954,-2.6808203287646846
2025-08-01 03:00:00,-0.5708183697619038,-2.681991887626719
2025-08-01 03:30:00,-0.5653413071428561,-2.683425800282733
2025-08-01 04:00:00,-0.5530751655238093,-2.6847517407785095
2025-08-01 04:30:00,-0.5525294619047618,-2.685528686876851
2025-08-01 05:00:00,-0.5512180562857134,-2.6860982607747936
2025-08-01 05:30:00,-0.5520081856666665,-2.686600170444057
2025-08-01 06:00:00,-0.5536419990476191,-2.6875418519974876
2025-08-01 06:30:00,-0.5542135324285704,-2.688043836412728
2025-08-01 07:00:00,-0.5587069078095237,-2.6881841417647836
2025-08-01 07:30:00,-0.5613250191904771,-2.688504500399355
2025-08-01 08:00:00,-0.5649296225714275,-2.689142935698091
2025-08-01 08:30:00,-0.5735458919523808,-2.6895593775359843
2025-08-01 09:00:00,-0.5861817233333328,-2.6901438715825865
2025-08-01 09:30:00,-0.5934972477142848,-2.690743398711533
2025-08-01 10:00:00,-0.598123562095237,-2.6925018257911693
2025-08-01 10:30:00,-0.6010449644761915,-2.6922596687164626
2025-08-01 11:00:00,-0.6036071568571431,-2.692148250564852
2025-08-01 11:30:00,-0.606063823238095,-2.6916781479876954
2025-08-01 12:00:00,-0.6095750946190484,-2.6910640699997583
2025-08-01 12:30:00,-0.6131513229999994,-2.6906313553377528
2025-08-01 13:00:00,-0.615863998380952,-2.689529238728184
2025-08-01 13:30:00,-0.6213285157619046,-2.6887472578322016
2025-08-01 14:00:00,-0.623230401142858,-2.6877969248810825
2025-08-01 14:30:00,-0.6247005755238084,-2.6859911623388126
2025-08-01 15:00:00,-0.6219676799047618,-2.6834993175058948
2025-08-01 15:30:00,-0.6235784682857135,-2.6819156603750507
2025-08-01 16:00:00,-0.6249432476666665,-2.680791075541691
2025-08-01 16:30:00,-0.6230341670476174,-2.679957548143062
2025-08-01 17:00:00,-0.6189380254285717,-2.6791853734196964
2025-08-01 17:30:00,-0.6157634188095229,-2.6784312487483275
2025-08-01 18:00:00,-0.6085692501904776,-2.6774971454323517
2025-08-01 18:30:00,-0.6017793795714281,-2.6765519915450766
2025-08-01 19:00:00,-0.5954113509523817,-2.6757542792019735
2025-08-01 19:30:00,-0.5881896383333329,-2.674486878139854
2025-08-01 20:00:00,-0.5791576187142846,-2.6738276382092363
2025-08-01 20:30:00,-0.5691489760952382,-2.6732421264912403
2025-08-01 21:00:00,-0.5568805094761904,-2.673374095533401
2025-08-01 21:30:00,-0.5426435778571441,-2.6727646561894574
2025-08-01 22:00:00,-0.5322734002380947,-2.672197246621767
2025-08-01 22:30:00,-0.5214837056190478,-2.6721887061955925
2025-08-01 23:00:00,-0.5092252389999998,-2.6725535236283804
2025-08-01 23:30:00,-0.5009489213809522,-2.6727610767696572
2025-08-02 00:00:00,-0.4918137007619043,-2.673654786727367
2025-08-02 00:30:00,-0.4826684801428562,-2.6744795222135784
2025-08-02 01:00:00,-0.4735584785238091,-2.6752322885490782
2025-08-02 01:30:00,-0.4688020299047617,-2.676130811784773
2025-08-02 02:00:00,-0.4592448362857133,-2.677338382787858
2025-08-02 02:30:00,-0.4507071596666665,-2.6787126957693808
2025-08-02 03:00:00,-0.4444819390476182,-2.680472786865241
2025-08-02 03:30:00,-0.4376767184285703,-2.6825689225137896
2025-08-02 04:00:00,-0.431504260809525,-2.6840050593427294
2025-08-02 04:30:00,-0.4269664081904754,-2.6855128428617663
2025-08-02 05:00:00,-0.4199479415714282,-2.6872713757678346
2025-08-02 05:30:00,-0.4136425449523808,-2.688350212479276
2025-08-02 06:00:00,-0.4063406563333327,-2.6895756969114335
2025-08-02 06:30:00,-0.4012832417142855,-2.690802925466428
2025-08-02 07:00:00,-0.4000849060952389,-2.692024179477794
2025-08-02 07:30:00,-0.4003125794761906,-2.692502340430128
2025-08-02 08:00:00,-0.4034228398571418,-2.6938000022533033
2025-08-02 08:30:00,-0.409111434238095,-2.694923674661836
2025-08-02 09:00:00,-0.4115889316190486,-2.695652659282534
2025-08-02 09:30:00,-0.4192659909999998,-2.6964806842158064
2025-08-02 10:00:00,-0.423759366380954,-2.6972007367398643
2025-08-02 10:30:00,-0.4355438387619053,-2.697641807316904
2025-08-02 11:00:00,-0.4470394081428572,-2.6985063437161236
2025-08-02 11:30:00,-0.4508419075238106,-2.6992491996812613
2025-08-02 12:00:00,-0.4554704159047613,-2.700162189087414
2025-08-02 12:30:00,-0.4548940122857139,-2.7006920948719753
2025-08-02 13:00:00,-0.4571397576666662,-2.7005633118474526
2025-08-02 13:30:00,-0.456000898047618,-2.7001911531689564
2025-08-02 14:00:00,-0.4557409414285713,-2.699326988085658
2025-08-02 14:30:00,-0.4507658968095243,-2.6980227510937227
2025-08-02 15:00:00,-0.4468882201904751,-2.6972666697693297
2025-08-02 15:30:00,-0.4481750175714285,-2.6956230857176733
2025-08-02 16:00:00,-0.4485356299523808,-2.6945229780601565
2025-08-02 16:30:00,-0.4489137863333332,-2.692178352863384
2025-08-02 17:00:00,-0.4471553197142863,-2.689883079081808
2025-08-02 17:30:00,-0.4453868530952392,-2.688901011836029
2025-08-02 18:00:00,-0.4436459304761904,-2.6877779859670645
2025-08-02 18:30:00,-0.439178384857144,-2.6875434502139974
2025-08-02 19:00:00,-0.4303045232380953,-2.6868272244860862
2025-08-02 19:30:00,-0.4277100476190476,-2.686688771356269
2025-08-02 20:00:00,-0.4171114050000004,-2.6864003308394326
2025-08-02 20:30:00,-0.4062514033809525,-2.686916769858825
2025-08-02 21:00:00,-0.3968853927619058,-2.6872459305750276
2025-08-02 21:30:00,-0.3851817071428578,-2.686693577864564
2025-08-02 22:00:00,-0.3702317055238084,-2.6862993574512015
2025-08-02 22:30:00,-0.356715387904762,-2.685902179402265
2025-08-02 23:00:00,-0.3446853862857151,-2.685869749493696
2025-08-02 23:30:00,-0.3336495516666667,-2.685839063567504
2025-08-03 00:00:00,-0.3201958660476188,-2.685803713042235
2025-08-03 00:30:00,-0.3091523564285711,-2.6862338207617924
2025-08-03 01:00:00,-0.2964972668095254,-2.687416102108948
2025-08-03 01:30:00,-0.2877311251904774,-2.687526559966327
2025-08-03 02:00:00,-0.278289326571429,-2.6890033270270317
2025-08-03 02:30:00,-0.2698471759523807,-2.6905247437983584
2025-08-03 03:00:00,-0.2614424383333327,-2.6917911806091093
2025-08-03 03:30:00,-0.2534496737142828,-2.6934566841170455
2025-08-03 04:00:00,-0.246546602095239,-2.6956763548964635
2025-08-03 04:30:00,-0.2417099774761903,-2.697651339813143
2025-08-03 05:00:00,-0.237927957857144,-2.699372654837764
2025-08-03 05:30:00,-0.2335031752380942,-2.7009243073955105
2025-08-03 06:00:00,-0.2301605416190477,-2.70288871228125
2025-08-03 06:30:00,-0.2263158900000008,-2.704441748875234
2025-08-03 07:00:00,-0.2242387823809537,-2.7062699112693065
2025-08-03 07:30:00,-0.2180113677619031,-2.7074342862093506
2025-08-03 08:00:00,-0.2147741291428571,-2.708714029458755
2025-08-03 08:30:00,-0.2095485565238108,-2.709823174636669
2025-08-03 09:00:00,-0.2039385549047609,-2.7109259705512954
2025-08-03 09:30:00,-0.1963753072857135,-2.711958481636893
2025-08-03 10:00:00,-0.1875564026666643,-2.7128050243971824
2025-08-03 10:30:00,-0.1787802610476203,-2.713298871693385
2025-08-03 11:00:00,-0.1698031984285712,-2.7136127400061874
2025-08-03 11:30:00,-0.1616873638095226,-2.7140363617544967
2025-08-03 12:00:00,-0.1518589421904754,-2.714275302884981
2025-08-03 12:30:00,-0.1429543805714304,-2.7145999729590318
2025-08-03 13:00:00,-0.1323701259523817,-2.714622968829876
2025-08-03 13:30:00,-0.1230864853333335,-2.7153544387401602
2025-08-03 14:00:00,-0.1167053007142873,-2.715575537131289
2025-08-03 14:30:00,-0.1111051680952366,-2.7161360713275164
2025-08-03 15:00:00,-0.1034310444761918,-2.7167622625790857
2025-08-03 15:30:00,-0.0998170518571408,-2.7177219002774016
2025-08-03 16:00:00,-0.0987165672380954,-2.718895909384984
2025-08-03 16:30:00,-0.0971140646190471,-2.720062655948753
2025-08-03 17:00:00,-0.0978415620000014,-2.721263735632585
2025-08-03 17:30:00,-0.0957819983809522,-2.722317844788508
2025-08-03 18:00:00,-0.0966599787619058,-2.7236643210553746
2025-08-03 18:30:00,-0.0947234851428566,-2.7248531358097856
2025-08-03 19:00:00,-0.0936153255238094,-2.726328702821873
2025-08-03 19:30:00,-0.09201501690476,-2.7275822982465883
2025-08-03 20:00:00,-0.0854283922857155,-2.7283404954781973
2025-08-03 20:30:00,-0.0811014606666686,-2.7289654078086674
2025-08-03 21:00:00,-0.0712883890476181,-2.7299443771221656
2025-08-03 21:30:00,-0.0606216334285731,-2.730230338764993
2025-08-03 22:00:00,-0.0485740878095244,-2.7300872937212146
2025-08-03 22:30:00,-0.0381985601904779,-2.730029977538866
2025-08-03 23:00:00,-0.0254302695714268,-2.7295749785805525
2025-08-03 23:30:00,-0.0153666699523791,-2.7295957541491758
2025-08-04 00:00:00,-0.0026633363333341,-2.7291151421417363
2025-08-04 00:30:00,0.0133390762857172,-2.729114983918171
2025-08-04 01:00:00,0.0251130689047629,-2.7289734699502013
2025-08-04 01:30:00,0.0394257885238094,-2.7289160002289825
2025-08-04 02:00:00,0.0512647381428581,-2.7297097070955303
2025-08-04 02:30:00,0.0625619317619028,-2.7301177322187424
2025-08-04 03:00:00,0.0704668453809529,-2.731462251435821
2025-08-04 03:30:00,0.0789869779999994,-2.7329525271410313
2025-08-04 04:00:00,0.0862392596190479,-2.7346785337486517
2025-08-04 04:30:00,0.0927732522380955,-2.7361191718472346
2025-08-04 05:00:00,0.096959569857143,-2.7379682796858957
2025-08-04 05:30:00,0.0994683884761908,-2.7393557467726213
2025-08-04 06:00:00,0.1035767240952392,-2.74119384033405
2025-08-04 06:30:00,0.1018901477142859,-2.743595107335547
2025-08-04 07:00:00,0.0945669483333333,-2.7452746404785766
2025-08-04 07:30:00,0.087667784952381,-2.747387558682721
2025-08-04 08:00:00,0.0782529195714294,-2.749078253200709
2025-08-04 08:30:00,0.0637111241904764,-2.7506765093770134
2025-08-04 09:00:00,0.0536711708095229,-2.751695756690487
2025-08-04 09:30:00,0.0420645944285715,-2.7528200556327667
2025-08-04 10:00:00,0.0315929300476203,-2.753727975352817
2025-08-04 10:30:00,0.0222713966666661,-2.754513323394386
2025-08-04 11:00:00,0.0100375382857131,-2.7548979715255526
2025-08-04 11:30:00,0.0051299959047608,-2.754996315510456
2025-08-04 12:00:00,0.004995654523809,-2.755367725962312
2025-08-04 12:30:00,0.0012811371428576,-2.754750009981314
2025-08-04 13:00:00,0.0031856987619029,-2.753170186722156
2025-08-04 13:30:00,0.0038148653809513,-2.75166278105524
2025-08-04 14:00:00,0.0078132870000005,-2.7497259940655883
2025-08-04 14:30:00,0.0141164896190499,-2.7469141018898786
2025-08-04 15:00:00,0.0178336832380969,-2.7448706888512087
2025-08-04 15:30:00,0.0218419738571409,-2.742559897624947
2025-08-04 16:00:00,0.0260282914761884,-2.740442867029831
2025-08-04 16:30:00,0.0264333810952384,-2.7385221948707037
2025-08-04 17:00:00,0.0230649177142865,-2.7361044397564083
2025-08-04 17:30:00,0.0257121563333331,-2.734937287668079
2025-08-04 18:00:00,0.0241486499523819,-2.7345849343475157
2025-08-04 18:30:00,0.0214052745714288,-2.7336214991574384
2025-08-04 19:00:00,0.0204745311904772,-2.733617249967981
2025-08-04 19:30:00,0.0205379548095241,-2.733395333754699
2025-08-04 20:00:00,0.0219350174285712,-2.733748569571355
2025-08-04 20:30:00,0.0253479580476188,-2.7344952569038643
2025-08-04 21:00:00,0.0280150656666655,-2.7348005617951183
2025-08-04 21:30:00,0.0358441912857134,-2.7351555921755923
2025-08-04 22:00:00,0.0443115609047628,-2.73554104754475
2025-08-04 22:30:00,0.0544761675238099,-2.7352811024178227
2025-08-04 23:00:00,0.0687758621428553,-2.734377066875724
2025-08-04 23:30:00,0.0812529247619064,-2.734499918905422
2025-08-05 00:00:00,0.0998512153809525,-2.7339040539738297
2025-08-05 00:30:00,0.1150801199999997,-2.733106827798993
2025-08-05 01:00:00,0.1296411736190479,-2.7326190456739874
2025-08-05 01:30:00,0.1452843762380957,-2.7323009996188525
2025-08-05 02:00:00,0.1628257368571457,-2.7322106358410037
2025-08-05 02:30:00,0.1772737204761876,-2.7324644091997454
2025-08-05 03:00:00,0.1892586340952398,-2.7325909091190392
2025-08-05 03:30:00,0.198150039714287,-2.733598576890433
2025-08-05 04:00:00,0.2111720143333353,-2.7347152263945156
2025-08-05 04:30:00,0.2158856999523812,-2.7361216225572975
2025-08-05 05:00:00,0.2155327625714256,-2.738233894627283
2025-08-05 05:30:00,0.2091135541904762,-2.7400350889101723
2025-08-05 06:00:00,0.2007609688095246,-2.7428811834843847
2025-08-05 06:30:00,0.1887502254285684,-2.7451521769141225
2025-08-05 07:00:00,0.1753959740476205,-2.747309208018139
2025-08-05 07:30:00,0.1610826436666637,-2.749650993240584
2025-08-05 08:00:00,0.1452806722857147,-2.752316821326068
2025-08-05 08:30:00,0.131941770904763,-2.754454661638306
2025-08-05 09:00:00,0.1133253255238095,-2.7561721044979883
2025-08-05 09:30:00,0.0978069071428571,-2.7573615372152234
2025-08-05 10:00:00,0.0844756807619058,-2.7592560744277232
2025-08-05 10:30:00,0.0719001563809509,-2.7597324638561656
2025-08-05 11:00:00,0.0619359909999988,-2.759344042041533
2025-08-05 11:30:00,0.0536591936190471,-2.757920173951169
2025-08-05 12:00:00,0.0482473082380969,-2.7561663243904633
2025-08-05 12:30:00,0.0367517388571416,-2.7537880816671882
2025-08-05 13:00:00,0.0272170904761914,-2.7511805452212066
2025-08-05 13:30:00,0.021383363095238,-2.748409335200148
2025-08-05 14:00:00,0.0181708637142838,-2.745384057954376
2025-08-05 14:30:00,0.0175894613333347,-2.7427792512365756
2025-08-05 15:00:00,0.0205431469523797,-2.739273630059176
2025-08-05 15:30:00,0.0182117445714278,-2.7362968634586524
2025-08-05 16:00:00,0.0184135881904761,-2.733693476347447
2025-08-05 16:30:00,0.0183342038095242,-2.7312191203738005
2025-08-05 17:00:00,0.0141846884285696,-2.7291905471154543
2025-08-05 17:30:00,0.0087070150476189,-2.7274500358199396
2025-08-05 18:00:00,-7.728133333317899e-05,-2.726198587489653
2025-08-05 18:30:00,-0.0111214017142875,-2.723908720512709
2025-08-05 19:00:00,-0.0221303030952377,-2.7219536096467287
2025-08-05 19:30:00,-0.0350396874761917,-2.7206302643847384
2025-08-05 20:00:00,-0.0493705618571433,-2.7197543864037463
2025-08-05 20:30:00,-0.0606179282380971,-2.719327660289766
2025-08-05 21:00:00,-0.0708160396190491,-2.7195043928848737
2025-08-05 21:30:00,-0.0761607739999996,-2.718779023243637
2025-08-05 22:00:00,-0.0777166053809517,-2.7184861027697025
2025-08-05 22:30:00,-0.0748507707619063,-2.7181452145007885
2025-08-05 23:00:00,-0.0696273921428571,-2.7171096112060846
2025-08-05 23:30:00,-0.0619609435238115,-2.7158473342733496
2025-08-06 00:00:00,-0.0512162059047627,-2.7140206693912514
2025-08-06 00:30:00,-0.0364969942857145,-2.7118083000296083
2025-08-06 01:00:00,-0.0226917736666649,-2.7096019788092067
2025-08-06 01:30:00,-0.0066168600476206,-2.707071290853844
2025-08-06 02:00:00,0.0099929655714297,-2.704297997923856
2025-08-06 02:30:00,0.023878493190478,-2.702051081159074
2025-08-06 03:00:00,0.0378243278095236,-2.6999833035091925
2025-08-06 03:30:00,0.0518481444285703,-2.6987440100058353
2025-08-06 04:00:00,0.0672101190476193,-2.698151500134946
2025-08-06 04:30:00,0.0771011726666666,-2.698313783444429
2025-08-06 05:00:00,0.0777951652857142,-2.6988785243916404
2025-08-06 05:30:00,0.0758954739047614,-2.699860321842784
2025-08-06 06:00:00,0.0678768795238093,-2.701367604572964
2025-08-06 06:30:00,0.0548015311428575,-2.703553346978214
2025-08-06 07:00:00,0.0437926297619026,-2.7055831119675955
2025-08-06 07:30:00,0.0312271053809507,-2.70800033883805
2025-08-06 08:00:00,0.013024827000001,-2.7105089089462364
2025-08-06 08:30:00,-0.0029000833809542,-2.7125524910679855
2025-08-06 09:00:00,-0.0186843797619049,-2.7146064036651327
2025-08-06 09:30:00,-0.0364472721428561,-2.716673663769756
2025-08-06 10:00:00,-0.0498586745238094,-2.718969377262867
2025-08-06 10:30:00,-0.0629109979047628,-2.720331267629252
2025-08-06 11:00:00,-0.0723753392857129,-2.7201233009755064
2025-08-06 11:30:00,-0.0793163036666657,-2.7194726414825574
2025-08-06 12:00:00,-0.082900207047619,-2.717777551489855
2025-08-06 12:30:00,-0.0910990224285723,-2.7152193346372164
2025-08-06 13:00:00,-0.0974698558095228,-2.713013886522131
2025-08-06 13:30:00,-0.1016865221904774,-2.710542766796522
2025-08-06 14:00:00,-0.0984538025714265,-2.707109517033145
2025-08-06 14:30:00,-0.0934084509523816,-2.7040650391791723
2025-08-06 15:00:00,-0.0882224853333333,-2.7010445997645025
2025-08-06 15:30:00,-0.0845129667142834,-2.6976864599940997
2025-08-06 16:00:00,-0.0805023510952376,-2.695071134610695
2025-08-06 16:30:00,-0.0782692794761892,-2.6925171385623834
2025-08-06 17:00:00,-0.0784343208571427,-2.690575629808444
2025-08-06 17:30:00,-0.0816621702380937,-2.6890648854737718
2025-08-06 18:00:00,-0.0834289226190465,-2.688127211339137
2025-08-06 18:30:00,-0.0903326049999981,-2.6864018305662833
2025-08-06 19:00:00,-0.0940602783809512,-2.684988513672284
2025-08-06 19:30:00,-0.1016394867619048,-2.6839429388386185
2025-08-06 20:00:00,-0.1076268531428588,-2.684168974068241
2025-08-06 20:30:00,-0.1119016325238071,-2.6847044529946085
2025-08-06 21:00:00,-0.1149965429047614,-2.685263970311786
2025-08-06 21:30:00,-0.1138180762857117,-2.685571501605176
2025-08-06 22:00:00,-0.1115850046666664,-2.6859304649451614
2025-08-06 22:30:00,-0.1038734680476192,-2.685986046466765
2025-08-06 23:00:00,-0.0979371504285704,-2.6856323180702026
2025-08-06 23:30:00,-0.0852314918095227,-2.6847558195631245
2025-08-07 00:00:00,-0.071074736190476,-2.684128759417888
2025-08-07 00:30:00,-0.0543044275714288,-2.682624886664339
2025-08-07 01:00:00,-0.0395302589523804,-2.6816631793626486
2025-08-07 01:30:00,-0.0207913543333331,-2.680044070089697
2025-08-07 02:00:00,0.0017089092857145,-2.6786967166950317
2025-08-07 02:30:00,0.0215727259047611,-2.6776417297560733
2025-08-07 03:00:00,0.0401434725238083,-2.6767881769094357
2025-08-07 03:30:00,0.0589251401428574,-2.6766641048495474
2025-08-07 04:00:00,0.0789142207619058,-2.6767200849212465
2025-08-07 04:30:00,0.0871102313809502,-2.677711248404289
2025-08-07 05:00:00,0.0928005400000031,-2.6783994268826445
2025-08-07 05:30:00,0.092721155619049,-2.680243134989318
2025-08-07 06:00:00,0.0862316402380953,-2.682334574458305
2025-08-07 06:30:00,0.0766915108571406,-2.6848721708441667
2025-08-07 07:00:00,0.0626396704761926,-2.687069072074101
2025-08-07 07:30:00,0.0483844530952393,-2.6899427705480834
2025-08-07 08:00:00,0.0312719987142868,-2.6934585508020334
2025-08-07 08:30:00,0.0143429213333323,-2.696524338612078
2025-08-07 09:00:00,-0.0072461560476202,-2.699369441863368
2025-08-07 09:30:00,-0.0246673824285725,-2.7022505844659768
2025-08-07 10:00:00,-0.0400924688095234,-2.7053378627306897
2025-08-07 10:30:00,-0.0558263271904757,-2.7064121577352376
2025-08-07 11:00:00,-0.0666891335714308,-2.7070587778083306
2025-08-07 11:30:00,-0.0780440889523808,-2.706720575632486
2025-08-07 12:00:00,-0.080791983333335,-2.705288231566727
2025-08-07 12:30:00,-0.0910923337142854,-2.7033351987418754
2025-08-07 13:00:00,-0.0986583860952383,-2.700612075035995
2025-08-07 13:30:00,-0.1004922894761919,-2.6978542720051926
2025-08-07 14:00:00,-0.0983141748571416,-2.6946087887121446
2025-08-07 14:30:00,-0.0917297442380942,-2.6913946431039664
2025-08-07 15:00:00,-0.0850673316190464,-2.687385094391015
2025-08-07 15:30:00,-0.0767833390000012,-2.6840870135956383
2025-08-07 16:00:00,-0.0716753553809521,-2.681129700258681
2025-08-07 16:30:00,-0.0669793447619047,-2.678119717161206
2025-08-07 17:00:00,-0.064613334142858,-2.675941234943588
2025-08-07 17:30:00,-0.0641302625238098,-2.673678781399626
2025-08-07 18:00:00,-0.0654048659047614,-2.6728855472069104
2025-08-07 18:30:00,-0.0689919252857127,-2.67080318177673
2025-08-07 19:00:00,-0.0771511336666674,-2.6691875837442685
2025-08-07 19:30:00,-0.0852224910476207,-2.668550471621518
2025-08-07 20:00:00,-0.0919152524285713,-2.6685982274485784
2025-08-07 20:30:00,-0.100892925809523,-2.669398155963203
2025-08-07 21:00:00,-0.1088335381904763,-2.670211431698978
2025-08-07 21:30:00,-0.1111550715714291,-2.6713015392873385
2025-08-07 22:00:00,-0.1115783159523786,-2.671849553726494
2025-08-07 22:30:00,-0.1107437093333314,-2.672327282450528
2025-08-07 23:00:00,-0.1087292337142848,-2.672407327619408
2025-08-07 23:30:00,-0.1005881800952381,-2.672166000357152
2025-08-08 00:00:00,-0.0886635734761918,-2.6716246826124133
2025-08-08 00:30:00,-0.0763271248571433,-2.6706886759755446
2025-08-08 01:00:00,-0.060357737238095,-2.668972261889942
2025-08-08 01:30:00,-0.0416265076190485,-2.667270879579428
2025-08-08 02:00:00,-0.0244619010000011,-2.665804852903969
2025-08-08 02:30:00,-0.0003170323809535,-2.6639488389465273
2025-08-08 03:00:00,0.0213472222380963,-2.6622698822606043
2025-08-08 03:30:00,0.0437970478571443,-2.661550110923702
2025-08-08 04:00:00,0.0635553384761888,-2.6611544042613073
2025-08-08 04:30:00,0.0776693310952363,-2.660973442632458
2025-08-08 05:00:00,0.0847931927142877,-2.66099391488682
2025-08-08 05:30:00,0.0883719663333322,-2.662060200073451
2025-08-08 06:00:00,0.0838709159523793,-2.663772355270573
2025-08-08 06:30:00,0.0749306555714293,-2.665554845883122
2025-08-08 07:00:00,0.0638339031904779,-2.6679574974243563
2025-08-08 07:30:00,0.0490162298095238,-2.670831617889184
2025-08-08 08:00:00,0.0307788634285719,-2.673438359450141
2025-08-08 08:30:00,0.007967023047618,-2.677236633606396
2025-08-08 09:00:00,-0.0151083703333319,-2.6806115150534957
2025-08-08 09:30:00,-0.0405138947142846,-2.684120525605966
2025-08-08 10:00:00,-0.0614197710952362,-2.687170140257282
2025-08-08 10:30:00,-0.0769173584761901,-2.689256336788697
2025-08-08 11:00:00,-0.0930653838571458,-2.6901493880798304
2025-08-08 11:30:00,-0.1064438922380952,-2.690437346131779
2025-08-08 12:00:00,-0.1157073126190475,-2.6893461536653738
2025-08-08 12:30:00,-0.1239863040000015,-2.6874972456957114
2025-08-08 13:00:00,-0.1333200313809504,-2.6852802710263615
2025-08-08 13:30:00,-0.1384406887619056,-2.682428189267964
2025-08-08 14:00:00,-0.1453091521428566,-2.6789924185640968
2025-08-08 14:30:00,-0.1521248525238081,-2.674775843437162
2025-08-08 15:00:00,-0.1594228329047615,-2.6705143170315506
2025-08-08 15:30:00,-0.1670998922857132,-2.6658550845774704
2025-08-08 16:00:00,-0.177829759666666,-2.6619639559709327
2025-08-08 16:30:00,-0.1878070810476162,-2.658996031786353
2025-08-08 17:00:00,-0.201645806428572,-2.6559171169281974
2025-08-08 17:30:00,-0.2150023828095224,-2.6533109809985715
2025-08-08 18:00:00,-0.2287554511904765,-2.651407306387732
2025-08-08 18:30:00,-0.2425161945714282,-2.6496717048990677
2025-08-08 19:00:00,-0.2529198769523826,-2.647756101027932
2025-08-08 19:30:00,-0.2685712343333348,-2.646559683512178
2025-08-08 20:00:00,-0.2809884697142851,-2.6450649599438063
2025-08-08 20:30:00,-0.2951887300952385,-2.6435792786482253
2025-08-08 21:00:00,-0.3104105704761902,-2.642011310395948
2025-08-08 21:30:00,-0.3206713138571428,-2.640378671089366
2025-08-08 22:00:00,-0.3290085492380963,-2.6382249682499763
2025-08-08 22:30:00,-0.3361308276190475,-2.6361997572058455
2025-08-08 23:00:00,-0.3406318779999988,-2.6335154592351095
2025-08-08 23:30:00,-0.339726964380952,-2.6309134976051034
2025-08-09 00:00:00,-0.3348299017619053,-2.6282438925868137
2025-08-09 00:30:00,-0.3275928391428563,-2.625573013338106
2025-08-09 01:00:00,-0.3148268735238092,-2.6234752038476277
2025-08-09 01:30:00,-0.2999044159047629,-2.6204816777252162
2025-08-09 02:00:00,-0.2810347662857146,-2.6180402362665225
2025-08-09 02:30:00,-0.2607667826666692,-2.6152944769921005
2025-08-09 03:00:00,-0.238387264047619,-2.612374374838485
2025-08-09 03:30:00,-0.2196912534285722,-2.6103011435298535
2025-08-09 04:00:00,-0.1987881818095238,-2.608556281463796
2025-08-09 04:30:00,-0.1794241891904757,-2.6070188424431215
2025-08-09 05:00:00,-0.1717203275714287,-2.6059288700514744
2025-08-09 05:30:00,-0.168869842952382,-2.605761705111811
2025-08-09 06:00:00,-0.1693787443333327,-2.6062760163085765
2025-08-09 06:30:00,-0.1731140927142849,-2.6071897898770926
2025-08-09 07:00:00,-0.1835682130952398,-2.6090473559721614
2025-08-09 07:30:00,-0.1964226404761895,-2.6112730605121612
2025-08-09 08:00:00,-0.2151170678571439,-2.6141725672324374
2025-08-09 08:30:00,-0.2324557932380935,-2.617310798523987
2025-08-09 09:00:00,-0.2559685096190468,-2.620809494308305
2025-08-09 09:30:00,-0.2773015780000019,-2.6236794690601193
2025-08-09 10:00:00,-0.2966035493809538,-2.626926214118123
2025-08-09 10:30:00,-0.3187726267619056,-2.629910281686709
2025-08-09 11:00:00,-0.3403112661428571,-2.6309040576443485
2025-08-09 11:30:00,-0.3563966595238095,-2.631069421632086
2025-08-09 12:00:00,-0.3681734569047616,-2.630661390608908
2025-08-09 12:30:00,-0.3804622722857143,-2.6297026566084947
2025-08-09 13:00:00,-0.3890202976666661,-2.627597096815416
2025-08-09 13:30:00,-0.3909046390476192,-2.625081852098017
2025-08-09 14:00:00,-0.3977126644285713,-2.621569783666068
2025-08-09 14:30:00,-0.3955422248095235,-2.618289162683533
2025-08-09 15:00:00,-0.3933091531904757,-2.613954707346914
2025-08-09 15:30:00,-0.3887460815714287,-2.6099923430075473
2025-08-09 16:00:00,-0.3839193259523814,-2.6063767127316844
2025-08-09 16:30:00,-0.3764187103333327,-2.602271717199444
2025-08-09 17:00:00,-0.3707009887142856,-2.598274370076093
2025-08-09 17:30:00,-0.3677526530952371,-2.59520790111549
2025-08-09 18:00:00,-0.3656052384761903,-2.592876924152256
2025-08-09 18:30:00,-0.3651902798571427,-2.5904585839296552
2025-08-09 19:00:00,-0.3706756282380954,-2.588677107035852
2025-08-09 19:30:00,-0.3787095726190475,-2.58803483109154
2025-08-09 20:00:00,-0.3862184740000001,-2.586552142048358
2025-08-09 20:30:00,-0.3939658403809531,-2.5866020688005738
2025-08-09 21:00:00,-0.4015527237619043,-2.5866627222203866
2025-08-09 21:30:00,-0.4118837741428582,-2.5871211309414064
2025-08-09 22:00:00,-0.4207988155238109,-2.587624584915989
2025-08-09 22:30:00,-0.4277628049047628,-2.5885844894054815
2025-08-09 23:00:00,-0.4337249522857154,-2.5892400982770654
2025-08-09 23:30:00,-0.4358355646666656,-2.589423022163091
2025-08-10 00:00:00,-0.43416494904762,-2.5894692684157277
2025-08-10 00:30:00,-0.4302598594285709,-2.589219828558665
2025-08-10 01:00:00,-0.4219781918095251,-2.5879632707893983
2025-08-10 01:30:00,-0.4063526641904769,-2.5862717157927477
2025-08-10 02:00:00,-0.3943577505714284,-2.5846698187219967
2025-08-10 02:30:00,-0.3743083629523809,-2.583027252488635
2025-08-10 03:00:00,-0.3535382303333334,-2.581412115562742
2025-08-10 03:30:00,-0.331819018714285,-2.57932859837959
2025-08-10 04:00:00,-0.3126033150952374,-2.577486822648752
2025-08-10 04:30:00,-0.2925439274761883,-2.5759781175917493
2025-08-10 05:00:00,-0.2734887068571443,-2.574640457696148
2025-08-10 05:30:00,-0.2580542312380942,-2.5739602716273993
2025-08-10 06:00:00,-0.2435612906190465,-2.5739255583202074
2025-08-10 06:30:00,-0.2360760249999998,-2.5742722944213776
2025-08-10 07:00:00,-0.2287840053809526,-2.5753661266118577
2025-08-10 07:30:00,-0.2277538277619069,-2.5777135554247765
2025-08-10 08:00:00,-0.2283154921428589,-2.5794412917736675
2025-08-10 08:30:00,-0.2300119375238101,-2.582543923074288
2025-08-10 09:00:00,-0.2360772859047648,-2.5857696176203326
2025-08-10 09:30:00,-0.2393128102857145,-2.589157350905831
2025-08-10 10:00:00,-0.2502086416666679,-2.592117783197784
2025-08-10 10:30:00,-0.2526631140476191,-2.595222263809802
2025-08-10 11:00:00,-0.2572894284285714,-2.5981553736021747
2025-08-10 11:30:00,-0.259902058809522,-2.6004704754928527
2025-08-10 12:00:00,-0.2583567071904759,-2.6026248975322956
2025-08-10 12:30:00,-0.2542956535714276,-2.603583179262135
2025-08-10 13:00:00,-0.2446704779523818,-2.604508510408432
2025-08-10 13:30:00,-0.2324845123333343,-2.604365011285621
2025-08-10 14:00:00,-0.2176696437142848,-2.603949828068711
2025-08-10 14:30:00,-0.1998645990952381,-2.6033409788329096
2025-08-10 15:00:00,-0.1818287644761882,-2.601986414753141
2025-08-10 15:30:00,-0.163107534857144,-2.601114923346107
2025-08-10 16:00:00,-0.1448156912380964,-2.5989358905085944
2025-08-10 16:30:00,-0.1265239786190457,-2.598197791938342
2025-08-10 17:00:00,-0.1119507309999987,-2.5970890060845466
2025-08-10 17:30:00,-0.0952684043809499,-2.5963239817779153
2025-08-10 18:00:00,-0.0846169987619054,-2.5962687402044846
2025-08-10 18:30:00,-0.076210067142856,-2.59664295218968
2025-08-10 19:00:00,-0.0723049775238093,-2.597966968126738
2025-08-10 19:30:00,-0.0699290979047617,-2.5997281339157796
2025-08-10 20:00:00,-0.0716958502857141,-2.601938076109101
2025-08-10 20:30:00,-0.0744469006666657,-2.6046584622384037
2025-08-10 21:00:00,-0.0803562850476191,-2.607418278593911
2025-08-10 21:30:00,-0.0861854934285732,-2.6102951240236374
2025-08-10 22:00:00,-0.0952586928095255,-2.613098710854567
2025-08-10 22:30:00,-0.1026896121904756,-2.6159023108135933
2025-08-10 23:00:00,-0.1073939085714299,-2.6180712224534606
2025-08-10 23:30:00,-0.1131726789523801,-2.6206001790533806
2025-08-11 00:00:00,-0.1126116253333324,-2.62209972238739
2025-08-11 00:30:00,-0.1115660977142847,-2.6232161804510934
2025-08-11 01:00:00,-0.1054035090952369,-2.623564231554089
2025-08-11 01:30:00,-0.0965493854761905,-2.623651289448377
2025-08-11 02:00:00,-0.0814160068571454,-2.623031255765697
2025-08-11 02:30:00,-0.0640954362380954,-2.622243242681974
2025-08-11 03:00:00,-0.0459288566190454,-2.6209161528719873
2025-08-11 03:30:00,-0.0231374960000005,-2.6196027841630642
2025-08-11 04:00:00,0.0015544786190462,-2.617735717488667
2025-08-11 04:30:00,0.0197935592380944,-2.6161490154266582
2025-08-11 05:00:00,0.0335911048571442,-2.6150277700242985
2025-08-11 05:30:00,0.0469668084761893,-2.6137231525946807
2025-08-11 06:00:00,0.0530789590952367,-2.613500747570782
2025-08-11 06:30:00,0.0562809787142855,-2.6133610753171763
2025-08-11 07:00:00,0.0515690073333356,-2.6140948957926144
2025-08-11 07:30:00,0.0445247109523792,-2.615288183557844
2025-08-11 08:00:00,0.0341485725714283,-2.6175533448807
2025-08-11 08:30:00,0.0194035311904763,-2.620191884599951
2025-08-11 09:00:00,-0.0012518171904751,-2.6229748693275523
2025-08-11 09:30:00,-0.0224267275714302,-2.626547316974121
2025-08-11 10:00:00,-0.0446134799523807,-2.6304442255410865
2025-08-11 10:30:00,-0.067751505333335,-2.633239692030251
2025-08-11 11:00:00,-0.0892275127142854,-2.635277045590004
2025-08-11 11:30:00,-0.1111275560952398,-2.6372424281683466
2025-08-11 12:00:00,-0.1273106694761909,-2.6379679931272384
2025-08-11 12:30:00,-0.1466697918571446,-2.638196848324139
2025-08-11 13:00:00,-0.1633022912380941,-2.6370748593056264
2025-08-11 13:30:00,-0.1757843526190465,-2.6355547891778612
2025-08-11 14:00:00,-0.1760593079999977,-2.6334660252693785
2025-08-11 14:30:00,-0.1740294823809509,-2.6306315463313767
2025-08-11 15:00:00,-0.1642087357619064,-2.6267882422295448
2025-08-11 15:30:00,-0.1510286031428582,-2.622856286788326
2025-08-11 16:00:00,-0.1394127685238106,-2.6187516502134254
2025-08-11 16:30:00,-0.1225095209047633,-2.614484671333221
2025-08-11 17:00:00,-0.1083681152857154,-2.61050142614703
2025-08-11 17:30:00,-0.0934257886666649,-2.606445835427099
2025-08-11 18:00:00,-0.0807531550476183,-2.6033661320564483
2025-08-11 18:30:00,-0.0725471444285723,-2.59974433480124
2025-08-11 19:00:00,-0.0620540278095227,-2.5965879940953682
2025-08-11 19:30:00,-0.058623543190476,-2.594140148197598
2025-08-11 20:00:00,-0.0589368735714277,-2.5937760309608313
2025-08-11 20:30:00,-0.0603597659523831,-2.5938053638936305
2025-08-11 21:00:00,-0.0630328343333321,-2.5951646042807752
2025-08-11 21:30:00,-0.0678151127142872,-2.5970973107495516
2025-08-11 22:00:00,-0.0715351110952371,-2.5987630344979453
2025-08-11 22:30:00,-0.0777257234761894,-2.60133132910726
2025-08-11 23:00:00,-0.0830551078571417,-2.6034282260796062
2025-08-11 23:30:00,-0.0894489662380955,-2.605661871644891
2025-08-12 00:00:00,-0.0915519036190464,-2.6075081269946474
2025-08-12 00:30:00,-0.0891002359999986,-2.6085919869097522
2025-08-12 01:00:00,-0.0882656293809514,-2.6100662799229233
2025-08-12 01:30:00,-0.0803453657619048,-2.610335051443282
2025-08-12 02:00:00,-0.0730479961428569,-2.609964807310638
2025-08-12 02:30:00,-0.0621275565238093,-2.6094052016352767
2025-08-12 03:00:00,-0.0457011079047628,-2.608632232290616
2025-08-12 03:30:00,-0.0275445282857165,-2.607499266366794
2025-08-12 04:00:00,-0.0028525536666657,-2.6065476617046714
2025-08-12 04:30:00,0.0143219219523853,-2.6051743705588217
2025-08-12 05:00:00,0.0270045555714288,-2.6039481220729055
2025-08-12 05:30:00,0.0393256541904754,-2.6025402083219857
2025-08-12 06:00:00,0.0452641658095227,-2.6018647690582655
2025-08-12 06:30:00,0.0494504834285702,-2.601966813848068
2025-08-12 07:00:00,0.0478946520476193,-2.6017928694605397
2025-08-12 07:30:00,0.0429794346666667,-2.6028284473265173
2025-08-12 08:00:00,0.0385486912857135,-2.603757735455992
2025-08-12 08:30:00,0.0231785619047637,-2.6053054991509597
2025-08-12 09:00:00,0.0062693535238078,-2.607793146893383
2025-08-12 09:30:00,-0.013682924857143,-2.610576154756438
2025-08-12 10:00:00,-0.0326981872380935,-2.614474757818976
2025-08-12 10:30:00,-0.0559845016190474,-2.617090195743984
2025-08-12 11:00:00,-0.0778746759999997,-2.618938933391868
2025-08-12 11:30:00,-0.0981477893809521,-2.6207259939799132
2025-08-12 12:00:00,-0.1162313857619066,-2.6214236133510602
2025-08-12 12:30:00,-0.1380435781428575,-2.621822176959006
2025-08-12 13:00:00,-0.1585199375238091,-2.621240618979168
2025-08-12 13:30:00,-0.1699550689047619,-2.620085665407808
2025-08-12 14:00:00,-0.1786560332857154,-2.6190134443591
2025-08-12 14:30:00,-0.1767591466666656,-2.616073958752455
2025-08-12 15:00:00,-0.1733934880476184,-2.612871795052087
2025-08-12 15:30:00,-0.1645042764285731,-2.6091502293399804
2025-08-12 16:00:00,-0.1506715118095234,-2.605588642842811
2025-08-12 16:30:00,-0.1389755011904772,-2.601298043799488
2025-08-12 17:00:00,-0.1238321225714302,-2.5972457941864566
2025-08-12 17:30:00,-0.1087064189523823,-2.5934696041349223
2025-08-12 18:00:00,-0.0953230403333345,-2.5900671890827307
2025-08-12 18:30:00,-0.0823493097142828,-2.586028356057095
2025-08-12 19:00:00,-0.0732469830952373,-2.582217578335901
2025-08-12 19:30:00,-0.0656814104761887,-2.5799501291875453
2025-08-12 20:00:00,-0.0647292148571414,-2.578149424116324
2025-08-12 20:30:00,-0.0681053532380961,-2.5781577555494217
2025-08-12 21:00:00,-0.0720362726190473,-2.5784168343089764
2025-08-12 21:30:00,-0.0799945599999991,-2.579618791693155
2025-08-12 22:00:00,-0.0893940753809521,-2.5816646245323525
2025-08-12 22:30:00,-0.1026549947619046,-2.5833457590173095
2025-08-12 23:00:00,-0.1168574491428573,-2.585615377481418
2025-08-12 23:30:00,-0.1263119215238095,-2.5878820140134007
2025-08-13 00:00:00,-0.1353697709047616,-2.589851279282249
2025-08-13 00:30:00,-0.1423887172857154,-2.591750654735521
2025-08-13 01:00:00,-0.1473238036666677,-2.5929892355367783
2025-08-13 01:30:00,-0.1505516530476187,-2.593965535028308
2025-08-13 02:00:00,-0.1468498094285715,-2.5938129984681932
2025-08-13 02:30:00,-0.1418472208095236,-2.5929216715262378
2025-08-13 03:00:00,-0.1332469121904784,-2.591935681255299
2025-08-13 03:30:00,-0.1230899805714302,-2.590262274020168
2025-08-13 04:00:00,-0.1064602859523806,-2.5883428912771698
2025-08-13 04:30:00,-0.0931548893333333,-2.585764420805949
2025-08-13 05:00:00,-0.0814466847142887,-2.5830252699722873
2025-08-13 05:30:00,-0.0759398840952363,-2.581096611521043
2025-08-13 06:00:00,-0.070829706476192,-2.5792356897309334
2025-08-13 06:30:00,-0.069234878857143,-2.577722833768675
2025-08-13 07:00:00,-0.0695405342380939,-2.576565717570573
2025-08-13 07:30:00,-0.0702526816190465,-2.5757000534270804
2025-08-13 08:00:00,-0.0762323730000011,-2.5760172890527593
2025-08-13 08:30:00,-0.0857725023809501,-2.5765565905272623
2025-08-13 09:00:00,-0.0985412727619046,-2.5777100402544892
2025-08-13 09:30:00,-0.1143454381428572,-2.579129232946933
2025-08-13 10:00:00,-0.1329969715238095,-2.5816533296748405
2025-08-13 10:30:00,-0.148934075904763,-2.5836100199972116
2025-08-13 11:00:00,-0.1692148642857147,-2.585294112464445
2025-08-13 11:30:00,-0.1896965736666644,-2.585919690583787
2025-08-13 12:00:00,-0.2098917050476201,-2.5864776021016356
2025-08-13 12:30:00,-0.2291102134285725,-2.586435495555574
2025-08-13 13:00:00,-0.2519670108095229,-2.5860690208471846
2025-08-13 13:30:00,-0.269435519190476,-2.585633194935538
2025-08-13 14:00:00,-0.2799743345714286,-2.5842982599949904
2025-08-13 14:30:00,-0.2809446849523811,-2.5823556106736794
2025-08-13 15:00:00,-0.2789148593333344,-2.579861883094206
2025-08-13 15:30:00,-0.2775177967142865,-2.576850063400535
2025-08-13 16:00:00,-0.2690382330952394,-2.573352246878833
2025-08-13 16:30:00,-0.2574751614761903,-2.570317805094102
2025-08-13 17:00:00,-0.2463416068571429,-2.566541952644446
2025-08-13 17:30:00,-0.2312762102380965,-2.5627318389255054
2025-08-13 18:00:00,-0.2179532696190471,-2.558970677630409
2025-08-13 18:30:00,-0.2048564689999992,-2.555376256064702
2025-08-13 19:00:00,-0.1919026073809535,-2.551160831297925
2025-08-13 19:30:00,-0.1825694907619055,-2.5478651960803296
2025-08-13 20:00:00,-0.171232690142856,-2.5457524605383988
2025-08-13 20:30:00,-0.1638803635238093,-2.545273050153674
2025-08-13 21:00:00,-0.1599752739047619,-2.5453057900874247
2025-08-13 21:30:00,-0.1511991322857144,-2.5452305554016554
2025-08-13 22:00:00,-0.1500283406666671,-2.5463643039548587
2025-08-13 22:30:00,-0.1482247860476213,-2.5480244271800467
2025-08-13 23:00:00,-0.150757240428571,-2.5496112688730386
2025-08-13 23:30:00,-0.1500006158095246,-2.5518692916984596
2025-08-14 00:00:00,-0.1515410971904767,-2.5538299207125874
2025-08-14 00:30:00,-0.1527453935714287,-2.5557519836429066
2025-08-14 01:00:00,-0.1559655679523821,-2.557649682489649
2025-08-14 01:30:00,-0.1525372773333326,-2.5589293727598306
2025-08-14 02:00:00,-0.1500856097142846,-2.5605511169947963
2025-08-14 02:30:00,-0.1445711340952389,-2.5614927658825746
2025-08-14 03:00:00,-0.1370628434761893,-2.5618460231498497
2025-08-14 03:30:00,-0.128163762857143,-2.5630307800757977
2025-08-14 04:00:00,-0.1156843752380947,-2.562917375803951
2025-08-14 04:30:00,-0.1060272676190454,-2.562912015962086
2025-08-14 05:00:00,-0.0986046339999995,-2.5621665554469706
2025-08-14 05:30:00,-0.0943556843809505,-2.5619825595145693
2025-08-14 06:00:00,-0.0879776557619045,-2.5614064936796823
2025-08-14 06:30:00,-0.0882833111428589,-2.560887847843943
2025-08-14 07:00:00,-0.0853373005238093,-2.5600251363432687
2025-08-14 07:30:00,-0.0867525179047621,-2.5602973201835675
2025-08-14 08:00:00,-0.0932320332857152,-2.560402834101109
2025-08-14 08:30:00,-0.0999752326666663,-2.5610311892241024
2025-08-14 09:00:00,-0.1116948790476213,-2.561999913667449
2025-08-14 09:30:00,-0.1247702274285715,-2.5632060740065894
2025-08-14 10:00:00,-0.1417596118095225,-2.565023410089965
2025-08-14 10:30:00,-0.1581789961904744,-2.5663590316005154
2025-08-14 11:00:00,-0.1754419335714285,-2.567313274146112
2025-08-14 11:30:00,-0.1927599589523831,-2.567725819165544
2025-08-14 12:00:00,-0.2112027653333332,-2.5685018223858593
2025-08-14 12:30:00,-0.2349934227142853,-2.5681369882246803
2025-08-14 13:00:00,-0.2611591680952382,-2.568327232371751
2025-08-14 13:30:00,-0.27350074647619,-2.567773071019557
2025-08-14 14:00:00,-0.2867463158571429,-2.5663544935509384
2025-08-14 14:30:00,-0.2948121922380954,-2.5648909413125116
2025-08-14 15:00:00,-0.2975128046190485,-2.5625779686863046
2025-08-14 15:30:00,-0.3001155660000016,-2.5600336191463393
2025-08-14 16:00:00,-0.2943535480000013,-2.5568211975768307
