date_time,observed,predicted
2025-07-08 12:30:00,-2.283853218142857,-2.0817331019184597
2025-07-08 13:00:00,-2.2962046655238084,-2.0851844508489457
2025-07-08 13:30:00,-2.2999016389047613,-2.0916699821944835
2025-07-08 14:00:00,-2.2949441382857145,-2.09680425951895
2025-07-08 14:30:00,-2.292115716666665,-2.107973650258769
2025-07-08 15:00:00,-2.285882821047619,-2.1191173638140066
2025-07-08 15:30:00,-2.279720232428572,-2.1295405979280404
2025-07-08 16:00:00,-2.273776239809524,-2.1426885158259186
2025-07-08 16:30:00,-2.271874834190476,-2.1537298135867866
2025-07-08 17:00:00,-2.2708446565714286,-2.163274478962248
2025-07-08 17:30:00,-2.272892636952381,-2.177553860010973
2025-07-08 18:00:00,-2.274940617333333,-2.1837180544500456
2025-07-08 18:30:00,-2.279160439714285,-2.1913329397846413
2025-07-08 19:00:00,-2.285278551095239,-2.2084986353745286
2025-07-08 19:30:00,-2.2937014434761904,-2.2172764227128634
2025-07-08 20:00:00,-2.301386177857143,-2.2168429919274732
2025-07-08 20:30:00,-2.310037535238095,-2.219164096288974
2025-07-08 21:00:00,-2.318241831619047,-2.217526767096882
2025-07-08 21:30:00,-2.323737049,-2.2174345783518725
2025-07-08 22:00:00,-2.327183494380952,-2.215503525563231
2025-07-08 22:30:00,-2.3330753347619035,-2.2194933465571345
2025-07-08 23:00:00,-2.332873491142857,-2.2215957494211853
2025-07-08 23:30:00,-2.3311952005238084,-2.2263671503073397
2025-07-09 00:00:00,-2.320327523904761,-2.2276406869112826
2025-07-09 00:30:00,-2.311445987285716,-2.234728640986007
2025-07-09 01:00:00,-2.299390766666667,-2.243104831655293
2025-07-09 01:30:00,-2.2837376950476207,-2.25286941422467
2025-07-09 02:00:00,-2.2648857204285733,-2.259814452244262
2025-07-09 02:30:00,-2.248203262809524,-2.2709459622811226
2025-07-09 03:00:00,-2.228216507190477,-2.2812719486882145
2025-07-09 03:30:00,-2.2124480405714286,-2.2923499012084063
2025-07-09 04:00:00,-2.1919768109523794,-2.300008289403687
2025-07-09 04:30:00,-2.1790755813333336,-2.3103869331803244
2025-07-09 05:00:00,-2.1710201847142865,-2.317291133274094
2025-07-09 05:30:00,-2.172990183095237,-2.322820942914651
2025-07-09 06:00:00,-2.17440540047619,-2.3209950673114066
2025-07-09 06:30:00,-2.180515836857143,-2.3218081483817854
2025-07-09 07:00:00,-2.194346887238096,-2.3216426864735897
2025-07-09 07:30:00,-2.204000217619048,-2.3153472843933187
2025-07-09 08:00:00,-2.218878198,-2.3059043073738343
2025-07-09 08:30:00,-2.236076309380952,-2.2988244199270564
2025-07-09 09:00:00,-2.256503192761904,-2.2892564839143397
2025-07-09 09:30:00,-2.2772814801428565,-2.2829368849274783
2025-07-09 10:00:00,-2.2908413025238072,-2.2678247317146245
2025-07-09 10:30:00,-2.308586519904762,-2.2625002891349144
2025-07-09 11:00:00,-2.324847615285716,-2.259378902234353
2025-07-09 11:30:00,-2.333282701666666,-2.2599860170969928
2025-07-09 12:00:00,-2.3362391920476187,-2.259604447640954
2025-07-09 12:30:00,-2.331326779428572,-2.2576454063765925
2025-07-09 13:00:00,-2.3262034458095244,-2.2589358981067162
2025-07-09 13:30:00,-2.316392568190476,-2.2594262463277084
2025-07-09 14:00:00,-2.305517216571427,-2.2697562046271207
2025-07-09 14:30:00,-2.2937255489523807,-2.281783267054517
2025-07-09 15:00:00,-2.278029714333335,-2.297796967563968
2025-07-09 15:30:00,-2.264154186714286,-2.315859419404839
2025-07-09 16:00:00,-2.254682650095237,-2.3309449857760347
2025-07-09 16:30:00,-2.245432034476191,-2.3483511563541137
2025-07-09 17:00:00,-2.2374469448571417,-2.3658181250688726
2025-07-09 17:30:00,-2.235369837238096,-2.3791816321278576
2025-07-09 18:00:00,-2.2319568966190486,-2.386082751805178
2025-07-09 18:30:00,-2.2358328589999994,-2.3896255341641073
2025-07-09 19:00:00,-2.244122812380951,-2.3943145852158763
2025-07-09 19:30:00,-2.2484832487619064,-2.3897585357878066
2025-07-09 20:00:00,-2.257398290142857,-2.3867859304928336
2025-07-09 20:30:00,-2.263252717523809,-2.3799119068649435
2025-07-09 21:00:00,-2.267957013904762,-2.3669811039080786
2025-07-09 21:30:00,-2.2689580642857137,-2.3550470392170366
2025-07-09 22:00:00,-2.269326351666667,-2.346480318651483
2025-07-09 22:30:00,-2.26448205204762,-2.331785450246092
2025-07-09 23:00:00,-2.2591708224285707,-2.3209912948454
2025-07-09 23:30:00,-2.250254066809525,-2.31325972271755
2025-07-10 00:00:00,-2.238542706190477,-2.307064030503637
2025-07-10 00:30:00,-2.2264347225714287,-2.3066910405994356
2025-07-10 01:00:00,-2.207844106952381,-2.3099232544218244
2025-07-10 01:30:00,-2.188552746333333,-2.3105939136200906
2025-07-10 02:00:00,-2.1664093677142864,-2.3174123595440346
2025-07-10 02:30:00,-2.1448132260952395,-2.321455442593269
2025-07-10 03:00:00,-2.122027215476192,-2.32808066149184
2025-07-10 03:30:00,-2.103225678857142,-2.331831506772331
2025-07-10 04:00:00,-2.0806605892380947,-2.337488198302618
2025-07-10 04:30:00,-2.063204754619048,-2.336938711171232
2025-07-10 05:00:00,-2.0511572090000003,-2.3381746644501957
2025-07-10 05:30:00,-2.050689487380952,-2.3389371771352474
2025-07-10 06:00:00,-2.0495714587619043,-2.3375111920708065
2025-07-10 06:30:00,-2.051900667142857,-2.3348037661755603
2025-07-10 07:00:00,-2.0617395685238105,-2.3260730425472804
2025-07-10 07:30:00,-2.07424246090476,-2.320341316302237
2025-07-10 08:00:00,-2.088294432285715,-2.3094110257005727
2025-07-10 08:30:00,-2.105414561666666,-2.298949146364902
2025-07-10 09:00:00,-2.124636226047619,-2.286275832377543
2025-07-10 09:30:00,-2.1442996014285702,-2.2753295056330085
2025-07-10 10:00:00,-2.1628808278095235,-2.2619443331459257
2025-07-10 10:30:00,-2.1803570111904755,-2.2473537033689546
2025-07-10 11:00:00,-2.1950988965714293,-2.2355045232573194
2025-07-10 11:30:00,-2.2082664839523805,-2.2358729388154535
2025-07-10 12:00:00,-2.216254378333334,-2.2354688559199265
2025-07-10 12:30:00,-2.229291351714285,-2.2445058583237536
2025-07-10 13:00:00,-2.239117097095237,-2.2584578894003617
2025-07-10 13:30:00,-2.2448805174761906,-2.2763385600511636
2025-07-10 14:00:00,-2.2420773148571422,-2.2925876128809177
2025-07-10 14:30:00,-2.235352270238096,-2.309219564076512
2025-07-10 15:00:00,-2.225169988619048,-2.3285983709154605
2025-07-10 15:30:00,-2.215982005,-2.350819281906048
2025-07-10 16:00:00,-2.205122003380952,-2.370736133113758
2025-07-10 16:30:00,-2.2023418257619043,-2.395738419211738
2025-07-10 17:00:00,-2.1946982711428555,-2.4153073076911706
2025-07-10 17:30:00,-2.190371339523809,-2.432124751921472
2025-07-10 18:00:00,-2.1882690129047604,-2.447053802643005
2025-07-10 18:30:00,-2.188707607285713,-2.4640232928982466
2025-07-10 19:00:00,-2.189638350666668,-2.4761565393238723
2025-07-10 19:30:00,-2.1956004980476203,-2.4877931554154866
2025-07-10 20:00:00,-2.200179530428572,-2.4903278544606446
2025-07-10 20:30:00,-2.207432422809525,-2.4907583104845434
2025-07-10 21:00:00,-2.214238254190477,-2.4866440612615865
2025-07-10 21:30:00,-2.217755006571429,-2.482700478063991
2025-07-10 22:00:00,-2.2215102239523823,-2.4765275518107908
2025-07-10 22:30:00,-2.221870836333333,-2.476827642850963
2025-07-10 23:00:00,-2.220735132714286,-2.4720060473743812
2025-07-10 23:30:00,-2.217595745095238,-2.46983372575854
2025-07-11 00:00:00,-2.2115814454761904,-2.4685650663330527
2025-07-11 00:30:00,-2.200994996857143,-2.4669753621429447
2025-07-11 01:00:00,-2.1882367062380954,-2.468008882220026
2025-07-11 01:30:00,-2.169726266619048,-2.471012765678542
2025-07-11 02:00:00,-2.149872450000001,-2.4738863973695615
2025-07-11 02:30:00,-2.1275632383809526,-2.4790831896719236
2025-07-11 03:00:00,-2.107109552761905,-2.4873002649543934
2025-07-11 03:30:00,-2.0851595511428576,-2.491485457917404
2025-07-11 04:00:00,-2.059428321523807,-2.496959653115784
2025-07-11 04:30:00,-2.0408477059047616,-2.5018068522304446
2025-07-11 05:00:00,-2.027040160285714,-2.506497215128028
2025-07-11 05:30:00,-2.0191253776666667,-2.507743126371218
2025-07-11 06:00:00,-2.017048270047619,-2.5115087847217694
2025-07-11 06:30:00,-2.0175396274285697,-2.5110258784158495
2025-07-11 07:00:00,-2.023745589809524,-2.508421947674176
2025-07-11 07:30:00,-2.032449710190475,-2.5002914611110034
2025-07-11 08:00:00,-2.043202602571429,-2.4906442485841076
2025-07-11 08:30:00,-2.061246722952381,-2.480593877093302
2025-07-11 09:00:00,-2.083413606333334,-2.472565349665369
2025-07-11 09:30:00,-2.1031549637142843,-2.460715747529934
2025-07-11 10:00:00,-2.12511312009524,-2.4446218773111235
2025-07-11 10:30:00,-2.1407514524761897,-2.4300980328473294
2025-07-11 11:00:00,-2.160663030857143,-2.42048008742145
2025-07-11 11:30:00,-2.1754752232380965,-2.413416361103206
2025-07-11 12:00:00,-2.193154652619046,-2.4146191674540067
2025-07-11 12:30:00,-2.211730398000001,-2.414989038634901
2025-07-11 13:00:00,-2.232698906380953,-2.4234172904233064
2025-07-11 13:30:00,-2.240546186761904,-2.429201273108993
2025-07-11 14:00:00,-2.244840835142857,-2.4394673234644304
2025-07-11 14:30:00,-2.242522106523809,-2.454343246116821
2025-07-11 15:00:00,-2.235445526904762,-2.4746173658880974
2025-07-11 15:30:00,-2.228981841285713,-2.4949934444902255
2025-07-11 16:00:00,-2.219098462666666,-2.517259644628997
2025-07-11 16:30:00,-2.214683680047619,-2.5345670155255746
2025-07-11 17:00:00,-2.207208283428572,-2.557225479395315
2025-07-11 17:30:00,-2.1992131938095247,-2.574104384468061
2025-07-11 18:00:00,-2.194753323190476,-2.595311508856331
2025-07-11 18:30:00,-2.190338540571429,-2.615631355745162
2025-07-11 19:00:00,-2.192245906952381,-2.6413781497101843
2025-07-11 19:30:00,-2.190793887333333,-2.6511480774790837
2025-07-11 20:00:00,-2.196404499714284,-2.660797569170258
2025-07-11 20:30:00,-2.199296164095237,-2.6626154350590108
2025-07-11 21:00:00,-2.203515986476191,-2.6601105651746284
2025-07-11 21:30:00,-2.208511379857144,-2.6574219471471814
2025-07-11 22:00:00,-2.2138484392380966,-2.652254823426869
2025-07-11 22:30:00,-2.218509972619048,-2.651524166267502
2025-07-11 23:00:00,-2.222925366000001,-2.6469892508935597
2025-07-11 23:30:00,-2.220903215380952,-2.6391521746969566
2025-07-12 00:00:00,-2.216006152761905,-2.633230518413311
2025-07-12 00:30:00,-2.210026941142857,-2.628319529883198
2025-07-12 01:00:00,-2.1991592645238103,-2.627557051919015
2025-07-12 01:30:00,-2.186699745904761,-2.625899130941658
2025-07-12 02:00:00,-2.168726543285715,-2.628186109631038
2025-07-12 02:30:00,-2.1497416296666656,-2.6305887337872207
2025-07-12 03:00:00,-2.128627637047618,-2.633112687310824
2025-07-12 03:30:00,-2.1100546964285707,-2.640930116045408
2025-07-12 04:00:00,-2.0847376338095223,-2.6468990876687184
2025-07-12 04:30:00,-2.0614716681904763,-2.649738551980405
2025-07-12 05:00:00,-2.040006140571429,-2.65339245726823
2025-07-12 05:30:00,-2.022681050952382,-2.6529751517217113
2025-07-12 06:00:00,-2.0005454783333327,-2.6466929353136712
2025-07-12 06:30:00,-1.9913705197142848,-2.6456751130110234
2025-07-12 07:00:00,-1.9871743330952396,-2.6403054876617524
2025-07-12 07:30:00,-1.9899253834761907,-2.635673684324564
2025-07-12 08:00:00,-1.9942858198571425,-2.6257887755119054
2025-07-12 08:30:00,-2.0020231862380937,-2.6128725431131326
2025-07-12 09:00:00,-2.0151688416190474,-2.598423138057196
2025-07-12 09:30:00,-2.028788971,-2.587272374095642
2025-07-12 10:00:00,-2.0451983553809496,-2.5670070181759206
2025-07-12 10:30:00,-2.0626119067619038,-2.5505212440120912
2025-07-12 11:00:00,-2.0844317741428577,-2.534130397058691
2025-07-12 11:30:00,-2.0992867295238087,-2.5187484772149062
2025-07-12 12:00:00,-2.1071416849047626,-2.4931441596580988
2025-07-12 12:30:00,-2.113389579285715,-2.4759602545325947
2025-07-12 13:00:00,-2.112469315666668,-2.4579088038030226
2025-07-12 13:30:00,-2.1086818150476194,-2.4513679627819793
2025-07-12 14:00:00,-2.102308305428571,-2.447388998618117
2025-07-12 14:30:00,-2.0923644888095234,-2.448143972958275
2025-07-12 15:00:00,-2.0807837421904765,-2.4561008328214182
2025-07-12 15:30:00,-2.071173916571429,-2.465926460322576
2025-07-12 16:00:00,-2.0588451429523813,-2.480738473894063
2025-07-12 16:30:00,-2.042865755333331,-2.4924406126611727
2025-07-12 17:00:00,-2.027722507714286,-2.5116541493642215
2025-07-12 17:30:00,-2.008506804095238,-2.5234003377315077
2025-07-12 18:00:00,-1.9944280304761897,-2.530140272217794
2025-07-12 18:30:00,-1.987831405857142,-2.5401395949555834
2025-07-12 19:00:00,-1.978746623238096,-2.5398509145948465
2025-07-12 19:30:00,-1.9721599986190483,-2.539957213036644
2025-07-12 20:00:00,-1.970981532,-2.5365631425867843
2025-07-12 20:30:00,-1.9723967493809529,-2.5329037162173216
2025-07-12 21:00:00,-1.975772887761904,-2.5276640557151215
2025-07-12 21:30:00,-1.977461658142856,-2.5211365887577357
2025-07-12 22:00:00,-1.9826053405238089,-2.5135584044829793
2025-07-12 22:30:00,-1.987520557904762,-2.502207547957819
2025-07-12 23:00:00,-1.9906857752857143,-2.4897756952357666
2025-07-12 23:30:00,-1.9936323966666667,-2.4749165893306158
2025-07-13 00:00:00,-1.9955320880476195,-2.465016104699706
2025-07-13 00:30:00,-1.993017788428571,-2.458701054948504
2025-07-13 01:00:00,-1.985737962809524,-2.4490627684843185
2025-07-13 01:30:00,-1.978518575190476,-2.443568927664135
2025-07-13 02:00:00,-1.9649792325714288,-2.439850932214713
2025-07-13 02:30:00,-1.9522889239523815,-2.4421369760058345
2025-07-13 03:00:00,-1.9368040103333328,-2.445784798030348
2025-07-13 03:30:00,-1.9156197107142856,-2.444579093696566
2025-07-13 04:00:00,-1.8979706300952384,-2.4534281469339776
2025-07-13 04:30:00,-1.874825409476191,-2.4585152250774245
2025-07-13 05:00:00,-1.8568775568571407,-2.4660007774320865
2025-07-13 05:30:00,-1.836906020238096,-2.4708232753423984
2025-07-13 06:00:00,-1.821340930619048,-2.481472572566215
2025-07-13 06:30:00,-1.8038125950000008,-2.4823479039300764
2025-07-13 07:00:00,-1.7956418033809518,-2.4817773662468507
2025-07-13 07:30:00,-1.785605616761904,-2.477783868125367
2025-07-13 08:00:00,-1.7774875881428565,-2.468411108114748
2025-07-13 08:30:00,-1.7735824985238091,-2.4592424545168217
2025-07-13 09:00:00,-1.7710132419047608,-2.4459198831505167
2025-07-13 09:30:00,-1.7710124502857156,-2.427902427762556
2025-07-13 10:00:00,-1.7767888956666669,-2.413367182426203
2025-07-13 10:30:00,-1.77630582404762,-2.388060088850758
2025-07-13 11:00:00,-1.7786196824285718,-2.36501654087684
2025-07-13 11:30:00,-1.7792538478095237,-2.3419164494007223
2025-07-13 12:00:00,-1.7791772681904765,-2.3235315767343514
2025-07-13 12:30:00,-1.7775011715714284,-2.301294666971509
2025-07-13 13:00:00,-1.7748309079523803,-2.2904544666782662
2025-07-13 13:30:00,-1.7679652493333344,-2.277344058922603
2025-07-13 14:00:00,-1.759964809714287,-2.2670317961689874
2025-07-13 14:30:00,-1.747065905095238,-2.259851927971769
2025-07-13 15:00:00,-1.7324696324761903,-2.253039401251928
2025-07-13 15:30:00,-1.7204144118571425,-2.2505921029022176
2025-07-13 16:00:00,-1.7031718232380948,-2.251550331812136
2025-07-13 16:30:00,-1.6874033566190485,-2.2522357017052155
2025-07-13 17:00:00,-1.670447477,-2.256744942338195
2025-07-13 17:30:00,-1.6568508523809529,-2.2630972519723866
2025-07-13 18:00:00,-1.6437465077619051,-2.2687988333053792
2025-07-13 18:30:00,-1.631063874142857,-2.2690770594515772
2025-07-13 19:00:00,-1.622383389523811,-2.2727090916931276
2025-07-13 19:30:00,-1.6152343089047616,-2.271456141647946
2025-07-13 20:00:00,-1.6086025962857151,-2.2678010611042168
2025-07-13 20:30:00,-1.6049435156666665,-2.2590663033766964
2025-07-13 21:00:00,-1.6058665840476176,-2.2502157228316397
2025-07-13 21:30:00,-1.608547327428571,-2.245880725864454
2025-07-13 22:00:00,-1.6104546938095234,-2.2337013440898295
2025-07-13 22:30:00,-1.6155380691904777,-2.2232435373133703
2025-07-13 23:00:00,-1.6203126725714283,-2.2117309817913955
2025-07-13 23:30:00,-1.6259935919523807,-2.202301759671157
2025-07-14 00:00:00,-1.6277625383333336,-2.189196926563291
2025-07-14 00:30:00,-1.630154378714286,-2.179998007024834
2025-07-14 01:00:00,-1.6277103860952389,-2.1727795656198765
2025-07-14 01:30:00,-1.6258288494761906,-2.1669322773786615
2025-07-14 02:00:00,-1.6163596378571423,-2.159571407835097
2025-07-14 02:30:00,-1.6069507332380943,-2.1543763465550465
2025-07-14 03:00:00,-1.5948252056190468,-2.153865177914085
2025-07-14 03:30:00,-1.577793538,-2.1549697267642975
2025-07-14 04:00:00,-1.5592127913809513,-2.153567499430278
2025-07-14 04:30:00,-1.5406168257619046,-2.1580093321342484
2025-07-14 05:00:00,-1.5273794111428567,-2.1669775121830135
2025-07-14 05:30:00,-1.5176443215238098,-2.179740518305665
2025-07-14 06:00:00,-1.5096592319047626,-2.1888340768914567
2025-07-14 06:30:00,-1.5081445802857143,-2.205278362165088
2025-07-14 07:00:00,-1.5047040956666666,-2.211833818433943
2025-07-14 07:30:00,-1.5055722070476187,-2.223970247500295
2025-07-14 08:00:00,-1.5144092664285709,-2.231737187615921
2025-07-14 08:30:00,-1.5213909308095228,-2.2372818773408936
2025-07-14 09:00:00,-1.5371752271904753,-2.244184522813833
2025-07-14 09:30:00,-1.549185970571429,-2.2432079910501224
2025-07-14 10:00:00,-1.5673728989523803,-2.2387962593829247
2025-07-14 10:30:00,-1.5850324593333318,-2.2356800454920385
2025-07-14 11:00:00,-1.6063601777142846,-2.236586117236175
2025-07-14 11:30:00,-1.6237034220952384,-2.239085735003503
2025-07-14 12:00:00,-1.6427789914761894,-2.242376582602434
2025-07-14 12:30:00,-1.6636771928571434,-2.2511642792577695
2025-07-14 13:00:00,-1.6875909202380943,-2.260160319176987
2025-07-14 13:30:00,-1.702877586619047,-2.2689555748547416
2025-07-14 14:00:00,-1.7146643840000009,-2.2842274275061936
2025-07-14 14:30:00,-1.7193708743809502,-2.2964197665374475
2025-07-14 15:00:00,-1.714536443761904,-2.309313901350837
2025-07-14 15:30:00,-1.709639381142857,-2.321219248614847
2025-07-14 16:00:00,-1.7017169235238103,-2.3405661774569024
2025-07-14 16:30:00,-1.6927375359047627,-2.359039456925368
2025-07-14 17:00:00,-1.6816742882857127,-2.381700843961133
2025-07-14 17:30:00,-1.669626742666667,-2.3988198774913188
2025-07-14 18:00:00,-1.6578504250476178,-2.418296422225105
2025-07-14 18:30:00,-1.6452480984285724,-2.4400220546324247
2025-07-14 19:00:00,-1.636407130809524,-2.46645211923371
2025-07-14 19:30:00,-1.6254141901904753,-2.482494517847409
2025-07-14 20:00:00,-1.618774802571428,-2.4971014368349183
2025-07-14 20:30:00,-1.6136646249523787,-2.5062309549652477
2025-07-14 21:00:00,-1.612634447333334,-2.5068312008476923
2025-07-14 21:30:00,-1.609678436714287,-2.5045807355965053
2025-07-14 22:00:00,-1.6081561100952375,-2.5009693661605508
2025-07-14 22:30:00,-1.6087979504761905,-2.4946374923430845
2025-07-14 23:00:00,-1.609713343857143,-2.48528201919986
2025-07-14 23:30:00,-1.6129687372380954,-2.47502545555174
2025-07-15 00:00:00,-1.6136655346190478,-2.463751950182748
2025-07-15 00:30:00,-1.6142217179999996,-2.4504190351006914
2025-07-15 01:00:00,-1.614363734380952,-2.4426088584345322
2025-07-15 01:30:00,-1.6121229877619048,-2.4303103662970793
2025-07-15 02:00:00,-1.6055385571428555,-2.4224573292591387
2025-07-15 02:30:00,-1.5999384245238102,-2.4165894504882015
2025-07-15 03:00:00,-1.591162282904761,-2.4143970861368635
2025-07-15 03:30:00,-1.5769352202857154,-2.4101807631624244
2025-07-15 04:00:00,-1.5616612276666673,-2.4081735771562625
2025-07-15 04:30:00,-1.5464398670476185,-2.4076647327806358
2025-07-15 05:00:00,-1.5324237254285702,-2.406621520482235
2025-07-15 05:30:00,-1.523575082809524,-2.411607608555453
2025-07-15 06:00:00,-1.5153339841904765,-2.414408812164358
2025-07-15 06:30:00,-1.5083408675714265,-2.4164038025517014
2025-07-15 07:00:00,-1.5068713039523804,-2.42205577639298
2025-07-15 07:30:00,-1.502481740333333,-2.422757825525499
2025-07-15 08:00:00,-1.5050218697142854,-2.419829022754045
2025-07-15 08:30:00,-1.5113432270952392,-2.4214764908581055
2025-07-15 09:00:00,-1.523072742476191,-2.420224283083703
2025-07-15 09:30:00,-1.534302433857144,-2.4131080536678127
2025-07-15 10:00:00,-1.5475030462380954,-2.403909966816928
2025-07-15 10:30:00,-1.566357825619048,-2.39576033320731
2025-07-15 11:00:00,-1.5812403249999991,-2.3825101794303447
2025-07-15 11:30:00,-1.598354973380952,-2.3765184993373687
2025-07-15 12:00:00,-1.6141437887619052,-2.3678371279470074
2025-07-15 12:30:00,-1.6361592271428564,-2.3611659500730053
2025-07-15 13:00:00,-1.660223437523808,-2.357734565786788
2025-07-15 13:30:00,-1.6779456299047617,-2.3530951359155843
2025-07-15 14:00:00,-1.6882108922857135,-2.3521040114375036
2025-07-15 14:30:00,-1.6942279966666671,-2.3544692472120246
2025-07-15 15:00:00,-1.6957080400476192,-2.362363649010204
2025-07-15 15:30:00,-1.6943812844285708,-2.3714414460972373
2025-07-15 16:00:00,-1.6899686958095246,-2.381472287165592
2025-07-15 16:30:00,-1.6833743961904777,-2.3971470408304087
2025-07-15 17:00:00,-1.6722934735714288,-2.4089294115838404
2025-07-15 17:30:00,-1.6660056209523817,-2.426611029972401
2025-07-15 18:00:00,-1.6511359263333327,-2.4389544463861217
2025-07-15 18:30:00,-1.6465277667142857,-2.463432190771954
2025-07-15 19:00:00,-1.6347591240952384,-2.4859971631945417
2025-07-15 19:30:00,-1.6278286394761894,-2.507123612741617
2025-07-15 20:00:00,-1.6236950848571428,-2.5211635345612775
2025-07-15 20:30:00,-1.6239227582380953,-2.5336443723221427
2025-07-15 21:00:00,-1.6254082826190477,-2.540794317968404
2025-07-15 21:30:00,-1.6274485879999998,-2.5463182526767842
2025-07-15 22:00:00,-1.6276762613809537,-2.548435365673153
2025-07-15 22:30:00,-1.6318884087619034,-2.548725512991076
2025-07-15 23:00:00,-1.636813495142858,-2.544085394760799
2025-07-15 23:30:00,-1.6408147215238085,-2.542256072522805
2025-07-16 00:00:00,-1.646364895904763,-2.5330319765554714
2025-07-16 00:30:00,-1.649936605285715,-2.531342739765951
2025-07-16 01:00:00,-1.6517232266666666,-2.522581651274572
2025-07-16 01:30:00,-1.6565604620476178,-2.5202335870998853
2025-07-16 02:00:00,-1.6546712504285706,-2.517592118695237
2025-07-16 02:30:00,-1.650610196809524,-2.5163117430830697
2025-07-16 03:00:00,-1.6444980461904768,-2.5174221403918007
2025-07-16 03:30:00,-1.63939773757143,-2.522339455006518
2025-07-16 04:00:00,-1.6267877359523804,-2.5222683707046563
2025-07-16 04:30:00,-1.6166934363333327,-2.526523827477591
2025-07-16 05:00:00,-1.6084094437142862,-2.532067890119468
2025-07-16 05:30:00,-1.601848038095236,-2.537124325458959
2025-07-16 06:00:00,-1.5984878604761914,-2.545684844157603
2025-07-16 06:30:00,-1.591416761857141,-2.5505725175630847
2025-07-16 07:00:00,-1.590105356238095,-2.554798757122991
2025-07-16 07:30:00,-1.5866924156190487,-2.5627503832457013
2025-07-16 08:00:00,-1.585986228999999,-2.564277366950186
2025-07-16 08:30:00,-1.5903543403809517,-2.5665033652425544
2025-07-16 09:00:00,-1.5986641627619056,-2.56602970158477
2025-07-16 09:30:00,-1.6078527571428574,-2.5671657759690785
2025-07-16 10:00:00,-1.6206292025238087,-2.5616695584071647
2025-07-16 10:30:00,-1.6328355169047637,-2.553784696479151
2025-07-16 11:00:00,-1.649124156285715,-2.5504198557390785
2025-07-16 11:30:00,-1.663354023666667,-2.5460388574128974
2025-07-16 12:00:00,-1.6803380580476197,-2.545214939264751
2025-07-16 12:30:00,-1.7006814784285722,-2.538844782345495
2025-07-16 13:00:00,-1.7232066098095231,-2.535710292638533
2025-07-16 13:30:00,-1.7402257321904766,-2.530857357281119
2025-07-16 14:00:00,-1.7525925295714262,-2.5300168153187306
2025-07-16 14:30:00,-1.7614317829523822,-2.532718047208913
2025-07-16 15:00:00,-1.762831650333333,-2.536936772055839
2025-07-16 15:30:00,-1.763465815714285,-2.542701761593995
2025-07-16 16:00:00,-1.7655061210952392,-2.5555072701790467
2025-07-16 16:30:00,-1.7609682684761914,-2.565663859474891
2025-07-16 17:00:00,-1.7569050208571428,-2.5826442771505973
2025-07-16 17:30:00,-1.7493593172380957,-2.5934595365741457
2025-07-16 18:00:00,-1.7395439206190475,-2.610408019988483
2025-07-16 18:30:00,-1.7261506730000007,-2.6239062202019925
2025-07-16 19:00:00,-1.715921109380952,-2.64576466002361
2025-07-16 19:30:00,-1.7042954057619046,-2.6594394541571016
2025-07-16 20:00:00,-1.690568167142858,-2.666971649060917
2025-07-16 20:30:00,-1.6764793935238096,-2.6694068741625965
2025-07-16 21:00:00,-1.6666739969047617,-2.667915716677723
2025-07-16 21:30:00,-1.656938907285713,-2.666019254601209
2025-07-16 22:00:00,-1.6443892126666668,-2.664590021462639
2025-07-16 22:30:00,-1.6379355270476192,-2.658199943366423
2025-07-16 23:00:00,-1.6315773674285723,-2.652673838217608
2025-07-16 23:30:00,-1.6269439888095238,-2.644710603850588
2025-07-17 00:00:00,-1.6216953911904752,-2.6327251182571825
2025-07-17 00:30:00,-1.6224075385714278,-2.6227508829449278
2025-07-17 01:00:00,-1.6198229319523811,-2.6134170848079403
2025-07-17 01:30:00,-1.6173086323333326,-2.6008060987993513
2025-07-17 02:00:00,-1.6157006487142855,-2.5892628511972458
2025-07-17 02:30:00,-1.610283893095236,-2.576123096201147
2025-07-17 03:00:00,-1.60650406747619,-2.5677022401762
2025-07-17 03:30:00,-1.600341478857142,-2.556746833825919
2025-07-17 04:00:00,-1.5906690212380958,-2.5463437409104857
2025-07-17 04:30:00,-1.582545511619048,-2.5391134688592842
2025-07-17 05:00:00,-1.5772793699999987,-2.533377515613709
2025-07-17 05:30:00,-1.5761788853809513,-2.532513316211782
2025-07-17 06:00:00,-1.5716837957619052,-2.527325999050314
2025-07-17 06:30:00,-1.5714896271428558,-2.532015977581989
2025-07-17 07:00:00,-1.56582686252381,-2.527378918846632
2025-07-17 07:30:00,-1.5640760709047634,-2.5280568057492037
2025-07-17 08:00:00,-1.5643817262857147,-2.5306551813586564
2025-07-17 08:30:00,-1.5699297066666666,-2.530415558621633
2025-07-17 09:00:00,-1.5757061520476197,-2.5312484860987277
2025-07-17 09:30:00,-1.5811761504285713,-2.5271390298507392
2025-07-17 10:00:00,-1.588072157809524,-2.518714511179505
2025-07-17 10:30:00,-1.5979583411904772,-2.5124734154057187
2025-07-17 11:00:00,-1.6093209715714292,-2.5082843788414393
2025-07-17 11:30:00,-1.6212483829523805,-2.5083311456657555
2025-07-17 12:00:00,-1.6327461463333344,-2.5009542591545286
2025-07-17 12:30:00,-1.6507694357142857,-2.49927338989311
2025-07-17 13:00:00,-1.6705427250952385,-2.4920338676798344
2025-07-17 13:30:00,-1.6877200054761912,-2.4895991028875737
2025-07-17 14:00:00,-1.7026025048571427,-2.4901646417720458
2025-07-17 14:30:00,-1.7102366702380944,-2.4931138404021262
2025-07-17 15:00:00,-1.7182475896190472,-2.500031332904254
2025-07-17 15:30:00,-1.724081317000001,-2.504669792140039
2025-07-17 16:00:00,-1.724793464380953,-2.5090268245192773
2025-07-17 16:30:00,-1.7240214897619048,-2.516443648971868
2025-07-17 17:00:00,-1.7227100841428566,-2.527038452538343
2025-07-17 17:30:00,-1.7161134595238108,-2.5364358630569632
2025-07-17 18:00:00,-1.713255299904761,-2.5484557864962243
2025-07-17 18:30:00,-1.7019184992857137,-2.5653201926648754
2025-07-17 19:00:00,-1.6930974006666657,-2.5831776004691864
2025-07-17 19:30:00,-1.6787098550476185,-2.5962257290236392
2025-07-17 20:00:00,-1.6660998534285725,-2.609508524070247
2025-07-17 20:30:00,-1.6537687548095243,-2.6185241335801233
2025-07-17 21:00:00,-1.6398382701904777,-2.625506150625059
2025-07-17 21:30:00,-1.6283959435714292,-2.6322061510318835
2025-07-17 22:00:00,-1.615082871952381,-2.63409144153523
2025-07-17 22:30:00,-1.604363484333334,-2.6338226260559736
2025-07-17 23:00:00,-1.5938648867142853,-2.632355266032091
2025-07-17 23:30:00,-1.5837605870952378,-2.626407239913518
2025-07-18 00:00:00,-1.5749164634761894,-2.623594569343649
2025-07-18 00:30:00,-1.5689021638571417,-2.6130284833248263
2025-07-18 01:00:00,-1.5623078642380948,-2.6059705043830412
2025-07-18 01:30:00,-1.5585983456190484,-2.5946096454146774
2025-07-18 02:00:00,-1.5548185199999986,-2.583928257289481
2025-07-18 02:30:00,-1.5508354483809528,-2.5758223581792956
2025-07-18 03:00:00,-1.5447859297619062,-2.563093079479663
2025-07-18 03:30:00,-1.540724876142856,-2.5541199785413746
2025-07-18 04:00:00,-1.5365385585238105,-2.546681017864024
2025-07-18 04:30:00,-1.532256714904762,-2.5394971004771794
2025-07-18 05:00:00,-1.531570397285713,-2.5332240726635775
2025-07-18 05:30:00,-1.5332745176666671,-2.527436376778435
2025-07-18 06:00:00,-1.5371428050476192,-2.5247225072907775
2025-07-18 06:30:00,-1.5399641624285705,-2.5220633984729295
2025-07-18 07:00:00,-1.5405510458095235,-2.5213808047494433
2025-07-18 07:30:00,-1.546028719190476,-2.5227625199108177
2025-07-18 08:00:00,-1.5473813045714282,-2.5218292501910393
2025-07-18 08:30:00,-1.5516011269523806,-2.5202226051265066
2025-07-18 09:00:00,-1.5589869583333336,-2.517528416902478
2025-07-18 09:30:00,-1.5615270877142864,-2.5153210782999644
2025-07-18 10:00:00,-1.5659501560952385,-2.5127245090258112
2025-07-18 10:30:00,-1.5645607684761915,-2.50549211117437
2025-07-18 11:00:00,-1.5685466448571423,-2.501854625076454
2025-07-18 11:30:00,-1.568497609238095,-2.497493816049837
2025-07-18 12:00:00,-1.571868266619047,-2.4970625455534496
2025-07-18 12:30:00,-1.5783797139999995,-2.4927053004674056
2025-07-18 13:00:00,-1.587283924380953,-2.4868764343268266
2025-07-18 13:30:00,-1.5924045817619048,-2.484519801494246
2025-07-18 14:00:00,-1.6015953701428574,-2.4844091772623993
2025-07-18 14:30:00,-1.6014484835238103,-2.483407186427158
2025-07-18 15:00:00,-1.6019420349047613,-2.486066994229989
2025-07-18 15:30:00,-1.6027168142857142,-2.48531015711905
2025-07-18 16:00:00,-1.6077023386666671,-2.4918340242070247
2025-07-18 16:30:00,-1.6061800120476184,-2.4903802670339408
2025-07-18 17:00:00,-1.6078841324285724,-2.4959334246869855
2025-07-18 17:30:00,-1.6074240858095243,-2.499946128430032
2025-07-18 18:00:00,-1.6043528111904772,-2.5032274379639854
2025-07-18 18:30:00,-1.600648773571428,-2.5128439678718157
2025-07-18 19:00:00,-1.5935050429523814,-2.52150161643916
2025-07-18 19:30:00,-1.5848948653333326,-2.5282906560228966
2025-07-18 20:00:00,-1.5760913107142869,-2.537451428696517
2025-07-18 20:30:00,-1.566266045095238,-2.5392225376189748
2025-07-18 21:00:00,-1.5538746394761902,-2.540745364528627
2025-07-18 21:30:00,-1.5409910848571424,-2.541247600533392
2025-07-18 22:00:00,-1.5245799862380944,-2.5454941348503435
2025-07-18 22:30:00,-1.5102353346190474,-2.5452280588679232
2025-07-18 23:00:00,-1.4954962539999994,-2.5462196997530757
2025-07-18 23:30:00,-1.4817690153809528,-2.5464507061789687
2025-07-19 00:00:00,-1.4700553297619037,-2.5445940499310358
2025-07-19 00:30:00,-1.4594062491428577,-2.5421479114217704
2025-07-19 01:00:00,-1.4507279585238098,-2.5371376567388335
2025-07-19 01:30:00,-1.4418991849047609,-2.5306731707910353
2025-07-19 02:00:00,-1.435576113285715,-2.524873445076595
2025-07-19 02:30:00,-1.4297024276666668,-2.5183555243253943
2025-07-19 03:00:00,-1.4219832160476198,-2.5087850039268185
2025-07-19 03:30:00,-1.4163204514285703,-2.4993270319105534
2025-07-19 04:00:00,-1.4126965898095238,-2.488644320479133
2025-07-19 04:30:00,-1.4119927281904747,-2.4808638985496563
2025-07-19 05:00:00,-1.4082282525714287,-2.468695417736178
2025-07-19 05:30:00,-1.4054403999523806,-2.455738024071549
2025-07-19 06:00:00,-1.398843775333333,-2.4411281329754697
2025-07-19 06:30:00,-1.3954132907142849,-2.4300240837662184
2025-07-19 07:00:00,-1.3945237270952382,-2.422931097499002
2025-07-19 07:30:00,-1.3974780234761912,-2.414170955545008
2025-07-19 08:00:00,-1.400025827857143,-2.4111982410101365
2025-07-19 08:30:00,-1.4028471852380942,-2.4072460840016903
2025-07-19 09:00:00,-1.405254375619048,-2.4011167136065414
2025-07-19 09:30:00,-1.4108023560000005,-2.398890056831179
2025-07-19 10:00:00,-1.4133348103809518,-2.3955423518097545
2025-07-19 10:30:00,-1.4179709937619052,-2.3971694450763157
2025-07-19 11:00:00,-1.4271717821428571,-2.396709923992759
2025-07-19 11:30:00,-1.4299074825238085,-2.3968751702695528
2025-07-19 12:00:00,-1.4346139729047618,-2.392119953835863
2025-07-19 12:30:00,-1.4324358582857133,-2.3834652648673464
2025-07-19 13:00:00,-1.4331952876666665,-2.3782256000147384
2025-07-19 13:30:00,-1.4303141030476176,-2.3763826812268833
2025-07-19 14:00:00,-1.4318644534285727,-2.3744790259224597
2025-07-19 14:30:00,-1.429826952809523,-2.375857501824653
2025-07-19 15:00:00,-1.4289419081904755,-2.3771140526935697
2025-07-19 15:30:00,-1.4367166875714283,-2.386293092899038
2025-07-19 16:00:00,-1.4436730019523811,-2.3898950697230132
2025-07-19 16:30:00,-1.443486508333333,-2.3966456516259975
2025-07-19 17:00:00,-1.4458080417142871,-2.4048792474105687
2025-07-19 17:30:00,-1.4477077330952364,-2.4075448095159424
2025-07-19 18:00:00,-1.4472323364761903,-2.4121538776622296
2025-07-19 18:30:00,-1.4465536938571428,-2.4113714299748454
2025-07-19 19:00:00,-1.443193516238096,-2.4129972479534816
2025-07-19 19:30:00,-1.4399914966190472,-2.4118114514997497
2025-07-19 20:00:00,-1.432418249,-2.412077549074434
2025-07-19 20:30:00,-1.4231676333809518,-2.407966617872474
2025-07-19 21:00:00,-1.4086746927619045,-2.4046609929638314
2025-07-19 21:30:00,-1.3949275851428564,-2.410669531426133
2025-07-19 22:00:00,-1.385551705523809,-2.420698155487643
2025-07-19 22:30:00,-1.370531396904763,-2.4191948572326005
2025-07-19 23:00:00,-1.353929246285715,-2.4196966528484865
2025-07-19 23:30:00,-1.3362624906666656,-2.4188745940720215
2025-07-20 00:00:00,-1.3184651210476177,-2.4155169145742077
2025-07-20 00:30:00,-1.3016948124285723,-2.413590510480361
2025-07-20 01:00:00,-1.287545731809524,-2.4104820719917224
2025-07-20 01:30:00,-1.2770295901904765,-2.409149988746749
2025-07-20 02:00:00,-1.2635582295714287,-2.4009498247422365
2025-07-20 02:30:00,-1.251354719952381,-2.391755748285204
2025-07-20 03:00:00,-1.2468794993333334,-2.384188807955588
2025-07-20 03:30:00,-1.2370037957142856,-2.3746324794526945
2025-07-20 04:00:00,-1.2330910310952394,-2.369874665998401
2025-07-20 04:30:00,-1.2283850204761906,-2.358814218806881
2025-07-20 05:00:00,-1.2274801068571422,-2.3483520820228763
2025-07-20 05:30:00,-1.226783920238094,-2.3384337081646356
2025-07-20 06:00:00,-1.2229491376190464,-2.3270351206775692
2025-07-20 06:30:00,-1.2226066799999988,-2.3150834534059537
2025-07-20 07:00:00,-1.2194046603809516,-2.303340543802289
2025-07-20 07:30:00,-1.217952640761904,-2.2931203534172
2025-07-20 08:00:00,-1.216912594142859,-2.2818039532693324
2025-07-20 08:30:00,-1.2105422405238082,-2.2682838962361993
2025-07-20 09:00:00,-1.2074731599047632,-2.2608230387417634
2025-07-20 09:30:00,-1.2011051312857153,-2.2466433698400645
2025-07-20 10:00:00,-1.190378068666667,-2.234606416219586
2025-07-20 10:30:00,-1.1851722340476198,-2.224027366878236
2025-07-20 11:00:00,-1.1711110044285715,-2.210725247587096
2025-07-20 11:30:00,-1.1593293368095248,-2.201224169782583
2025-07-20 12:00:00,-1.1465556961904768,-2.1863650886788815
2025-07-20 12:30:00,-1.1351980645714286,-2.178840385109214
2025-07-20 13:00:00,-1.12143012595238,-2.1664449535403882
2025-07-20 13:30:00,-1.1099143363333324,-2.159301376934641
2025-07-20 14:00:00,-1.1003143797142845,-2.1522432683861186
2025-07-20 14:30:00,-1.092939028095237,-2.144289803213934
2025-07-20 15:00:00,-1.084190430476191,-2.1387912317539257
2025-07-20 15:30:00,-1.082100166857144,-2.127721819232579
2025-07-20 16:00:00,-1.0782324902380944,-2.1136707252657545
2025-07-20 16:30:00,-1.077124330619048,-2.1103934886393576
2025-07-20 17:00:00,-1.0776255569999995,-2.0982823549110265
2025-07-20 17:30:00,-1.0802359933809518,-2.0900410779995733
2025-07-20 18:00:00,-1.0829793687619045,-2.080650950099608
2025-07-20 18:30:00,-1.084535200142856,-2.071619597412785
2025-07-20 19:00:00,-1.0827239705238094,-2.058557653190486
2025-07-20 19:30:00,-1.0823968629047618,-2.0493881745582905
2025-07-20 20:00:00,-1.0832496242857137,-2.0429962453800723
2025-07-20 20:30:00,-1.077918525666667,-2.0366575480728333
2025-07-20 21:00:00,-1.0731697520476202,-2.030974932669588
2025-07-20 21:30:00,-1.0639268114285712,-2.029142704988242
2025-07-20 22:00:00,-1.052434046809522,-2.0212319838599773
2025-07-20 22:30:00,-1.0409236071904764,-2.018033793468402
2025-07-20 23:00:00,-1.0258682105714263,-2.0176922117899183
2025-07-20 23:30:00,-1.0103756219523818,-2.01798472542398
2025-07-21 00:00:00,-0.9931834713333328,-2.0195875357664184
2025-07-21 00:30:00,-0.9757376367142856,-2.020008192524301
2025-07-21 01:00:00,-0.959037635095238,-2.018163919258211
2025-07-21 01:30:00,-0.942224563476191,-2.0161670557579923
2025-07-21 02:00:00,-0.9286905708571428,-2.019157962868874
2025-07-21 02:30:00,-0.9127135082380944,-2.015146114786425
2025-07-21 03:00:00,-0.901986445619046,-2.0109470258007307
2025-07-21 03:30:00,-0.892585215999999,-2.0074814644303967
2025-07-21 04:00:00,-0.881022144380952,-1.9978120743926324
2025-07-21 04:30:00,-0.8764063097619057,-1.991812024587592
2025-07-21 05:00:00,-0.8772590711428576,-1.9844977029391904
2025-07-21 05:30:00,-0.8853227535238097,-1.9801808643741228
2025-07-21 06:00:00,-0.8940818309047616,-1.9752326396649782
2025-07-21 06:30:00,-0.9070264342857136,-1.970459495183252
2025-07-21 07:00:00,-0.919451344666666,-1.9668330175240472
2025-07-21 07:30:00,-0.9339854650476194,-1.9636812777103791
2025-07-21 08:00:00,-0.9499005064285716,-1.963233128858378
2025-07-21 08:30:00,-0.9666263378095248,-1.9619304454523614
2025-07-21 09:00:00,-0.9833246251904764,-1.964255378365587
2025-07-21 09:30:00,-0.99737659657143,-1.9670239683204418
2025-07-21 10:00:00,-1.0065673849523804,-1.9646158652516599
2025-07-21 10:30:00,-1.0187660243333343,-1.9665964295815876
2025-07-21 11:00:00,-1.0245469887142864,-1.9737189245446136
2025-07-21 11:30:00,-1.0290876460952372,-1.9855385095323146
2025-07-21 12:00:00,-1.0323176894761903,-1.9981286032501238
2025-07-21 12:30:00,-1.0415031278571425,-2.016668539186064
2025-07-21 13:00:00,-1.0468973382380955,-2.0344684241960977
2025-07-21 13:30:00,-1.0515961536190477,-2.0537885255839687
2025-07-21 14:00:00,-1.0552228199999991,-2.0730713907229132
2025-07-21 14:30:00,-1.055146240380952,-2.0895415287432053
2025-07-21 15:00:00,-1.0528000987619044,-2.1082800129442263
2025-07-21 15:30:00,-1.0544108871428577,-2.1239290332489835
2025-07-21 16:00:00,-1.0542090435238096,-2.1363102764995374
2025-07-21 16:30:00,-1.0554133399047614,-2.151275990282827
2025-07-21 17:00:00,-1.0601351802857142,-2.1609819076848735
2025-07-21 17:30:00,-1.064277020666666,-2.167712478678852
2025-07-21 18:00:00,-1.069192238047619,-2.1734253816837685
2025-07-21 18:30:00,-1.077343771428572,-2.1854258595535407
2025-07-21 19:00:00,-1.081563593809524,-2.1940699195065174
2025-07-21 19:30:00,-1.0890021881904766,-2.2020214603965322
2025-07-21 20:00:00,-1.091753238571428,-2.2055086678439486
2025-07-21 20:30:00,-1.092262139952381,-2.2068184448049117
2025-07-21 21:00:00,-1.091013366333333,-2.203360121523568
2025-07-21 21:30:00,-1.0882958207142863,-2.2046873380378833
2025-07-21 22:00:00,-1.080724898095238,-2.202434528336447
2025-07-21 22:30:00,-1.0718334924761903,-2.2019737585123633
2025-07-21 23:00:00,-1.060744894857143,-2.2033161437724202
2025-07-21 23:30:00,-1.0435802882380958,-2.2021934627360293
2025-07-22 00:00:00,-1.0280953746190469,-2.204125492432122
2025-07-22 00:30:00,-1.007543838,-2.207654852747467
2025-07-22 01:00:00,-0.9904373443809528,-2.2120479207458983
2025-07-22 01:30:00,-0.9708647557619048,-2.215718347324497
2025-07-22 02:00:00,-0.9512370791428584,-2.215260879870173
2025-07-22 02:30:00,-0.9318303235238088,-2.2153866494075443
2025-07-22 03:00:00,-0.9177163309047612,-2.2153108515528044
2025-07-22 03:30:00,-0.9008329522857128,-2.2127215769897317
2025-07-22 04:00:00,-0.8858401876666666,-2.208708711548493
2025-07-22 04:30:00,-0.8767201860476199,-2.203759967728608
2025-07-22 05:00:00,-0.8738368074285712,-2.1970366248260866
2025-07-22 05:30:00,-0.876886629809523,-2.185969811757662
2025-07-22 06:00:00,-0.8832003121904741,-2.176611907621294
2025-07-22 06:30:00,-0.8979553535714295,-2.165974033696918
2025-07-22 07:00:00,-0.9120126749523814,-2.1591308237541846
2025-07-22 07:30:00,-0.9267324973333324,-2.1462793961720714
2025-07-22 08:00:00,-0.9426926267142848,-2.132415832029388
2025-07-22 08:30:00,-0.963541221095238,-2.119713507042932
2025-07-22 09:00:00,-0.9841713504761896,-2.112370690323881
2025-07-22 09:30:00,-1.0001039358571435,-2.100620579136105
2025-07-22 10:00:00,-1.0151500742380954,-2.0899518918588456
2025-07-22 10:30:00,-1.0272157746190471,-2.0794774809613776
2025-07-22 11:00:00,-1.036195641999999,-2.075168161271004
2025-07-22 11:30:00,-1.0458105973809515,-2.076348462504801
2025-07-22 12:00:00,-1.0519781847619047,-2.0785059373814043
2025-07-22 12:30:00,-1.0592454651428562,-2.0858693950730536
2025-07-22 13:00:00,-1.0683858155238084,-2.096513836490296
2025-07-22 13:30:00,-1.0701998499047616,-2.1054423939407116
2025-07-22 14:00:00,-1.0716172612857144,-2.1158533505120647
2025-07-22 14:30:00,-1.0686559006666667,-2.130686216401411
2025-07-22 15:00:00,-1.063547917047619,-2.1480728873083046
2025-07-22 15:30:00,-1.0593539244285723,-2.1608726091575936
2025-07-22 16:00:00,-1.0582105458095232,-2.175935354162345
2025-07-22 16:30:00,-1.0576648421904773,-2.1891957738309467
2025-07-22 17:00:00,-1.0577519015714285,-2.198631364325472
2025-07-22 17:30:00,-1.061577425952381,-2.2104572189002285
2025-07-22 18:00:00,-1.0699300113333328,-2.221698279132072
2025-07-22 18:30:00,-1.0781595267142856,-2.231129862299569
2025-07-22 19:00:00,-1.0910139540952373,-2.246489615343645
2025-07-22 19:30:00,-1.1039211444761916,-2.253245815943836
2025-07-22 20:00:00,-1.1228089488571429,-2.2643148559701314
2025-07-22 20:30:00,-1.1383899992380957,-2.2691675723465514
2025-07-22 21:00:00,-1.1509907426190484,-2.2705673011673073
2025-07-22 21:30:00,-1.163398108999999,-2.2722160016921706
2025-07-22 22:00:00,-1.1698073173809524,-2.275570201306238
2025-07-22 22:30:00,-1.174160078761905,-2.277842855036879
2025-07-22 23:00:00,-1.1724268311428572,-2.279014477978331
2025-07-22 23:30:00,-1.1687854255238097,-2.2859725972244616
2025-07-23 00:00:00,-1.1607475729047634,-2.2932770449791393
2025-07-23 00:30:00,-1.1502917382857143,-2.3014421914718195
2025-07-23 01:00:00,-1.1350177456666677,-2.310434194648016
2025-07-23 01:30:00,-1.1166303760476195,-2.3197113379093945
2025-07-23 02:00:00,-1.0983156384285715,-2.3344727554811286
2025-07-23 02:30:00,-1.0782661198095254,-2.347193575985258
2025-07-23 03:00:00,-1.0590527411904764,-2.356976033040836
2025-07-23 03:30:00,-1.0403390555714276,-2.369373036806087
2025-07-23 04:00:00,-1.022813044952381,-2.3781424695525892
2025-07-23 04:30:00,-1.0087869033333334,-2.383386396837565
2025-07-23 05:00:00,-1.002139840714285,-2.384363890939736
2025-07-23 05:30:00,-1.001664444095239,-2.3856216215581703
2025-07-23 06:00:00,-1.0076243974761914,-2.3867051944978663
2025-07-23 06:30:00,-1.0159318948571427,-2.381963979866099
2025-07-23 07:00:00,-1.0264212342380947,-2.3742541589973793
2025-07-23 07:30:00,-1.0425647406190466,-2.364953192636352
2025-07-23 08:00:00,-1.0600364049999995,-2.3546355568333737
2025-07-23 08:30:00,-1.0803402183809525,-2.341069678053961
2025-07-23 09:00:00,-1.1013195577619053,-2.329822678981381
2025-07-23 09:30:00,-1.120059073142856,-2.3174879295346047
2025-07-23 10:00:00,-1.13803275552381,-2.3034687929130135
2025-07-23 10:30:00,-1.1553507809047607,-2.2908741243224022
2025-07-23 11:00:00,-1.1675043322857142,-2.2837297786146804
2025-07-23 11:30:00,-1.1766974456666657,-2.2783679013780156
2025-07-23 12:00:00,-1.185019331047619,-2.2796654429986587
2025-07-23 12:30:00,-1.1940618304285713,-2.2830053528403846
2025-07-23 13:00:00,-1.2043897248095237,-2.2877057216494108
2025-07-23 13:30:00,-1.2041197681904776,-2.296490027607393
2025-07-23 14:00:00,-1.202715030571429,-2.307451613953063
2025-07-23 14:30:00,-1.1961130559523812,-2.320591381353156
2025-07-23 15:00:00,-1.1917004673333345,-2.336816896959766
2025-07-23 15:30:00,-1.1794243257142845,-2.349815274237143
2025-07-23 16:00:00,-1.1721521750952386,-2.3644227205555453
2025-07-23 16:30:00,-1.1664718664761906,-2.3798071466039947
2025-07-23 17:00:00,-1.1651604608571424,-2.3941541949223386
2025-07-23 17:30:00,-1.1647630462380951,-2.4051124527390164
2025-07-23 18:00:00,-1.1668033516190472,-2.412540258116864
2025-07-23 18:30:00,-1.1702245780000005,-2.421142007896879
2025-07-23 19:00:00,-1.176219619380953,-2.4309862041895425
2025-07-23 19:30:00,-1.182822204761902,-2.430731797988923
2025-07-23 20:00:00,-1.1910341761428564,-2.4261815635376096
2025-07-23 20:30:00,-1.2016387795238097,-2.4180498510962574
2025-07-23 21:00:00,-1.207206628904763,-2.4088167007350596
2025-07-23 21:30:00,-1.2091139952857133,-2.3910894821674535
2025-07-23 22:00:00,-1.211216932666666,-2.3781703220480237
2025-07-23 22:30:00,-1.2084917120476184,-2.364677397798786
2025-07-23 23:00:00,-1.2080866224285718,-2.3601373518098048
2025-07-23 23:30:00,-1.202466620809524,-2.3537615064009665
2025-07-24 00:00:00,-1.1917549081904757,-2.3502208037892722
2025-07-24 00:30:00,-1.1804104325714275,-2.3487424303062245
2025-07-24 01:00:00,-1.1640015279523792,-2.3480889614503333
2025-07-24 01:30:00,-1.1449210883333325,-2.348807544686295
2025-07-24 02:00:00,-1.1219966577142853,-2.349399833980263
2025-07-24 02:30:00,-1.1010409540952375,-2.3575909052057646
2025-07-24 03:00:00,-1.076552225476191,-2.357396444104029
2025-07-24 03:30:00,-1.0550516098571423,-2.358902518330222
2025-07-24 04:00:00,-1.0322655992380945,-2.3611136703415796
2025-07-24 04:30:00,-1.0149405096190474,-2.361345169790593
2025-07-24 05:00:00,-1.0051351130000008,-2.3645662959871325
2025-07-24 05:30:00,-1.0003764703809512,-2.3642040840717553
2025-07-24 06:00:00,-1.001096292761905,-2.3591186409413596
2025-07-24 06:30:00,-1.0046932211428576,-2.352228024677016
2025-07-24 07:00:00,-1.011842912523809,-2.341815977239616
2025-07-24 07:30:00,-1.0250335249047626,-2.3289460539029485
2025-07-24 08:00:00,-1.0400544442857147,-2.3123222061076825
2025-07-24 08:30:00,-1.0579479506666658,-2.2989212170874254
2025-07-24 09:00:00,-1.0807850100476188,-2.2827405151025557
2025-07-24 09:30:00,-1.098608209428572,-2.2666102658825857
2025-07-24 10:00:00,-1.1154494358095235,-2.2465730939820365
2025-07-24 10:30:00,-1.1270229871904758,-2.2268645912481166
2025-07-24 11:00:00,-1.1339639515714286,-2.2114584999980433
2025-07-24 11:30:00,-1.1329229429523815,-2.1955752493499325
2025-07-24 12:00:00,-1.1329716273333337,-2.1849618398586803
2025-07-24 12:30:00,-1.1266607497142858,-2.1742916689332406
2025-07-24 13:00:00,-1.1192677230952377,-2.165259836639243
2025-07-24 13:30:00,-1.108128687476189,-2.165891939155209
2025-07-24 14:00:00,-1.0929799588571438,-2.1672155287015586
2025-07-24 14:30:00,-1.0783310542380935,-2.1760902062759357
2025-07-24 15:00:00,-1.0614926326190486,-2.1851188156469687
2025-07-24 15:30:00,-1.046843728,-2.1987030727559627
2025-07-24 16:00:00,-1.0336437263809513,-2.21166926155942
2025-07-24 16:30:00,-1.0201274087619034,-2.2203723549763077
2025-07-24 17:00:00,-1.007236179142857,-2.2231603787030876
2025-07-24 17:30:00,-1.0022061775238098,-2.2232488806456128
2025-07-24 18:00:00,-0.997367227904761,-2.2248145636317007
2025-07-24 18:30:00,-0.9941476642857134,-2.2208606532205466
2025-07-24 19:00:00,-0.9949301186666658,-2.2153961024445192
2025-07-24 19:30:00,-0.9981908620476184,-2.208154386496699
2025-07-24 20:00:00,-1.0036685354285713,-2.19655360677794
2025-07-24 20:30:00,-1.010833576809524,-2.1850176693189476
2025-07-24 21:00:00,-1.0192060311904751,-2.172112535430817
2025-07-24 21:30:00,-1.0206915555714275,-2.1587084582657066
2025-07-24 22:00:00,-1.024014930952381,-2.1460364056355044
2025-07-24 22:30:00,-1.0266551053333333,-2.132520682999029
2025-07-24 23:00:00,-1.0271738757142854,-2.117489806341353
2025-07-24 23:30:00,-1.022761287095239,-2.1073747998385612
2025-07-25 00:00:00,-1.0196043554761904,-2.1023565374145368
2025-07-25 00:30:00,-1.0107304938571433,-2.0964102746040867
2025-07-25 01:00:00,-0.9966868082380952,-2.0928448119196577
2025-07-25 01:30:00,-0.9830298766190482,-2.0943971497050415
2025-07-25 02:00:00,-0.9638163670000006,-2.0956197275892965
2025-07-25 02:30:00,-0.9417907083809512,-2.0965380066953
2025-07-25 03:00:00,-0.9188487337619056,-2.1014982110435234
2025-07-25 03:30:00,-0.8967000051428569,-2.099680267507251
2025-07-25 04:00:00,-0.8711796965238106,-2.102049617643316
2025-07-25 04:30:00,-0.8523781599047617,-2.1055717225160513
2025-07-25 05:00:00,-0.8392683342857152,-2.106367120934398
2025-07-25 05:30:00,-0.8302989466666675,-2.104695249888962
2025-07-25 06:00:00,-0.8249174100476184,-2.1036089922051042
2025-07-25 06:30:00,-0.8271763114285724,-2.101821134507718
2025-07-25 07:00:00,-0.8354585898095246,-2.0974193308850664
2025-07-25 07:30:00,-0.846756394190477,-2.09238504998089
2025-07-25 08:00:00,-0.8565425325714289,-2.0788516291369863
2025-07-25 08:30:00,-0.87343871595238,-2.0625865171459417
2025-07-25 09:00:00,-0.894691608333334,-2.0478865001292452
2025-07-25 09:30:00,-0.9167454217142864,-2.036329382931797
2025-07-25 10:00:00,-0.9414378760952375,-2.020053327448247
2025-07-25 10:30:00,-0.9584120414761907,-2.006169377847272
2025-07-25 11:00:00,-0.9775381798571424,-2.0012399385635242
2025-07-25 11:30:00,-0.9919943182380953,-2.000685370960371
2025-07-25 12:00:00,-1.0059957206190475,-1.9997853706414181
2025-07-25 12:30:00,-1.010318744,-2.0068270605876446
2025-07-25 13:00:00,-1.0035783493809514,-2.006126713919123
2025-07-25 13:30:00,-0.9988615077619054,-2.011233856639328
2025-07-25 14:00:00,-0.9926395741428572,-2.026280197424942
2025-07-25 14:30:00,-0.98038549552381,-2.0345231006056936
2025-07-25 15:00:00,-0.9690333449047625,-2.052689627964955
2025-07-25 15:30:00,-0.9560596142857144,-2.07390100991029
2025-07-25 16:00:00,-0.9405747006666672,-2.0936083286119325
2025-07-25 16:30:00,-0.92575983204762,-2.1054394976190105
2025-07-25 17:00:00,-0.9155853564285712,-2.1260182799388736
2025-07-25 17:30:00,-0.9045243028095248,-2.1367358120329363
2025-07-25 18:00:00,-0.8941663191904754,-2.148313278684429
2025-07-25 18:30:00,-0.8900074145714276,-2.1540402680273276
2025-07-25 19:00:00,-0.8923442979523819,-2.1547915732000433
2025-07-25 19:30:00,-0.8964158313333341,-2.15475375150756
2025-07-25 20:00:00,-0.9003116627142846,-2.1522393431798057
2025-07-25 20:30:00,-0.9050862660952383,-2.1431543690503063
2025-07-25 21:00:00,-0.913501483476191,-2.135289106526929
2025-07-25 21:30:00,-0.917871788857142,-2.1257952179828816
2025-07-25 22:00:00,-0.9231385412380956,-2.113322123986426
2025-07-25 22:30:00,-0.9261005126190476,-2.1001430232558365
2025-07-25 23:00:00,-0.9321505110000003,-2.0911447765599824
2025-07-25 23:30:00,-0.931493931380952,-2.077413417467273
2025-07-26 00:00:00,-0.9283017807619044,-2.063617542578148
2025-07-26 00:30:00,-0.9231212961428568,-2.0581123425607935
2025-07-26 01:00:00,-0.9151362065238096,-2.0587624859313767
2025-07-26 01:30:00,-0.903070985904762,-2.0574356653651082
2025-07-26 02:00:00,-0.8902423882857142,-2.0584313030349892
2025-07-26 02:30:00,-0.8703434836666673,-2.0586295833848633
2025-07-26 03:00:00,-0.8508388770476198,-2.0641625308701546
2025-07-26 03:30:00,-0.8319670334285714,-2.067492908041537
2025-07-26 04:00:00,-0.8080056728095246,-2.070660184667744
2025-07-26 04:30:00,-0.7853449261904757,-2.0703757659698914
2025-07-26 05:00:00,-0.7657800125714269,-2.073412746606247
2025-07-26 05:30:00,-0.7494238709523819,-2.0710599187526912
2025-07-26 06:00:00,-0.7294623343333324,-2.064302182904607
2025-07-26 06:30:00,-0.7193184277142857,-2.061238585052942
2025-07-26 07:00:00,-0.7168096090952374,-2.0564149269493117
2025-07-26 07:30:00,-0.7192167994761895,-2.048701978664941
2025-07-26 08:00:00,-0.7303739898571429,-2.0455719083979536
2025-07-26 08:30:00,-0.740072277238095,-2.030364471785454
2025-07-26 09:00:00,-0.7542824066190474,-2.015130964339338
2025-07-26 09:30:00,-0.7703457369999984,-2.002997835146063
2025-07-26 10:00:00,-0.7917392433809536,-1.9844911157158738
2025-07-26 10:30:00,-0.8124670927619047,-1.9685435507101594
2025-07-26 11:00:00,-0.8323963461428583,-1.9507549409705114
2025-07-26 11:30:00,-0.8513336265238103,-1.9350713650588034
2025-07-26 12:00:00,-0.8592512139047628,-1.9098211837144228
2025-07-26 12:30:00,-0.865674810285715,-1.8961821589584826
2025-07-26 13:00:00,-0.8677096346666666,-1.8922827874879729
2025-07-26 13:30:00,-0.8631059940476185,-1.8880719217561188
2025-07-26 14:00:00,-0.8576035814285727,-1.891952960990735
2025-07-26 14:30:00,-0.8451891508095237,-1.8953643645622114
2025-07-26 15:00:00,-0.8334074831904772,-1.9034274150593102
2025-07-26 15:30:00,-0.8179828765714283,-1.9136698363497215
2025-07-26 16:00:00,-0.805646427952381,-1.932109049873518
2025-07-26 16:30:00,-0.7910755053333334,-1.9501282840401697
2025-07-26 17:00:00,-0.7756585737142856,-1.96609576177085
2025-07-26 17:30:00,-0.7619313350952381,-1.9834300028867398
2025-07-26 18:00:00,-0.7533837894761906,-1.994229139262523
2025-07-26 18:30:00,-0.7434904108571418,-1.999687979927417
2025-07-26 19:00:00,-0.7354350142380952,-2.000325454472912
2025-07-26 19:30:00,-0.7325516356190476,-1.9960634118931138
2025-07-26 20:00:00,-0.7321465459999994,-1.9933387045530995
2025-07-26 20:30:00,-0.7291026843809523,-1.982504772185334
2025-07-26 21:00:00,-0.7319240417619053,-1.9734188792436014
2025-07-26 21:30:00,-0.7377357061428571,-1.9640055220554846
2025-07-26 22:00:00,-0.7395200025238104,-1.9528020000754758
2025-07-26 22:30:00,-0.748638289904763,-1.9441049176627798
2025-07-26 23:00:00,-0.7492976742857129,-1.926449100042333
2025-07-26 23:30:00,-0.7534066206666676,-1.9131955655296404
2025-07-27 00:00:00,-0.7532047770476191,-1.9038569803545398
2025-07-27 00:30:00,-0.7523250824285719,-1.8936058112568084
2025-07-27 01:00:00,-0.7477795548095234,-1.883303059374076
2025-07-27 01:30:00,-0.7371854311904771,-1.8751960241036376
2025-07-27 02:00:00,-0.7281556055714284,-1.8711011095560188
2025-07-27 02:30:00,-0.7137099469523802,-1.8651598455304361
2025-07-27 03:00:00,-0.6962915253333324,-1.8628491653360952
2025-07-27 03:30:00,-0.6793378397142846,-1.8657899202619086
2025-07-27 04:00:00,-0.6575207770952372,-1.8658801163602923
2025-07-27 04:30:00,-0.6378404684761916,-1.8747919998728044
2025-07-27 05:00:00,-0.6182029228571424,-1.8762178395999431
2025-07-27 05:30:00,-0.600604280238094,-1.8823230852700423
2025-07-27 06:00:00,-0.5856971726190474,-1.889163021066066
2025-07-27 06:30:00,-0.5730673020000006,-1.892024399805442
2025-07-27 07:00:00,-0.5603166863809514,-1.8869555629818533
2025-07-27 07:30:00,-0.5536398857619049,-1.8794306959410598
2025-07-27 08:00:00,-0.5500160241428582,-1.8695993262043462
2025-07-27 08:30:00,-0.5452046185238091,-1.8554131817441004
2025-07-27 09:00:00,-0.545151063904761,-1.8381417217217042
2025-07-27 09:30:00,-0.5474022902857145,-1.8202666916898094
2025-07-27 10:00:00,-0.5493019816666664,-1.79421461693606
2025-07-27 10:30:00,-0.5529012350476192,-1.768991194768542
2025-07-27 11:00:00,-0.553871585428571,-1.7406916735070008
2025-07-27 11:30:00,-0.5568983828095235,-1.7155458264400254
2025-07-27 12:00:00,-0.5572107511904763,-1.6942046021585806
2025-07-27 12:30:00,-0.5541460585714288,-1.672060725711385
2025-07-27 13:00:00,-0.5497884269523814,-1.6515810055910074
2025-07-27 13:30:00,-0.5425558833333335,-1.6371935488610068
2025-07-27 14:00:00,-0.5317431637142858,-1.6250418746858823
2025-07-27 14:30:00,-0.5194868910952382,-1.6154711984571684
2025-07-27 15:00:00,-0.5045841714761903,-1.6077337676550059
2025-07-27 15:30:00,-0.4901385128571436,-1.6054952198740935
2025-07-27 16:00:00,-0.4733353102380944,-1.6010850389338878
2025-07-27 16:30:00,-0.4545337736190491,-1.6005927977958836
2025-07-27 17:00:00,-0.437587763,-1.6008212503127455
2025-07-27 17:30:00,-0.4219423663809523,-1.6036636872153405
2025-07-27 18:00:00,-0.4074417507619043,-1.6022654094569029
2025-07-27 18:30:00,-0.3958083721428569,-1.600548058204253
2025-07-27 19:00:00,-0.3850713095238101,-1.5973787774414203
2025-07-27 19:30:00,-0.378607754904763,-1.5934031256692072
2025-07-27 20:00:00,-0.3744466562857147,-1.5867162838622322
2025-07-27 20:30:00,-0.3722915666666653,-1.5806092044758737
2025-07-27 21:00:00,-0.3708923100476191,-1.569974551730962
2025-07-27 21:30:00,-0.3745144574285712,-1.559151180764232
2025-07-27 22:00:00,-0.3771623068095247,-1.54656771623161
2025-07-27 22:30:00,-0.3802243231904749,-1.5270157952592076
2025-07-27 23:00:00,-0.3839618655714287,-1.5135897022418636
2025-07-27 23:30:00,-0.3863712499523819,-1.4980830620259729
2025-07-28 00:00:00,-0.3912787923333343,-1.4858274165081564
2025-07-28 00:30:00,-0.3902377837142856,-1.4689779625078394
2025-07-28 01:00:00,-0.3917089200952377,-1.4647656213149662
2025-07-28 01:30:00,-0.3883761554761902,-1.458842683092176
2025-07-28 02:00:00,-0.3798835668571441,-1.449967382385268
2025-07-28 02:30:00,-0.3727894432380969,-1.4462339578266168
2025-07-28 03:00:00,-0.3566113286190489,-1.4397595239062584
2025-07-28 03:30:00,-0.3418722479999998,-1.4411522789109408
2025-07-28 04:00:00,-0.3328399583809521,-1.464230392490809
2025-07-28 04:30:00,-0.3254876317619052,-1.4728412381286744
2025-07-28 05:00:00,-0.321659292142858,-1.494212965211424
2025-07-28 05:30:00,-0.3132622295238103,-1.500416400446623
2025-07-28 06:00:00,-0.3038753879047617,-1.5043263964134004
2025-07-28 06:30:00,-0.3048192872857138,-1.5184971959227198
2025-07-28 07:00:00,-0.3042527526666656,-1.5244243449587118
2025-07-28 07:30:00,-0.3093524400476179,-1.5398072493804758
2025-07-28 08:00:00,-0.3138502034285724,-1.5356902358579256
2025-07-28 08:30:00,-0.3167507748095228,-1.5310044924481956
2025-07-28 09:00:00,-0.3292901181904759,-1.5208594909805075
2025-07-28 09:30:00,-0.3453764735714284,-1.5248291140481331
2025-07-28 10:00:00,-0.3687363819523799,-1.5363902497207358
2025-07-28 10:30:00,-0.3847152873333335,-1.5307864184173186
2025-07-28 11:00:00,-0.4028242337142855,-1.5367517077086243
2025-07-28 11:30:00,-0.4213526970952379,-1.5381826381191388
2025-07-28 12:00:00,-0.4438580904761919,-1.5408918270863785
2025-07-28 12:30:00,-0.4665193168571426,-1.5543189334104623
2025-07-28 13:00:00,-0.4897453242380958,-1.5659009344463681
2025-07-28 13:30:00,-0.5077136566190474,-1.579534995641469
2025-07-28 14:00:00,-0.5167484810000005,-1.5876220997922839
2025-07-28 14:30:00,-0.5182208493809515,-1.5893950886321897
2025-07-28 15:00:00,-0.5175268567619038,-1.6024226069086374
2025-07-28 15:30:00,-0.5128308461428563,-1.6189821922132552
2025-07-28 16:00:00,-0.5071757565238093,-1.6431389339925058
2025-07-28 16:30:00,-0.4977998769047618,-1.661705931731082
2025-07-28 17:00:00,-0.4888281642857137,-1.6813544006455552
2025-07-28 17:30:00,-0.4759369346666668,-1.6982505136136632
2025-07-28 18:00:00,-0.464336450047619,-1.7209422732743282
2025-07-28 18:30:00,-0.4551989044285722,-1.743484239681942
2025-07-28 19:00:00,-0.4452078058095237,-1.7671931932223628
2025-07-28 19:30:00,-0.4369239441904751,-1.785228492462475
2025-07-28 20:00:00,-0.4323738975714275,-1.7984096877500173
2025-07-28 20:30:00,-0.4263749479523808,-1.802261686700999
2025-07-28 21:00:00,-0.4261884543333327,-1.8071675928746571
2025-07-28 21:30:00,-0.4248419607142857,-1.805141394725378
2025-07-28 22:00:00,-0.4244368710952393,-1.8017391538372596
2025-07-28 22:30:00,-0.4245162554761912,-1.7938052486276468
2025-07-28 23:00:00,-0.4285350258571441,-1.7871091998698403
2025-07-28 23:30:00,-0.4328877872380932,-1.7775504795934598
2025-07-29 00:00:00,-0.4350763816190455,-1.766613592492193
2025-07-29 00:30:00,-0.4383668629999988,-1.7583622651372928
2025-07-29 01:00:00,-0.4375773443809518,-1.745226348249688
2025-07-29 01:30:00,-0.4352991847619052,-1.7361945272877617
2025-07-29 02:00:00,-0.4332923841428577,-1.734314775221272
2025-07-29 02:30:00,-0.4232079535238093,-1.7224845948915313
2025-07-29 03:00:00,-0.415968696904762,-1.725191736209715
2025-07-29 03:30:00,-0.4057414582857142,-1.7237793663323597
2025-07-29 04:00:00,-0.391100228666668,-1.7178357469667929
2025-07-29 04:30:00,-0.3792459290476195,-1.713081093858927
2025-07-29 05:00:00,-0.3686220674285714,-1.7126400629975518
2025-07-29 05:30:00,-0.3626055738095233,-1.7190076417804754
2025-07-29 06:00:00,-0.360292326190476,-1.7258860142771209
2025-07-29 06:30:00,-0.3585590785714299,-1.729479347842826
2025-07-29 07:00:00,-0.3552164449523807,-1.730282480435787
2025-07-29 07:30:00,-0.3584244253333335,-1.7309647562959296
2025-07-29 08:00:00,-0.3598144237142868,-1.7307178402111791
2025-07-29 08:30:00,-0.3707530180952378,-1.7313045924925183
2025-07-29 09:00:00,-0.3837305154761894,-1.7318079597372442
2025-07-29 09:30:00,-0.4002881888571428,-1.7286440582029587
2025-07-29 10:00:00,-0.4160373972380942,-1.71628184139851
2025-07-29 10:30:00,-0.4338727906190478,-1.7090478723860687
2025-07-29 11:00:00,-0.4527978769999998,-1.7017106606626877
2025-07-29 11:30:00,-0.4736411213809521,-1.698231672861962
2025-07-29 12:00:00,-0.4916445417619031,-1.6924001456955342
2025-07-29 12:30:00,-0.5116616461428565,-1.6877069823779982
2025-07-29 13:00:00,-0.5355753735238094,-1.6821191794276693
2025-07-29 13:30:00,-0.5529987939047618,-1.6808726151698288
2025-07-29 14:00:00,-0.5662268192857141,-1.6794333289901613
2025-07-29 14:30:00,-0.5714957656666666,-1.6868802937163503
2025-07-29 15:00:00,-0.5730362470476189,-1.6943713735439003
2025-07-29 15:30:00,-0.569475017428571,-1.7062127571717745
2025-07-29 16:00:00,-0.5662477788095228,-1.7186609441590301
2025-07-29 16:30:00,-0.5600554521904759,-1.7342756994181314
2025-07-29 17:00:00,-0.5533006695714293,-1.7505079216008654
2025-07-29 17:30:00,-0.544708035952381,-1.7703909244577183
2025-07-29 18:00:00,-0.5372678583333341,-1.7887380722753483
2025-07-29 18:30:00,-0.5312689087142848,-1.8092210674757858
2025-07-29 19:00:00,-0.528179959095239,-1.8358054536232757
2025-07-29 19:30:00,-0.5252591674761904,-1.856351693276076
2025-07-29 20:00:00,-0.5253539018571443,-1.8741354448501273
2025-07-29 20:30:00,-0.5275348212380941,-1.8854398723010561
2025-07-29 21:00:00,-0.5352546436190488,-1.8947430122619142
2025-07-29 21:30:00,-0.5376190709999997,-1.8980622553442912
2025-07-29 22:00:00,-0.5422255163809524,-1.9012002585013204
2025-07-29 22:30:00,-0.5485391987619055,-1.9017255051795587
2025-07-29 23:00:00,-0.5549507321428562,-1.8990357538281972
2025-07-29 23:30:00,-0.5595144145238093,-1.8933119226880792
2025-07-30 00:00:00,-0.561132877904762,-1.8868728388161098
2025-07-30 00:30:00,-0.5658470432857141,-1.8815037497659934
2025-07-30 01:00:00,-0.5694264276666667,-1.8802295434496035
2025-07-30 01:30:00,-0.5688730490476184,-1.87678345209956
2025-07-30 02:00:00,-0.5677648894285701,-1.8757337264032934
2025-07-30 02:30:00,-0.5638619938095248,-1.8770081368339555
2025-07-30 03:00:00,-0.5568283081904761,-1.8810194196409447
2025-07-30 03:30:00,-0.5514643155714285,-1.8827066484410906
2025-07-30 04:00:00,-0.539100322952381,-1.8851594680945252
2025-07-30 04:30:00,-0.5283984793333323,-1.8891035968282892
2025-07-30 05:00:00,-0.5228412407142871,-1.8962013981516117
2025-07-30 05:30:00,-0.5177661510952378,-1.9003620845849094
2025-07-30 06:00:00,-0.5142653594761919,-1.9020086949407258
2025-07-30 06:30:00,-0.5129264098571418,-1.9080687975478445
2025-07-30 07:00:00,-0.5137868462380946,-1.9156720637527673
2025-07-30 07:30:00,-0.5116394316190478,-1.9155536858802753
2025-07-30 08:00:00,-0.5179180259999998,-1.9202586590134902
2025-07-30 08:30:00,-0.5240361373809537,-1.9190826671258088
2025-07-30 09:00:00,-0.5372168807619024,-1.917074725854486
2025-07-30 09:30:00,-0.5474171861428583,-1.912657483188229
2025-07-30 10:00:00,-0.5622073155238108,-1.9053279621524155
2025-07-30 10:30:00,-0.5791891559047615,-1.898218057583243
2025-07-30 11:00:00,-0.593497005285716,-1.893908413599209
2025-07-30 11:30:00,-0.6085904256666679,-1.886025316785025
2025-07-30 12:00:00,-0.6271112140476207,-1.8831459800454404
2025-07-30 12:30:00,-0.6459781874285713,-1.8788723573030182
2025-07-30 13:00:00,-0.668844984809523,-1.8771788371744451
2025-07-30 13:30:00,-0.6834362561904761,-1.8705673000975884
2025-07-30 14:00:00,-0.6967621325714286,-1.8728483920069112
2025-07-30 14:30:00,-0.7015389299523811,-1.8723687496967725
2025-07-30 15:00:00,-0.7038527883333328,-1.8804142198089715
2025-07-30 15:30:00,-0.7036432697142856,-1.8872658320102267
2025-07-30 16:00:00,-0.7007774350952374,-1.8969613075019607
2025-07-30 16:30:00,-0.6946126524761904,-1.909892255675513
2025-07-30 17:00:00,-0.689512343857142,-1.9208416992714388
2025-07-30 17:30:00,-0.6809900172380954,-1.9330483530700873
2025-07-30 18:00:00,-0.670830760619048,-1.9476813443419598
2025-07-30 18:30:00,-0.6630390479999977,-1.963350413735956
2025-07-30 19:00:00,-0.6523525543809525,-1.9807897566800776
2025-07-30 19:30:00,-0.6435665437619047,-1.9912865935948711
2025-07-30 20:00:00,-0.6325736031428568,-1.9989466277029797
2025-07-30 20:30:00,-0.6235239085238093,-1.9986997019510593
2025-07-30 21:00:00,-0.6144292569047625,-1.995747368681914
2025-07-30 21:30:00,-0.6073053952857133,-1.9934928219248393
2025-07-30 22:00:00,-0.5987578496666663,-1.9866739835314904
2025-07-30 22:30:00,-0.5944660060476192,-1.977730535039165
2025-07-30 23:00:00,-0.5909047764285726,-1.9699715254386514
2025-07-30 23:30:00,-0.5861307838095247,-1.9589102522576245
2025-07-31 00:00:00,-0.5862178431904759,-1.951512357822182
2025-07-31 00:30:00,-0.5843989385714283,-1.94107329294786
2025-07-31 01:00:00,-0.580837708952382,-1.9282801960445939
2025-07-31 01:30:00,-0.580776479333333,-1.9206225652503282
2025-07-31 02:00:00,-0.5767857327142845,-1.9075971450033684
2025-07-31 02:30:00,-0.5729257310952391,-1.898784431350348
2025-07-31 03:00:00,-0.5689426594761915,-1.8908032689760277
2025-07-31 03:30:00,-0.5607289738571428,-1.8812151746607222
2025-07-31 04:00:00,-0.5502984892380951,-1.8745035506020324
2025-07-31 04:30:00,-0.5443544966190472,-1.8713041123958982
2025-07-31 05:00:00,-0.5390257230000011,-1.8672401008884902
2025-07-31 05:30:00,-0.5370364663809521,-1.8651066197679713
2025-07-31 06:00:00,-0.5365687447619034,-1.8677596863743597
2025-07-31 06:30:00,-0.5366810231428569,-1.868344401393954
2025-07-31 07:00:00,-0.5395023805238086,-1.8680015133086711
2025-07-31 07:30:00,-0.5397300539047618,-1.8709089957466758
2025-07-31 08:00:00,-0.5450824632857139,-1.8709809423043287
2025-07-31 08:30:00,-0.5521970666666665,-1.8703070733918783
2025-07-31 09:00:00,-0.5613933360476178,-1.8686527442893626
2025-07-31 09:30:00,-0.5737556144285716,-1.8677129480821055
2025-07-31 10:00:00,-0.584098858809524,-1.858613747594526
2025-07-31 10:30:00,-0.595795480190477,-1.8523415596239075
2025-07-31 11:00:00,-0.608197365571429,-1.8463174476068729
2025-07-31 11:30:00,-0.6219703029523806,-1.8446890784989438
2025-07-31 12:00:00,-0.6381709603333325,-1.8419423602843406
2025-07-31 12:30:00,-0.6503016177142833,-1.8369834060244197
2025-07-31 13:00:00,-0.6643304330952373,-1.8325865410993079
2025-07-31 13:30:00,-0.6753361784761904,-1.8277470473888517
2025-07-31 14:00:00,-0.6855035898571429,-1.827474827957514
2025-07-31 14:30:00,-0.6893740712380954,-1.8300284565117073
2025-07-31 15:00:00,-0.6923833246190481,-1.8354424671024128
2025-07-31 15:30:00,-0.6931581039999992,-1.8441395307537227
2025-07-31 16:00:00,-0.695710427380952,-1.852809225446769
2025-07-31 16:30:00,-0.6978990217619043,-1.8661501983739375
2025-07-31 17:00:00,-0.7004314761428572,-1.878933144839916
2025-07-31 17:30:00,-0.6958660795238083,-1.891392545729815
2025-07-31 18:00:00,-0.6898594549047619,-1.9061475080034587
2025-07-31 18:30:00,-0.6822259002857143,-1.9159936365805674
2025-07-31 19:00:00,-0.6751548016666662,-1.930028360450181
2025-07-31 19:30:00,-0.666569843047619,-1.9409079931549538
2025-07-31 20:00:00,-0.6584242704285714,-1.9528519548585557
2025-07-31 20:30:00,-0.6510016368095248,-1.9582435823711626
2025-07-31 21:00:00,-0.6421705381904759,-1.962838110363297
2025-07-31 21:30:00,-0.6318026855714287,-1.9631944080122037
2025-07-31 22:00:00,-0.62206759595238,-1.9668555628862312
2025-07-31 22:30:00,-0.6155489533333331,-1.9707154482242533
2025-07-31 23:00:00,-0.6102453987142866,-1.97461332850359
2025-07-31 23:30:00,-0.605338467095238,-1.9727114062179703
2025-08-01 00:00:00,-0.59785539547619,-1.9647956117621193
2025-08-01 00:30:00,-0.5929484638571418,-1.9583886699413129
2025-08-01 01:00:00,-0.590160611238095,-1.954103335446682
2025-08-01 01:30:00,-0.5863181536190472,-1.9452252318983492
2025-08-01 02:00:00,-0.5806124949999996,-1.9357726415261602
2025-08-01 02:30:00,-0.576207581380954,-1.9286142618690167
2025-08-01 03:00:00,-0.5708183697619038,-1.91891767131196
2025-08-01 03:30:00,-0.5653413071428561,-1.9100468065262408
2025-08-01 04:00:00,-0.5530751655238093,-1.8992750144287662
2025-08-01 04:30:00,-0.5525294619047618,-1.8962984043105262
2025-08-01 05:00:00,-0.5512180562857134,-1.894176870803094
2025-08-01 05:30:00,-0.5520081856666665,-1.891991874760892
2025-08-01 06:00:00,-0.5536419990476191,-1.8877839136827521
2025-08-01 06:30:00,-0.5542135324285704,-1.8835647867127787
2025-08-01 07:00:00,-0.5587069078095237,-1.8822865778849716
2025-08-01 07:30:00,-0.5613250191904771,-1.882608802462775
2025-08-01 08:00:00,-0.5649296225714275,-1.8776796059695298
2025-08-01 08:30:00,-0.5735458919523808,-1.8774147131072205
2025-08-01 09:00:00,-0.5861817233333328,-1.8761242539990999
2025-08-01 09:30:00,-0.5934972477142848,-1.871303676747643
2025-08-01 10:00:00,-0.598123562095237,-1.8583675966466786
2025-08-01 10:30:00,-0.6010449644761915,-1.853551981945159
2025-08-01 11:00:00,-0.6036071568571431,-1.8463431703364843
2025-08-01 11:30:00,-0.606063823238095,-1.8394353848139655
2025-08-01 12:00:00,-0.6095750946190484,-1.8330107675122411
2025-08-01 12:30:00,-0.6131513229999994,-1.82733952539104
2025-08-01 13:00:00,-0.615863998380952,-1.8227201750219986
2025-08-01 13:30:00,-0.6213285157619046,-1.8192101879596103
2025-08-01 14:00:00,-0.623230401142858,-1.8157358761121971
2025-08-01 14:30:00,-0.6247005755238084,-1.8204500342436054
2025-08-01 15:00:00,-0.6219676799047618,-1.8253702246362102
2025-08-01 15:30:00,-0.6235784682857135,-1.8299512835402294
2025-08-01 16:00:00,-0.6249432476666665,-1.8313109487764663
2025-08-01 16:30:00,-0.6230341670476174,-1.8303483594929648
2025-08-01 17:00:00,-0.6189380254285717,-1.826472595884404
2025-08-01 17:30:00,-0.6157634188095229,-1.8267482741221375
2025-08-01 18:00:00,-0.6085692501904776,-1.8279234359119687
2025-08-01 18:30:00,-0.6017793795714281,-1.8308326963776695
2025-08-01 19:00:00,-0.5954113509523817,-1.8333129428760762
2025-08-01 19:30:00,-0.5881896383333329,-1.8383187112998105
2025-08-01 20:00:00,-0.5791576187142846,-1.8393230632709976
2025-08-01 20:30:00,-0.5691489760952382,-1.8398818097863263
2025-08-01 21:00:00,-0.5568805094761904,-1.8354698706798798
2025-08-01 21:30:00,-0.5426435778571441,-1.835258486917463
2025-08-01 22:00:00,-0.5322734002380947,-1.8377988865217465
2025-08-01 22:30:00,-0.5214837056190478,-1.8347441260467334
2025-08-01 23:00:00,-0.5092252389999998,-1.828868841339683
2025-08-01 23:30:00,-0.5009489213809522,-1.8262035311250346
2025-08-02 00:00:00,-0.4918137007619043,-1.8200804505926211
2025-08-02 00:30:00,-0.4826684801428562,-1.8129414685648002
2025-08-02 01:00:00,-0.4735584785238091,-1.805780126080534
2025-08-02 01:30:00,-0.4688020299047617,-1.7997957025887743
2025-08-02 02:00:00,-0.4592448362857133,-1.7891924797644843
2025-08-02 02:30:00,-0.4507071596666665,-1.7786381671807399
2025-08-02 03:00:00,-0.4444819390476182,-1.7679223443687553
2025-08-02 03:30:00,-0.4376767184285703,-1.755077238710151
2025-08-02 04:00:00,-0.431504260809525,-1.7495056725878495
2025-08-02 04:30:00,-0.4269664081904754,-1.7386936403789157
2025-08-02 05:00:00,-0.4199479415714282,-1.725423645222445
2025-08-02 05:30:00,-0.4136425449523808,-1.715143770839437
2025-08-02 06:00:00,-0.4063406563333327,-1.7047732874506722
2025-08-02 06:30:00,-0.4012832417142855,-1.6953239245219995
2025-08-02 07:00:00,-0.4000849060952389,-1.6857265373612849
2025-08-02 07:30:00,-0.4003125794761906,-1.6811590406000894
2025-08-02 08:00:00,-0.4034228398571418,-1.675059997538364
2025-08-02 08:30:00,-0.409111434238095,-1.6671870609524164
2025-08-02 09:00:00,-0.4115889316190486,-1.6599873519284973
2025-08-02 09:30:00,-0.4192659909999998,-1.655414703887571
2025-08-02 10:00:00,-0.423759366380954,-1.6508144584281883
2025-08-02 10:30:00,-0.4355438387619053,-1.6512484888571668
2025-08-02 11:00:00,-0.4470394081428572,-1.6485321544919325
2025-08-02 11:30:00,-0.4508419075238106,-1.6422002210841418
2025-08-02 12:00:00,-0.4554704159047613,-1.6344257960524537
2025-08-02 12:30:00,-0.4548940122857139,-1.6252559592849065
2025-08-02 13:00:00,-0.4571397576666662,-1.621612172147609
2025-08-02 13:30:00,-0.456000898047618,-1.6153336933602516
2025-08-02 14:00:00,-0.4557409414285713,-1.613737182667827
2025-08-02 14:30:00,-0.4507658968095243,-1.6136483994533752
2025-08-02 15:00:00,-0.4468882201904751,-1.614184892963996
2025-08-02 15:30:00,-0.4481750175714285,-1.618679390420636
2025-08-02 16:00:00,-0.4485356299523808,-1.6214815120157053
2025-08-02 16:30:00,-0.4489137863333332,-1.6317150553936985
2025-08-02 17:00:00,-0.4471553197142863,-1.6418256598468666
2025-08-02 17:30:00,-0.4453868530952392,-1.6444201739773907
2025-08-02 18:00:00,-0.4436459304761904,-1.6492700917128482
2025-08-02 18:30:00,-0.439178384857144,-1.6481878716629348
2025-08-02 19:00:00,-0.4303045232380953,-1.647433754854359
2025-08-02 19:30:00,-0.4277100476190476,-1.6473316781961547
2025-08-02 20:00:00,-0.4171114050000004,-1.6456114508674675
2025-08-02 20:30:00,-0.4062514033809525,-1.6388522193209407
2025-08-02 21:00:00,-0.3968853927619058,-1.6357833024269266
2025-08-02 21:30:00,-0.3851817071428578,-1.6363941516335214
2025-08-02 22:00:00,-0.3702317055238084,-1.6333762743767628
2025-08-02 22:30:00,-0.356715387904762,-1.632252155055719
2025-08-02 23:00:00,-0.3446853862857151,-1.6307812131213562
2025-08-02 23:30:00,-0.3336495516666667,-1.6274519225585358
2025-08-03 00:00:00,-0.3201958660476188,-1.6240388215300385
2025-08-03 00:30:00,-0.3091523564285711,-1.618608887491452
2025-08-03 01:00:00,-0.2964972668095254,-1.6111505296555773
2025-08-03 01:30:00,-0.2877311251904774,-1.607754038896132
2025-08-03 02:00:00,-0.278289326571429,-1.597626437649152
2025-08-03 02:30:00,-0.2698471759523807,-1.5898464494014422
2025-08-03 03:00:00,-0.2614424383333327,-1.5805392456497385
2025-08-03 03:30:00,-0.2534496737142828,-1.5711319541331947
2025-08-03 04:00:00,-0.246546602095239,-1.5589016660140316
2025-08-03 04:30:00,-0.2417099774761903,-1.5487430990024862
2025-08-03 05:00:00,-0.237927957857144,-1.5420376938597913
2025-08-03 05:30:00,-0.2335031752380942,-1.5348411796229955
2025-08-03 06:00:00,-0.2301605416190477,-1.5265802863842144
2025-08-03 06:30:00,-0.2263158900000008,-1.5197345854152806
2025-08-03 07:00:00,-0.2242387823809537,-1.5098105997719968
2025-08-03 07:30:00,-0.2180113677619031,-1.5001253701629345
2025-08-03 08:00:00,-0.2147741291428571,-1.4884661411203635
2025-08-03 08:30:00,-0.2095485565238108,-1.4766981223322386
2025-08-03 09:00:00,-0.2039385549047609,-1.4645231627296982
2025-08-03 09:30:00,-0.1963753072857135,-1.4498753981048231
2025-08-03 10:00:00,-0.1875564026666643,-1.4352401644605537
2025-08-03 10:30:00,-0.1787802610476203,-1.4191288467088428
2025-08-03 11:00:00,-0.1698031984285712,-1.40403584140483
2025-08-03 11:30:00,-0.1616873638095226,-1.3931783424493194
2025-08-03 12:00:00,-0.1518589421904754,-1.3805326784580954
2025-08-03 12:30:00,-0.1429543805714304,-1.3700395010701167
2025-08-03 13:00:00,-0.1323701259523817,-1.3589636812491062
2025-08-03 13:30:00,-0.1230864853333335,-1.3468969477949184
2025-08-03 14:00:00,-0.1167053007142873,-1.3388815252223607
2025-08-03 14:30:00,-0.1111051680952366,-1.3334004473877423
2025-08-03 15:00:00,-0.1034310444761918,-1.3253347331905487
2025-08-03 15:30:00,-0.0998170518571408,-1.3161217446794533
2025-08-03 16:00:00,-0.0987165672380954,-1.3090886682247054
2025-08-03 16:30:00,-0.0971140646190471,-1.302531989819426
2025-08-03 17:00:00,-0.0978415620000014,-1.2977457570662838
2025-08-03 17:30:00,-0.0957819983809522,-1.2909498119926013
2025-08-03 18:00:00,-0.0966599787619058,-1.2834306773187372
2025-08-03 18:30:00,-0.0947234851428566,-1.2769801562631518
2025-08-03 19:00:00,-0.0936153255238094,-1.2699163072786155
2025-08-03 19:30:00,-0.09201501690476,-1.2599033170016756
2025-08-03 20:00:00,-0.0854283922857155,-1.2542717598188384
2025-08-03 20:30:00,-0.0811014606666686,-1.2505056955308484
2025-08-03 21:00:00,-0.0712883890476181,-1.240540928851964
2025-08-03 21:30:00,-0.0606216334285731,-1.234583549748353
2025-08-03 22:00:00,-0.0485740878095244,-1.233262647479845
2025-08-03 22:30:00,-0.0381985601904779,-1.2309924838985495
2025-08-03 23:00:00,-0.0254302695714268,-1.2288751783772556
2025-08-03 23:30:00,-0.0153666699523791,-1.2302311620183175
2025-08-04 00:00:00,-0.0026633363333341,-1.2281007970823423
2025-08-04 00:30:00,0.0133390762857172,-1.221388387595672
2025-08-04 01:00:00,0.0251130689047629,-1.2213837702275112
2025-08-04 01:30:00,0.0394257885238094,-1.2157197507908823
2025-08-04 02:00:00,0.0512647381428581,-1.2121233053565272
2025-08-04 02:30:00,0.0625619317619028,-1.2069697215799384
2025-08-04 03:00:00,0.0704668453809529,-1.200568896995348
2025-08-04 03:30:00,0.0789869779999994,-1.1923161088028724
2025-08-04 04:00:00,0.0862392596190479,-1.1826430771621212
2025-08-04 04:30:00,0.0927732522380955,-1.1746500723824123
2025-08-04 05:00:00,0.096959569857143,-1.1663839147777357
2025-08-04 05:30:00,0.0994683884761908,-1.1631765341022011
2025-08-04 06:00:00,0.1035767240952392,-1.1546248241556234
2025-08-04 06:30:00,0.1018901477142859,-1.14671563919033
2025-08-04 07:00:00,0.0945669483333333,-1.1438609618023687
2025-08-04 07:30:00,0.087667784952381,-1.1430713520170723
2025-08-04 08:00:00,0.0782529195714294,-1.1427236380146812
2025-08-04 08:30:00,0.0637111241904764,-1.1453784047353945
2025-08-04 09:00:00,0.0536711708095229,-1.1492942558607002
2025-08-04 09:30:00,0.0420645944285715,-1.152842191473707
2025-08-04 10:00:00,0.0315929300476203,-1.1585704461529571
2025-08-04 10:30:00,0.0222713966666661,-1.1613816166795359
2025-08-04 11:00:00,0.0100375382857131,-1.1670041666272863
2025-08-04 11:30:00,0.0051299959047608,-1.1705277876875537
2025-08-04 12:00:00,0.004995654523809,-1.1696407459762976
2025-08-04 12:30:00,0.0012811371428576,-1.1742639585260108
2025-08-04 13:00:00,0.0031856987619029,-1.1822319643355772
2025-08-04 13:30:00,0.0038148653809513,-1.1895556766703137
2025-08-04 14:00:00,0.0078132870000005,-1.1974997536602907
2025-08-04 14:30:00,0.0141164896190499,-1.2081632184105102
2025-08-04 15:00:00,0.0178336832380969,-1.2164488506926463
2025-08-04 15:30:00,0.0218419738571409,-1.226567183798764
2025-08-04 16:00:00,0.0260282914761884,-1.235744681765148
2025-08-04 16:30:00,0.0264333810952384,-1.2460870620323994
2025-08-04 17:00:00,0.0230649177142865,-1.258568308995971
2025-08-04 17:30:00,0.0257121563333331,-1.2630845300668476
2025-08-04 18:00:00,0.0241486499523819,-1.2649609290482469
2025-08-04 18:30:00,0.0214052745714288,-1.2701820121568514
2025-08-04 19:00:00,0.0204745311904772,-1.2694926529876647
2025-08-04 19:30:00,0.0205379548095241,-1.269862761713805
2025-08-04 20:00:00,0.0219350174285712,-1.2656540855395282
2025-08-04 20:30:00,0.0253479580476188,-1.2586413722657324
2025-08-04 21:00:00,0.0280150656666655,-1.2576240880050107
2025-08-04 21:30:00,0.0358441912857134,-1.2550377175235226
2025-08-04 22:00:00,0.0443115609047628,-1.2491069067977156
2025-08-04 22:30:00,0.0544761675238099,-1.245322512691427
2025-08-04 23:00:00,0.0687758621428553,-1.2449604768890894
2025-08-04 23:30:00,0.0812529247619064,-1.2384675647325047
2025-08-05 00:00:00,0.0998512153809525,-1.234346677928001
2025-08-05 00:30:00,0.1150801199999997,-1.2353818720357996
2025-08-05 01:00:00,0.1296411736190479,-1.2334856458721422
2025-08-05 01:30:00,0.1452843762380957,-1.231979025584757
2025-08-05 02:00:00,0.1628257368571457,-1.2280047589093863
2025-08-05 02:30:00,0.1772737204761876,-1.2246791847508123
2025-08-05 03:00:00,0.1892586340952398,-1.2224496604921011
2025-08-05 03:30:00,0.198150039714287,-1.2197558566454583
2025-08-05 04:00:00,0.2111720143333353,-1.2112684886984828
2025-08-05 04:30:00,0.2158856999523812,-1.2063534750283165
2025-08-05 05:00:00,0.2155327625714256,-1.198673355738662
2025-08-05 05:30:00,0.2091135541904762,-1.1966783983253861
2025-08-05 06:00:00,0.2007609688095246,-1.1911736936021091
2025-08-05 06:30:00,0.1887502254285684,-1.1867348941763853
2025-08-05 07:00:00,0.1753959740476205,-1.1817805443146345
2025-08-05 07:30:00,0.1610826436666637,-1.17583173118147
2025-08-05 08:00:00,0.1452806722857147,-1.165581932906026
2025-08-05 08:30:00,0.131941770904763,-1.1531641089754943
2025-08-05 09:00:00,0.1133253255238095,-1.1486149984339855
2025-08-05 09:30:00,0.0978069071428571,-1.1449841219416503
2025-08-05 10:00:00,0.0844756807619058,-1.1336240721466448
2025-08-05 10:30:00,0.0719001563809509,-1.1301434993669972
2025-08-05 11:00:00,0.0619359909999988,-1.1267640438448876
2025-08-05 11:30:00,0.0536591936190471,-1.1308183874124889
2025-08-05 12:00:00,0.0482473082380969,-1.137199808497835
2025-08-05 12:30:00,0.0367517388571416,-1.1489426814072035
2025-08-05 13:00:00,0.0272170904761914,-1.1641039882372588
2025-08-05 13:30:00,0.021383363095238,-1.1779025879321952
2025-08-05 14:00:00,0.0181708637142838,-1.1938084774237838
2025-08-05 14:30:00,0.0175894613333347,-1.2078687596190905
2025-08-05 15:00:00,0.0205431469523797,-1.2239714579160237
2025-08-05 15:30:00,0.0182117445714278,-1.2414527654623988
2025-08-05 16:00:00,0.0184135881904761,-1.256802220027729
2025-08-05 16:30:00,0.0183342038095242,-1.2698077775321202
2025-08-05 17:00:00,0.0141846884285696,-1.2818001263809802
2025-08-05 17:30:00,0.0087070150476189,-1.295545580037002
2025-08-05 18:00:00,-7.728133333317899e-05,-1.305384496410213
2025-08-05 18:30:00,-0.0111214017142875,-1.3217568353745648
2025-08-05 19:00:00,-0.0221303030952377,-1.3359651357448314
2025-08-05 19:30:00,-0.0350396874761917,-1.3464751692845844
2025-08-05 20:00:00,-0.0493705618571433,-1.358161106032593
2025-08-05 20:30:00,-0.0606179282380971,-1.3645783980511594
2025-08-05 21:00:00,-0.0708160396190491,-1.3677871255161889
2025-08-05 21:30:00,-0.0761607739999996,-1.3749284175363743
2025-08-05 22:00:00,-0.0777166053809517,-1.376835705865546
2025-08-05 22:30:00,-0.0748507707619063,-1.3760422235549763
2025-08-05 23:00:00,-0.0696273921428571,-1.3802371368165378
2025-08-05 23:30:00,-0.0619609435238115,-1.3833831319294365
2025-08-06 00:00:00,-0.0512162059047627,-1.3905317126665007
2025-08-06 00:30:00,-0.0364969942857145,-1.3973118182900812
2025-08-06 01:00:00,-0.0226917736666649,-1.4055851428520563
2025-08-06 01:30:00,-0.0066168600476206,-1.4158993490613097
2025-08-06 02:00:00,0.0099929655714297,-1.4285067989514513
2025-08-06 02:30:00,0.023878493190478,-1.4397162326913813
2025-08-06 03:00:00,0.0378243278095236,-1.4495043698628396
2025-08-06 03:30:00,0.0518481444285703,-1.4530779071270719
2025-08-06 04:00:00,0.0672101190476193,-1.4555556438672874
2025-08-06 04:30:00,0.0771011726666666,-1.4531355589321624
2025-08-06 05:00:00,0.0777951652857142,-1.4518151521086926
2025-08-06 05:30:00,0.0758954739047614,-1.4469131233846035
2025-08-06 06:00:00,0.0678768795238093,-1.442316852902607
2025-08-06 06:30:00,0.0548015311428575,-1.4353336619588504
2025-08-06 07:00:00,0.0437926297619026,-1.4258909724735385
2025-08-06 07:30:00,0.0312271053809507,-1.4135771645469488
2025-08-06 08:00:00,0.013024827000001,-1.4030024899016915
2025-08-06 08:30:00,-0.0029000833809542,-1.393820473133151
2025-08-06 09:00:00,-0.0186843797619049,-1.3810194954690558
2025-08-06 09:30:00,-0.0364472721428561,-1.3703492094520449
2025-08-06 10:00:00,-0.0498586745238094,-1.3540635739405193
2025-08-06 10:30:00,-0.0629109979047628,-1.3436343780475537
2025-08-06 11:00:00,-0.0723753392857129,-1.3383796025153532
2025-08-06 11:30:00,-0.0793163036666657,-1.3345142260942324
2025-08-06 12:00:00,-0.082900207047619,-1.3350130759550152
2025-08-06 12:30:00,-0.0910990224285723,-1.3401546205669994
2025-08-06 13:00:00,-0.0974698558095228,-1.3430199823570521
2025-08-06 13:30:00,-0.1016865221904774,-1.349399736373156
2025-08-06 14:00:00,-0.0984538025714265,-1.358936483820833
2025-08-06 14:30:00,-0.0934084509523816,-1.3675298734511736
2025-08-06 15:00:00,-0.0882224853333333,-1.3777557273996388
2025-08-06 15:30:00,-0.0845129667142834,-1.3906472673788972
2025-08-06 16:00:00,-0.0805023510952376,-1.402439993900772
2025-08-06 16:30:00,-0.0782692794761892,-1.414612223400662
2025-08-06 17:00:00,-0.0784343208571427,-1.4251468008776298
2025-08-06 17:30:00,-0.0816621702380937,-1.4319928005286244
2025-08-06 18:00:00,-0.0834289226190465,-1.4341979605494888
2025-08-06 18:30:00,-0.0903326049999981,-1.4409789564605975
2025-08-06 19:00:00,-0.0940602783809512,-1.4443233943651934
2025-08-06 19:30:00,-0.1016394867619048,-1.4461599640787188
2025-08-06 20:00:00,-0.1076268531428588,-1.438778173129996
2025-08-06 20:30:00,-0.1119016325238071,-1.4279968074231115
2025-08-06 21:00:00,-0.1149965429047614,-1.4174793855821974
2025-08-06 21:30:00,-0.1138180762857117,-1.4073829044044175
2025-08-06 22:00:00,-0.1115850046666664,-1.3972820183285826
2025-08-06 22:30:00,-0.1038734680476192,-1.3880256136715154
2025-08-06 23:00:00,-0.0979371504285704,-1.3835716761235435
2025-08-06 23:30:00,-0.0852314918095227,-1.3771747280774116
2025-08-07 00:00:00,-0.071074736190476,-1.3718618360855217
2025-08-07 00:30:00,-0.0543044275714288,-1.373279167954773
2025-08-07 01:00:00,-0.0395302589523804,-1.3741221093709948
2025-08-07 01:30:00,-0.0207913543333331,-1.3765652867562264
2025-08-07 02:00:00,0.0017089092857145,-1.3755881047469503
2025-08-07 02:30:00,0.0215727259047611,-1.3750467698834339
2025-08-07 03:00:00,0.0401434725238083,-1.37569080141594
2025-08-07 03:30:00,0.0589251401428574,-1.37343204687654
2025-08-07 04:00:00,0.0789142207619058,-1.3728069529131
2025-08-07 04:30:00,0.0871102313809502,-1.3717328972653633
2025-08-07 05:00:00,0.0928005400000031,-1.3686036545338034
2025-08-07 05:30:00,0.092721155619049,-1.3613227612089809
2025-08-07 06:00:00,0.0862316402380953,-1.3541230201990024
2025-08-07 06:30:00,0.0766915108571406,-1.3433145706219463
2025-08-07 07:00:00,0.0626396704761926,-1.3360183031664397
2025-08-07 07:30:00,0.0483844530952393,-1.3242172712626548
2025-08-07 08:00:00,0.0312719987142868,-1.3064246890152302
2025-08-07 08:30:00,0.0143429213333323,-1.2906175545984022
2025-08-07 09:00:00,-0.0072461560476202,-1.2774527608835837
2025-08-07 09:30:00,-0.0246673824285725,-1.2618003688410453
2025-08-07 10:00:00,-0.0400924688095234,-1.2430830316927568
2025-08-07 10:30:00,-0.0558263271904757,-1.235340191809547
2025-08-07 11:00:00,-0.0666891335714308,-1.226167344521448
2025-08-07 11:30:00,-0.0780440889523808,-1.2236387533016404
2025-08-07 12:00:00,-0.080791983333335,-1.2230633961709787
2025-08-07 12:30:00,-0.0910923337142854,-1.2272139192406777
2025-08-07 13:00:00,-0.0986583860952383,-1.234708324385889
2025-08-07 13:30:00,-0.1004922894761919,-1.2408400319064292
2025-08-07 14:00:00,-0.0983141748571416,-1.2530800940231344
2025-08-07 14:30:00,-0.0917297442380942,-1.2651579674931182
2025-08-07 15:00:00,-0.0850673316190464,-1.2784545479625926
2025-08-07 15:30:00,-0.0767833390000012,-1.292251868671879
2025-08-07 16:00:00,-0.0716753553809521,-1.3062680968854437
2025-08-07 16:30:00,-0.0669793447619047,-1.321905057101876
2025-08-07 17:00:00,-0.064613334142858,-1.3335663619299667
2025-08-07 17:30:00,-0.0641302625238098,-1.3442320984425409
2025-08-07 18:00:00,-0.0654048659047614,-1.3498827304309493
2025-08-07 18:30:00,-0.0689919252857127,-1.3606020642156234
2025-08-07 19:00:00,-0.0771511336666674,-1.3726203939679131
2025-08-07 19:30:00,-0.0852224910476207,-1.377050620435362
2025-08-07 20:00:00,-0.0919152524285713,-1.3760257854148361
2025-08-07 20:30:00,-0.100892925809523,-1.3728209961404785
2025-08-07 21:00:00,-0.1088335381904763,-1.367658182131405
2025-08-07 21:30:00,-0.1111550715714291,-1.3594900332872737
2025-08-07 22:00:00,-0.1115783159523786,-1.3517062742896109
2025-08-07 22:30:00,-0.1107437093333314,-1.3460446565570603
2025-08-07 23:00:00,-0.1087292337142848,-1.341716567782259
2025-08-07 23:30:00,-0.1005881800952381,-1.3370315783330389
2025-08-08 00:00:00,-0.0886635734761918,-1.3335942322531238
2025-08-08 00:30:00,-0.0763271248571433,-1.333475059644568
2025-08-08 01:00:00,-0.060357737238095,-1.336008205632963
2025-08-08 01:30:00,-0.0416265076190485,-1.3397652854652444
2025-08-08 02:00:00,-0.0244619010000011,-1.345757918005315
2025-08-08 02:30:00,-0.0003170323809535,-1.3473779120371312
2025-08-08 03:00:00,0.0213472222380963,-1.3500776621486434
2025-08-08 03:30:00,0.0437970478571443,-1.3506894180304296
2025-08-08 04:00:00,0.0635553384761888,-1.3530361449568697
2025-08-08 04:30:00,0.0776693310952363,-1.352642350326133
2025-08-08 05:00:00,0.0847931927142877,-1.3556269415276054
2025-08-08 05:30:00,0.0883719663333322,-1.351967616846558
2025-08-08 06:00:00,0.0838709159523793,-1.3473399094875718
2025-08-08 06:30:00,0.0749306555714293,-1.3441653560483755
2025-08-08 07:00:00,0.0638339031904779,-1.3344619604981391
2025-08-08 07:30:00,0.0490162298095238,-1.3236418145717417
2025-08-08 08:00:00,0.0307788634285719,-1.313584205646557
2025-08-08 08:30:00,0.007967023047618,-1.2981640949679936
2025-08-08 09:00:00,-0.0151083703333319,-1.2818283886855135
2025-08-08 09:30:00,-0.0405138947142846,-1.2680981686997888
2025-08-08 10:00:00,-0.0614197710952362,-1.251038406376259
2025-08-08 10:30:00,-0.0769173584761901,-1.2339389337419635
2025-08-08 11:00:00,-0.0930653838571458,-1.2264088841099794
2025-08-08 11:30:00,-0.1064438922380952,-1.2185246048497465
2025-08-08 12:00:00,-0.1157073126190475,-1.2203927035184843
2025-08-08 12:30:00,-0.1239863040000015,-1.2198338238133177
2025-08-08 13:00:00,-0.1333200313809504,-1.2252735692370265
2025-08-08 13:30:00,-0.1384406887619056,-1.234845064142937
2025-08-08 14:00:00,-0.1453091521428566,-1.2533805670983573
2025-08-08 14:30:00,-0.1521248525238081,-1.2775286417345002
2025-08-08 15:00:00,-0.1594228329047615,-1.3058437944032006
2025-08-08 15:30:00,-0.1670998922857132,-1.3380719691895817
2025-08-08 16:00:00,-0.177829759666666,-1.3649963432198489
2025-08-08 16:30:00,-0.1878070810476162,-1.3922099933345466
2025-08-08 17:00:00,-0.201645806428572,-1.4203164858986248
2025-08-08 17:30:00,-0.2150023828095224,-1.4449115787123914
2025-08-08 18:00:00,-0.2287554511904765,-1.4636257432805262
2025-08-08 18:30:00,-0.2425161945714282,-1.4811643604699423
2025-08-08 19:00:00,-0.2529198769523826,-1.494217768219854
2025-08-08 19:30:00,-0.2685712343333348,-1.5067143136093442
2025-08-08 20:00:00,-0.2809884697142851,-1.5171044691626756
2025-08-08 20:30:00,-0.2951887300952385,-1.5291312355678852
2025-08-08 21:00:00,-0.3104105704761902,-1.5391492511604734
2025-08-08 21:30:00,-0.3206713138571428,-1.549823158062111
2025-08-08 22:00:00,-0.3290085492380963,-1.560289867274366
2025-08-08 22:30:00,-0.3361308276190475,-1.5710492842700796
2025-08-08 23:00:00,-0.3406318779999988,-1.5834578423519128
2025-08-08 23:30:00,-0.339726964380952,-1.5931847575687708
2025-08-09 00:00:00,-0.3348299017619053,-1.6027137199652512
2025-08-09 00:30:00,-0.3275928391428563,-1.6111503918491445
2025-08-09 01:00:00,-0.3148268735238092,-1.6148724785642774
2025-08-09 01:30:00,-0.2999044159047629,-1.6259023310802778
2025-08-09 02:00:00,-0.2810347662857146,-1.6299619423670677
2025-08-09 02:30:00,-0.2607667826666692,-1.64114296020755
2025-08-09 03:00:00,-0.238387264047619,-1.6519436956126243
2025-08-09 03:30:00,-0.2196912534285722,-1.6638497550680613
2025-08-09 04:00:00,-0.1987881818095238,-1.6719892025766623
2025-08-09 04:30:00,-0.1794241891904757,-1.678088487327301
2025-08-09 05:00:00,-0.1717203275714287,-1.6867304589840808
2025-08-09 05:30:00,-0.168869842952382,-1.6926228806635948
2025-08-09 06:00:00,-0.1693787443333327,-1.693066502440296
2025-08-09 06:30:00,-0.1731140927142849,-1.6919166520549653
2025-08-09 07:00:00,-0.1835682130952398,-1.6880643443200554
2025-08-09 07:30:00,-0.1964226404761895,-1.6812807708400026
2025-08-09 08:00:00,-0.2151170678571439,-1.6716159412783824
2025-08-09 08:30:00,-0.2324557932380935,-1.6584082735511185
2025-08-09 09:00:00,-0.2559685096190468,-1.6453934262845817
2025-08-09 09:30:00,-0.2773015780000019,-1.628773579930482
2025-08-09 10:00:00,-0.2966035493809538,-1.6114334005201978
2025-08-09 10:30:00,-0.3187726267619056,-1.596916740596795
2025-08-09 11:00:00,-0.3403112661428571,-1.5895602889482716
2025-08-09 11:30:00,-0.3563966595238095,-1.5850897104759711
2025-08-09 12:00:00,-0.3681734569047616,-1.5817572796018162
2025-08-09 12:30:00,-0.3804622722857143,-1.5806825153701736
2025-08-09 13:00:00,-0.3890202976666661,-1.5841598693351444
2025-08-09 13:30:00,-0.3909046390476192,-1.5882439611264643
2025-08-09 14:00:00,-0.3977126644285713,-1.6001567473469294
2025-08-09 14:30:00,-0.3955422248095235,-1.607189604186363
2025-08-09 15:00:00,-0.3933091531904757,-1.621204344265214
2025-08-09 15:30:00,-0.3887460815714287,-1.632921123019786
2025-08-09 16:00:00,-0.3839193259523814,-1.6417130280405758
2025-08-09 16:30:00,-0.3764187103333327,-1.653814160572181
2025-08-09 17:00:00,-0.3707009887142856,-1.666842904134729
2025-08-09 17:30:00,-0.3677526530952371,-1.6774354657185158
2025-08-09 18:00:00,-0.3656052384761903,-1.6850839456827054
2025-08-09 18:30:00,-0.3651902798571427,-1.694624359031058
2025-08-09 19:00:00,-0.3706756282380954,-1.7056972982733403
2025-08-09 19:30:00,-0.3787095726190475,-1.7102911062857529
2025-08-09 20:00:00,-0.3862184740000001,-1.71804481189977
2025-08-09 20:30:00,-0.3939658403809531,-1.7160851495380531
2025-08-09 21:00:00,-0.4015527237619043,-1.7136335698449523
2025-08-09 21:30:00,-0.4118837741428582,-1.7112234839351046
2025-08-09 22:00:00,-0.4207988155238109,-1.708137464101391
2025-08-09 22:30:00,-0.4277628049047628,-1.699710428357956
2025-08-09 23:00:00,-0.4337249522857154,-1.6923582996332431
2025-08-09 23:30:00,-0.4358355646666656,-1.6871304288498792
2025-08-10 00:00:00,-0.43416494904762,-1.6818922123770068
2025-08-10 00:30:00,-0.4302598594285709,-1.6785683322598854
2025-08-10 01:00:00,-0.4219781918095251,-1.6788287379257925
2025-08-10 01:30:00,-0.4063526641904769,-1.679707308117315
2025-08-10 02:00:00,-0.3943577505714284,-1.6847636764938627
2025-08-10 02:30:00,-0.3743083629523809,-1.6881927493917792
2025-08-10 03:00:00,-0.3535382303333334,-1.6919705975629686
2025-08-10 03:30:00,-0.331819018714285,-1.6971809548301076
2025-08-10 04:00:00,-0.3126033150952374,-1.7067489254591957
2025-08-10 04:30:00,-0.2925439274761883,-1.7143062790130372
2025-08-10 05:00:00,-0.2734887068571443,-1.716020214996832
2025-08-10 05:30:00,-0.2580542312380942,-1.7162597244938727
2025-08-10 06:00:00,-0.2435612906190465,-1.7130423508557644
2025-08-10 06:30:00,-0.2360760249999998,-1.7114383777527185
2025-08-10 07:00:00,-0.2287840053809526,-1.702027509419087
2025-08-10 07:30:00,-0.2277538277619069,-1.6883760101618719
2025-08-10 08:00:00,-0.2283154921428589,-1.675535368857309
2025-08-10 08:30:00,-0.2300119375238101,-1.655571793360794
2025-08-10 09:00:00,-0.2360772859047648,-1.6342366188094337
2025-08-10 09:30:00,-0.2393128102857145,-1.6093313031269911
2025-08-10 10:00:00,-0.2502086416666679,-1.5904479266319456
2025-08-10 10:30:00,-0.2526631140476191,-1.5622149797461067
2025-08-10 11:00:00,-0.2572894284285714,-1.535337567839909
2025-08-10 11:30:00,-0.259902058809522,-1.5118563726351182
2025-08-10 12:00:00,-0.2583567071904759,-1.4873642669318268
2025-08-10 12:30:00,-0.2542956535714276,-1.4673498470031943
2025-08-10 13:00:00,-0.2446704779523818,-1.4443862520610715
2025-08-10 13:30:00,-0.2324845123333343,-1.430179656570742
2025-08-10 14:00:00,-0.2176696437142848,-1.4125486656349135
2025-08-10 14:30:00,-0.1998645990952381,-1.4008165105993815
2025-08-10 15:00:00,-0.1818287644761882,-1.394771800366714
2025-08-10 15:30:00,-0.163107534857144,-1.3886452412779027
2025-08-10 16:00:00,-0.1448156912380964,-1.3905621411176292
2025-08-10 16:30:00,-0.1265239786190457,-1.3888913838570671
2025-08-10 17:00:00,-0.1119507309999987,-1.3909993928062487
2025-08-10 17:30:00,-0.0952684043809499,-1.3898949050377518
2025-08-10 18:00:00,-0.0846169987619054,-1.3887835910654776
2025-08-10 18:30:00,-0.076210067142856,-1.3855957289685854
2025-08-10 19:00:00,-0.0723049775238093,-1.3773547962077881
2025-08-10 19:30:00,-0.0699290979047617,-1.3675440004298027
2025-08-10 20:00:00,-0.0716958502857141,-1.3566304824180748
2025-08-10 20:30:00,-0.0744469006666657,-1.3434801239317395
2025-08-10 21:00:00,-0.0803562850476191,-1.3295403016231444
2025-08-10 21:30:00,-0.0861854934285732,-1.3137876334901943
2025-08-10 22:00:00,-0.0952586928095255,-1.3001971375021497
2025-08-10 22:30:00,-0.1026896121904756,-1.2839691464236358
2025-08-10 23:00:00,-0.1073939085714299,-1.2693280925791248
2025-08-10 23:30:00,-0.1131726789523801,-1.2535751108060076
2025-08-11 00:00:00,-0.1126116253333324,-1.239426094704851
2025-08-11 00:30:00,-0.1115660977142847,-1.22827224251003
2025-08-11 01:00:00,-0.1054035090952369,-1.2193262180545992
2025-08-11 01:30:00,-0.0965493854761905,-1.2138192997992299
2025-08-11 02:00:00,-0.0814160068571454,-1.2083827147215795
2025-08-11 02:30:00,-0.0640954362380954,-1.2051768868085024
2025-08-11 03:00:00,-0.0459288566190454,-1.2060127188099226
2025-08-11 03:30:00,-0.0231374960000005,-1.2066155483487269
2025-08-11 04:00:00,0.0015544786190462,-1.2089429835793186
2025-08-11 04:30:00,0.0197935592380944,-1.216642376889612
2025-08-11 05:00:00,0.0335911048571442,-1.2253123038937577
2025-08-11 05:30:00,0.0469668084761893,-1.234795884474607
2025-08-11 06:00:00,0.0530789590952367,-1.2423323307234695
2025-08-11 06:30:00,0.0562809787142855,-1.249535075100856
2025-08-11 07:00:00,0.0515690073333356,-1.2574150320865385
2025-08-11 07:30:00,0.0445247109523792,-1.2602147358437874
2025-08-11 08:00:00,0.0341485725714283,-1.2586265662123712
2025-08-11 08:30:00,0.0194035311904763,-1.2575823130135162
2025-08-11 09:00:00,-0.0012518171904751,-1.2558967008349808
2025-08-11 09:30:00,-0.0224267275714302,-1.249633593256289
2025-08-11 10:00:00,-0.0446134799523807,-1.237301761842787
2025-08-11 10:30:00,-0.067751505333335,-1.231850902283209
2025-08-11 11:00:00,-0.0892275127142854,-1.2280542449372385
2025-08-11 11:30:00,-0.1111275560952398,-1.2226215305002746
2025-08-11 12:00:00,-0.1273106694761909,-1.2220395841825697
2025-08-11 12:30:00,-0.1466697918571446,-1.225551887037168
2025-08-11 13:00:00,-0.1633022912380941,-1.2372508136587448
2025-08-11 13:30:00,-0.1757843526190465,-1.2484561365234843
2025-08-11 14:00:00,-0.1760593079999977,-1.259195158861336
2025-08-11 14:30:00,-0.1740294823809509,-1.2732712134389252
2025-08-11 15:00:00,-0.1642087357619064,-1.289935907157052
2025-08-11 15:30:00,-0.1510286031428582,-1.3072838938766493
2025-08-11 16:00:00,-0.1394127685238106,-1.3275948023876287
2025-08-11 16:30:00,-0.1225095209047633,-1.3486658003102128
2025-08-11 17:00:00,-0.1083681152857154,-1.3691286145316721
2025-08-11 17:30:00,-0.0934257886666649,-1.3916096014077166
2025-08-11 18:00:00,-0.0807531550476183,-1.4080884752440135
2025-08-11 18:30:00,-0.0725471444285723,-1.4289028292683128
2025-08-11 19:00:00,-0.0620540278095227,-1.4460907024051377
2025-08-11 19:30:00,-0.058623543190476,-1.4619496360848578
2025-08-11 20:00:00,-0.0589368735714277,-1.4688012467956673
2025-08-11 20:30:00,-0.0603597659523831,-1.4721733077234196
2025-08-11 21:00:00,-0.0630328343333321,-1.4660140195274851
2025-08-11 21:30:00,-0.0678151127142872,-1.458535801683254
2025-08-11 22:00:00,-0.0715351110952371,-1.4476994940800763
2025-08-11 22:30:00,-0.0777257234761894,-1.433400221210884
2025-08-11 23:00:00,-0.0830551078571417,-1.4211958744925999
2025-08-11 23:30:00,-0.0894489662380955,-1.4064340454423185
2025-08-12 00:00:00,-0.0915519036190464,-1.3935317452765796
2025-08-12 00:30:00,-0.0891002359999986,-1.3808931369625113
2025-08-12 01:00:00,-0.0882656293809514,-1.3699283134591136
2025-08-12 01:30:00,-0.0803453657619048,-1.3603608540581613
2025-08-12 02:00:00,-0.0730479961428569,-1.3591241264322245
2025-08-12 02:30:00,-0.0621275565238093,-1.3578299883983949
2025-08-12 03:00:00,-0.0457011079047628,-1.3561373628310358
2025-08-12 03:30:00,-0.0275445282857165,-1.357184008475391
2025-08-12 04:00:00,-0.0028525536666657,-1.3564194087563497
2025-08-12 04:30:00,0.0143219219523853,-1.3617363229145814
2025-08-12 05:00:00,0.0270045555714288,-1.367784925989881
2025-08-12 05:30:00,0.0393256541904754,-1.376180003130866
2025-08-12 06:00:00,0.0452641658095227,-1.3831815385377735
2025-08-12 06:30:00,0.0494504834285702,-1.3843676828962461
2025-08-12 07:00:00,0.0478946520476193,-1.3869798592797042
2025-08-12 07:30:00,0.0429794346666667,-1.384452409495566
2025-08-12 08:00:00,0.0385486912857135,-1.3815050188251623
2025-08-12 08:30:00,0.0231785619047637,-1.378717277451637
2025-08-12 09:00:00,0.0062693535238078,-1.3699500701271508
2025-08-12 09:30:00,-0.013682924857143,-1.3602845309629699
2025-08-12 10:00:00,-0.0326981872380935,-1.3384943674924004
2025-08-12 10:30:00,-0.0559845016190474,-1.3253915985156062
2025-08-12 11:00:00,-0.0778746759999997,-1.3144120454489792
2025-08-12 11:30:00,-0.0981477893809521,-1.3005850190016415
2025-08-12 12:00:00,-0.1162313857619066,-1.291793041174041
2025-08-12 12:30:00,-0.1380435781428575,-1.2848828963785783
2025-08-12 13:00:00,-0.1585199375238091,-1.2820986878584164
2025-08-12 13:30:00,-0.1699550689047619,-1.2789113044794185
2025-08-12 14:00:00,-0.1786560332857154,-1.2805943634877528
2025-08-12 14:30:00,-0.1767591466666656,-1.2866537473158606
2025-08-12 15:00:00,-0.1733934880476184,-1.2972021932016686
2025-08-12 15:30:00,-0.1645042764285731,-1.3121111364438698
2025-08-12 16:00:00,-0.1506715118095234,-1.3243246348188134
2025-08-12 16:30:00,-0.1389755011904772,-1.34586147023099
2025-08-12 17:00:00,-0.1238321225714302,-1.362984461852538
2025-08-12 17:30:00,-0.1087064189523823,-1.381150124759184
2025-08-12 18:00:00,-0.0953230403333345,-1.3971751877551253
2025-08-12 18:30:00,-0.0823493097142828,-1.4178505289478418
2025-08-12 19:00:00,-0.0732469830952373,-1.4402858712175746
2025-08-12 19:30:00,-0.0656814104761887,-1.4534636561263654
2025-08-12 20:00:00,-0.0647292148571414,-1.4666089133657931
2025-08-12 20:30:00,-0.0681053532380961,-1.4708414368207465
2025-08-12 21:00:00,-0.0720362726190473,-1.472687738779412
2025-08-12 21:30:00,-0.0799945599999991,-1.4713310178259176
2025-08-12 22:00:00,-0.0893940753809521,-1.4665635090516664
2025-08-12 22:30:00,-0.1026549947619046,-1.4625439829787479
2025-08-12 23:00:00,-0.1168574491428573,-1.4557597826164699
2025-08-12 23:30:00,-0.1263119215238095,-1.4439688337275107
2025-08-13 00:00:00,-0.1353697709047616,-1.4351598621688044
2025-08-13 00:30:00,-0.1423887172857154,-1.425907643818756
2025-08-13 01:00:00,-0.1473238036666677,-1.4180484241299391
2025-08-13 01:30:00,-0.1505516530476187,-1.4139814266415218
2025-08-13 02:00:00,-0.1468498094285715,-1.4113179353928136
2025-08-13 02:30:00,-0.1418472208095236,-1.412007328860621
2025-08-13 03:00:00,-0.1332469121904784,-1.4157594744956472
2025-08-13 03:30:00,-0.1230899805714302,-1.4238286484084028
2025-08-13 04:00:00,-0.1064602859523806,-1.4333518971182202
2025-08-13 04:30:00,-0.0931548893333333,-1.4453614038126907
2025-08-13 05:00:00,-0.0814466847142887,-1.4598056683873084
2025-08-13 05:30:00,-0.0759398840952363,-1.4730359510730826
2025-08-13 06:00:00,-0.070829706476192,-1.4834276278995306
2025-08-13 06:30:00,-0.069234878857143,-1.495952997111152
2025-08-13 07:00:00,-0.0695405342380939,-1.5043607464018898
2025-08-13 07:30:00,-0.0702526816190465,-1.5087658203690633
2025-08-13 08:00:00,-0.0762323730000011,-1.5103310998300157
2025-08-13 08:30:00,-0.0857725023809501,-1.5086395803983081
2025-08-13 09:00:00,-0.0985412727619046,-1.503173660930374
2025-08-13 09:30:00,-0.1143454381428572,-1.4970512693090035
2025-08-13 10:00:00,-0.1329969715238095,-1.4872683819882837
2025-08-13 10:30:00,-0.148934075904763,-1.473049996162588
2025-08-13 11:00:00,-0.1692148642857147,-1.4627923193616157
2025-08-13 11:30:00,-0.1896965736666644,-1.4580170061150366
2025-08-13 12:00:00,-0.2098917050476201,-1.4513898362080415
2025-08-13 12:30:00,-0.2291102134285725,-1.4447948402650865
2025-08-13 13:00:00,-0.2519670108095229,-1.4425691785422647
2025-08-13 13:30:00,-0.269435519190476,-1.4407278882106667
2025-08-13 14:00:00,-0.2799743345714286,-1.4407454552639154
2025-08-13 14:30:00,-0.2809446849523811,-1.4431626782890854
2025-08-13 15:00:00,-0.2789148593333344,-1.4491118943650494
2025-08-13 15:30:00,-0.2775177967142865,-1.4621354142392056
2025-08-13 16:00:00,-0.2690382330952394,-1.4791357465262012
2025-08-13 16:30:00,-0.2574751614761903,-1.4898616412297367
2025-08-13 17:00:00,-0.2463416068571429,-1.5083515138030896
2025-08-13 17:30:00,-0.2312762102380965,-1.5255736335315586
2025-08-13 18:00:00,-0.2179532696190471,-1.5437786801677191
2025-08-13 18:30:00,-0.2048564689999992,-1.5627540980706045
2025-08-13 19:00:00,-0.1919026073809535,-1.5829539985994707
2025-08-13 19:30:00,-0.1825694907619055,-1.6017002312217767
2025-08-13 20:00:00,-0.171232690142856,-1.6100860807159858
2025-08-13 20:30:00,-0.1638803635238093,-1.6096905868385718
2025-08-13 21:00:00,-0.1599752739047619,-1.60809843409565
2025-08-13 21:30:00,-0.1511991322857144,-1.6010807856056166
2025-08-13 22:00:00,-0.1500283406666671,-1.5929045274224696
2025-08-13 22:30:00,-0.1482247860476213,-1.5789994077121745
2025-08-13 23:00:00,-0.150757240428571,-1.5662052821044676
2025-08-13 23:30:00,-0.1500006158095246,-1.5502785849677252
2025-08-14 00:00:00,-0.1515410971904767,-1.5347829612627406
2025-08-14 00:30:00,-0.1527453935714287,-1.5213539649563208
2025-08-14 01:00:00,-0.1559655679523821,-1.5075708072694036
2025-08-14 01:30:00,-0.1525372773333326,-1.4938504794528267
2025-08-14 02:00:00,-0.1500856097142846,-1.4814214515657975
2025-08-14 02:30:00,-0.1445711340952389,-1.4732929376851236
2025-08-14 03:00:00,-0.1370628434761893,-1.4669287995578144
2025-08-14 03:30:00,-0.128163762857143,-1.4574702932455468
2025-08-14 04:00:00,-0.1156843752380947,-1.45623149891933
2025-08-14 04:30:00,-0.1060272676190454,-1.4560626567489168
2025-08-14 05:00:00,-0.0986046339999995,-1.4597924724095073
2025-08-14 05:30:00,-0.0943556843809505,-1.4601816800642506
2025-08-14 06:00:00,-0.0879776557619045,-1.4621265552581855
2025-08-14 06:30:00,-0.0882833111428589,-1.4666943954556049
2025-08-14 07:00:00,-0.0853373005238093,-1.4696398377121083
2025-08-14 07:30:00,-0.0867525179047621,-1.4697196070117902
2025-08-14 08:00:00,-0.0932320332857152,-1.4717303170855023
2025-08-14 08:30:00,-0.0999752326666663,-1.4702962625785607
2025-08-14 09:00:00,-0.1116948790476213,-1.4691392597742354
2025-08-14 09:30:00,-0.1247702274285715,-1.4660967425823348
2025-08-14 10:00:00,-0.1417596118095225,-1.4575204082817959
2025-08-14 10:30:00,-0.1581789961904744,-1.4532349458202918
2025-08-14 11:00:00,-0.1754419335714285,-1.4466513658952826
2025-08-14 11:30:00,-0.1927599589523831,-1.4414418649212288
2025-08-14 12:00:00,-0.2112027653333332,-1.4336324786087906
2025-08-14 12:30:00,-0.2349934227142853,-1.4338247365330772
2025-08-14 13:00:00,-0.2611591680952382,-1.4290286359698259
2025-08-14 13:30:00,-0.27350074647619,-1.423610907612073
2025-08-14 14:00:00,-0.2867463158571429,-1.4265055154075927
2025-08-14 14:30:00,-0.2948121922380954,-1.430257000556602
2025-08-14 15:00:00,-0.2975128046190485,-1.4390917227650941
2025-08-14 15:30:00,-0.3001155660000016,-1.4495712619321595
2025-08-14 16:00:00,-0.2943535480000013,-1.4633657230593233
