timestamp,observed,predicted,residual
2025-07-13 09:00:00,-1.7710132419047608,-1.7883292,0.017316001755212307
2025-07-13 09:30:00,-1.7710124502857156,-1.7941397,0.02312729256554169
2025-07-13 10:00:00,-1.7767888956666669,-1.8004967,0.023707801759175418
2025-07-13 10:30:00,-1.77630582404762,-1.8067558,0.030449957126086113
2025-07-13 11:00:00,-1.7786196824285718,-1.8121896,0.03356989658143794
2025-07-13 11:30:00,-1.7792538478095237,-1.8160943,0.036840431479721936
2025-07-13 12:00:00,-1.7791772681904765,-1.8178893,0.03871206458082477
2025-07-13 12:30:00,-1.7775011715714284,-1.8172073,0.039706164854352854
2025-07-13 13:00:00,-1.7748309079523803,-1.8138162,0.03898528181354988
2025-07-13 13:30:00,-1.7679652493333344,-1.8077269,0.03976161071305229
2025-07-13 14:00:00,-1.759964809714287,-1.7990447,0.03907991856482673
2025-07-13 14:30:00,-1.747065905095238,-1.7879683,0.04090237283597542
2025-07-13 15:00:00,-1.7324696324761903,-1.7747706,0.04230098500885604
2025-07-13 15:30:00,-1.7204144118571425,-1.7598019,0.03938745276688094
2025-07-13 16:00:00,-1.7031718232380948,-1.7435166,0.040344741131106865
2025-07-13 16:30:00,-1.6874033566190485,-1.7264374,0.03903409283621273
2025-07-13 17:00:00,-1.670447477,-1.7091677,0.03872024188732914
2025-07-13 17:30:00,-1.6568508523809529,-1.692315,0.03546413003329274
2025-07-13 18:00:00,-1.6437465077619051,-1.6765305,0.03278397262292154
2025-07-13 18:30:00,-1.631063874142857,-1.6623831,0.031319205385951676
2025-07-13 19:00:00,-1.622383389523811,-1.6502322,0.02784880633037612
2025-07-13 19:30:00,-1.6152343089047616,-1.64037,0.025135702424889272
2025-07-13 20:00:00,-1.6086025962857151,-1.6329508,0.024348186490163792
2025-07-13 20:30:00,-1.6049435156666665,-1.6279385,0.02299499332076027
2025-07-13 21:00:00,-1.6058665840476176,-1.6251134,0.019246783986745175
2025-07-13 21:30:00,-1.608547327428571,-1.6241543,0.015607001871355664
2025-07-13 22:00:00,-1.6104546938095234,-1.6247056,0.01425085924528613
2025-07-13 22:30:00,-1.6155380691904777,-1.6262556,0.010717562256360669
2025-07-13 23:00:00,-1.6203126725714283,-1.6282599,0.007947224660627361
2025-07-13 23:30:00,-1.6259935919523807,-1.6301674,0.004173773121777025
2025-07-14 00:00:00,-1.6277625383333336,-1.6314617,0.003699201206766478
2025-07-14 00:30:00,-1.630154378714286,-1.6279662,-0.002188213171683495
2025-07-14 01:00:00,-1.6277103860952389,-1.6212316,-0.006478830156518178
2025-07-14 01:30:00,-1.6258288494761906,-1.6134201,-0.012408720653863892
2025-07-14 02:00:00,-1.6163596378571423,-1.6060475,-0.010312126756373274
2025-07-14 02:30:00,-1.6069507332380943,-1.5997808,-0.007169935279720319
2025-07-14 03:00:00,-1.5948252056190468,-1.5946511,-0.00017410259933248184
2025-07-14 03:30:00,-1.577793538,-1.5903647,0.012571156595336808
2025-07-14 04:00:00,-1.5592127913809513,-1.5865684,0.027355564179351477
2025-07-14 04:30:00,-1.5406168257619046,-1.5829409,0.042324110326657394
2025-07-14 05:00:00,-1.5273794111428567,-1.5794165,0.05203710230013647
2025-07-14 05:30:00,-1.5176443215238098,-1.576137,0.05849262515435183
2025-07-14 06:00:00,-1.5096592319047626,-1.5734726,0.06381338715193907
2025-07-14 06:30:00,-1.5081445802857143,-1.5718745,0.06372991903526959
2025-07-14 07:00:00,-1.5047040956666666,-1.5719159,0.06721176927779138
2025-07-14 07:30:00,-1.5055722070476187,-1.5739943,0.06842207186015714
2025-07-14 08:00:00,-1.5144092664285709,-1.578436,0.06402675060786711
2025-07-14 08:30:00,-1.5213909308095228,-1.5854862,0.06409524282023793
2025-07-14 09:00:00,-1.5371752271904753,-1.5951838,0.05800862214424152
2025-07-14 09:30:00,-1.549185970571429,-1.6068527,0.05766668007096598
2025-07-14 10:00:00,-1.5673728989523803,-1.6197336,0.052360673053845286
2025-07-14 10:30:00,-1.5850324593333318,-1.6333429,0.048310402795879615
2025-07-14 11:00:00,-1.6063601777142846,-1.6475265,0.0411663248949683
2025-07-14 11:30:00,-1.6237034220952384,-1.6622924,0.038588939164222014
2025-07-14 12:00:00,-1.6427789914761894,-1.6775931,0.03481412051569288
2025-07-14 12:30:00,-1.6636771928571434,-1.6932768,0.02959957010519787
2025-07-14 13:00:00,-1.6875909202380943,-1.7091365,0.02154556581537248
2025-07-14 13:30:00,-1.702877586619047,-1.7249073,0.022029692395540312
2025-07-14 14:00:00,-1.7146643840000009,-1.7402292,0.025564865000548442
2025-07-14 14:30:00,-1.7193708743809502,-1.7547214,0.03535052874099809
2025-07-14 15:00:00,-1.714536443761904,-1.7680084,0.05347190756408482
2025-07-14 15:30:00,-1.709639381142857,-1.7810581,0.07141869190096628
2025-07-14 16:00:00,-1.7017169235238103,-1.7924292,0.09071228523168284
2025-07-14 16:30:00,-1.6927375359047627,-1.8015697,0.10883216433632614
2025-07-14 17:00:00,-1.6816742882857127,-1.8082023,0.12652797840740249
2025-07-14 17:30:00,-1.669626742666667,-1.8122634,0.1426366268935746
2025-07-14 18:00:00,-1.6578504250476178,-1.8138711,0.15602072020079527
2025-07-14 18:30:00,-1.6452480984285724,-1.8134152,0.1681670712873089
2025-07-14 19:00:00,-1.636407130809524,-1.8115222,0.17511511459758045
2025-07-14 19:30:00,-1.6254141901904753,-1.8089888,0.183574619395096
2025-07-14 20:00:00,-1.618774802571428,-1.8066002,0.18782541047941437
2025-07-14 20:30:00,-1.6136646249523787,-1.8051426,0.19147801611512616
2025-07-14 21:00:00,-1.612634447333334,-1.8052278,0.1925933091669101
2025-07-14 21:30:00,-1.609678436714287,-1.8072095,0.19753105501544943
2025-07-14 22:00:00,-1.6081561100952375,-1.8111655,0.2030093419082415
2025-07-14 22:30:00,-1.6087979504761905,-1.8169562,0.2081582119765073
2025-07-14 23:00:00,-1.609713343857143,-1.8242445,0.21453115534940004
2025-07-14 23:30:00,-1.6129687372380954,-1.8325453,0.21957654321844755
2025-07-15 00:00:00,-1.6136655346190478,-1.8412764,0.22761087262277346
2025-07-15 00:30:00,-1.6142217179999996,-1.849825,0.23560330660479778
2025-07-15 01:00:00,-1.614363734380952,-1.8575426,0.2431788996293629
2025-07-15 01:30:00,-1.6121229877619048,-1.8638657,0.2517427453847627
2025-07-15 02:00:00,-1.6055385571428555,-1.8682486,0.26271002474343597
2025-07-15 02:30:00,-1.5999384245238102,-1.870297,0.2703585305848324
2025-07-15 03:00:00,-1.591162282904761,-1.8697693,0.2786070518883299
2025-07-15 03:30:00,-1.5769352202857154,-1.866586,0.28965074963921134
2025-07-15 04:00:00,-1.5616612276666673,-1.8608139,0.29915262845821067
2025-07-15 04:30:00,-1.5464398670476185,-1.8526943,0.30625440594737663
2025-07-15 05:00:00,-1.5324237254285702,-1.8426645,0.3102407547807804
2025-07-15 05:30:00,-1.523575082809524,-1.8312601,0.30768500229637197
2025-07-15 06:00:00,-1.5153339841904765,-1.8191315,0.3037975093779439
2025-07-15 06:30:00,-1.5083408675714265,-1.8069892,0.29864832539122
2025-07-15 07:00:00,-1.5068713039523804,-1.7954885,0.2886171728008544
2025-07-15 07:30:00,-1.502481740333333,-1.7853651,0.28288336434195993
2025-07-15 08:00:00,-1.5050218697142854,-1.7772157,0.27219384950873704
2025-07-15 08:30:00,-1.5113432270952392,-1.7714655,0.2601223128370118
2025-07-15 09:00:00,-1.523072742476191,-1.7684722,0.2453994521954399
2025-07-15 09:30:00,-1.534302433857144,-1.7683877,0.2340852414281953
2025-07-15 10:00:00,-1.5475030462380954,-1.7693858,0.22188276842865262
2025-07-15 10:30:00,-1.566357825619048,-1.7737793,0.20742144741409407
2025-07-15 11:00:00,-1.5812403249999991,-1.7813711,0.20013079163818448
2025-07-15 11:30:00,-1.598354973380952,-1.7916881,0.19333311122140406
2025-07-15 12:00:00,-1.6141437887619052,-1.8041745,0.19003075366515776
2025-07-15 12:30:00,-1.6361592271428564,-1.8181434,0.18198414062447754
2025-07-15 13:00:00,-1.660223437523808,-1.8328496,0.17262618424895804
2025-07-15 13:30:00,-1.6779456299047617,-1.8474933,0.16954766099642238
2025-07-15 14:00:00,-1.6882108922857135,-1.8612486,0.1730377201181561
2025-07-15 14:30:00,-1.6942279966666671,-1.873291,0.17906301895833288
2025-07-15 15:00:00,-1.6957080400476192,-1.8817456,0.1860375368109013
2025-07-15 15:30:00,-1.6943812844285708,-1.8878541,0.1934728148451108
2025-07-15 16:00:00,-1.6899686958095246,-1.8913525,0.20138383848460384
2025-07-15 16:30:00,-1.6833743961904777,-1.8919971,0.2086227027322518
2025-07-15 17:00:00,-1.6722934735714288,-1.8895172,0.21722371450077582
2025-07-15 17:30:00,-1.6660056209523817,-1.8837183,0.21771263122962514
2025-07-15 18:00:00,-1.6511359263333327,-1.8747629,0.22362696638975077
2025-07-15 18:30:00,-1.6465277667142857,-1.8630284,0.2165006403825771
2025-07-15 19:00:00,-1.6347591240952384,-1.8493654,0.21460622948905117
2025-07-15 19:30:00,-1.6278286394761894,-1.8347331,0.20690448907147907
2025-07-15 20:00:00,-1.6236950848571428,-1.8202287,0.19653361101230304
2025-07-15 20:30:00,-1.6239227582380953,-1.806889,0.18296629892132854
2025-07-15 21:00:00,-1.6254082826190477,-1.7956399,0.17023158993191667
2025-07-15 21:30:00,-1.6274485879999998,-1.7871567,0.15970811308795185
2025-07-15 22:00:00,-1.6276762613809537,-1.781892,0.1542156806432773
2025-07-15 22:30:00,-1.6318884087619034,-1.7799747,0.1480862902584823
2025-07-15 23:00:00,-1.636813495142858,-1.7812929,0.14447942020138038
2025-07-15 23:30:00,-1.6408147215238085,-1.7855116,0.1446968913683424
2025-07-16 00:00:00,-1.646364895904763,-1.7920902,0.14572528163124776
2025-07-16 00:30:00,-1.649936605285715,-1.8003767,0.1504400483855497
2025-07-16 01:00:00,-1.6517232266666666,-1.8096764,0.1579531821010336
2025-07-16 01:30:00,-1.6565604620476178,-1.8192037,0.16264327235027043
2025-07-16 02:00:00,-1.6546712504285706,-1.8282719,0.173600615416156
2025-07-16 02:30:00,-1.650610196809524,-1.8362668,0.18565655924821534
2025-07-16 03:00:00,-1.6444980461904768,-1.8426502,0.1981521289041277
2025-07-16 03:30:00,-1.63939773757143,-1.8470109,0.20761311333494215
2025-07-16 04:00:00,-1.6267877359523804,-1.8491751,0.22238735960578615
2025-07-16 04:30:00,-1.6166934363333327,-1.8490479,0.2323544629128831
2025-07-16 05:00:00,-1.6084094437142862,-1.8467357,0.2383262721518027
2025-07-16 05:30:00,-1.601848038095236,-1.8425331,0.2406850734770296
2025-07-16 06:00:00,-1.5984878604761914,-1.8368148,0.2383269006856128
2025-07-16 06:30:00,-1.591416761857141,-1.8301034,0.23868663551224367
2025-07-16 07:00:00,-1.590105356238095,-1.8229461,0.23284071538666096
2025-07-16 07:30:00,-1.5866924156190487,-1.8159242,0.22923175201400792
2025-07-16 08:00:00,-1.585986228999999,-1.8096689,0.22368266958245941
2025-07-16 08:30:00,-1.5903543403809517,-1.8046901,0.21433578222341843
2025-07-16 09:00:00,-1.5986641627619056,-1.8012302,0.20256602942254265
2025-07-16 09:30:00,-1.6078527571428574,-1.8024178,0.19456499798409577
2025-07-16 10:00:00,-1.6206292025238087,-1.8082477,0.18761848290862537
2025-07-16 10:30:00,-1.6328355169047637,-1.8165014,0.18366586210829783
2025-07-16 11:00:00,-1.649124156285715,-1.8260334,0.17690919751982692
2025-07-16 11:30:00,-1.663354023666667,-1.8364692,0.17311514976472941
2025-07-16 12:00:00,-1.6803380580476197,-1.8477298,0.16739174408403312
2025-07-16 12:30:00,-1.7006814784285722,-1.8598212,0.15913972194221637
2025-07-16 13:00:00,-1.7232066098095231,-1.8725709,0.14936426249730061
2025-07-16 13:30:00,-1.7402257321904766,-1.8856306,0.14540487541450386
2025-07-16 14:00:00,-1.7525925295714262,-1.8984793,0.14588681288920613
2025-07-16 14:30:00,-1.7614317829523822,-1.9105232,0.14909139324085507
2025-07-16 15:00:00,-1.762831650333333,-1.9214848,0.1586531776619673
2025-07-16 15:30:00,-1.763465815714285,-1.9330312,0.1695653856483248
2025-07-16 16:00:00,-1.7655061210952392,-1.9424034,0.1768973146118531
2025-07-16 16:30:00,-1.7609682684761914,-1.9480261,0.18705779258185307
2025-07-16 17:00:00,-1.7569050208571428,-1.9491562,0.192251144265843
2025-07-16 17:30:00,-1.7493593172380957,-1.9456658,0.19630651909613284
2025-07-16 18:00:00,-1.7395439206190475,-1.9377465,0.19820260419174351
2025-07-16 18:30:00,-1.7261506730000007,-1.9260365,0.19988580408892753
2025-07-16 19:00:00,-1.715921109380952,-1.9113088,0.19538765603042485
2025-07-16 19:30:00,-1.7042954057619046,-1.8946477,0.19035231171398648
2025-07-16 20:00:00,-1.690568167142858,-1.8771702,0.1866020379734139
2025-07-16 20:30:00,-1.6764793935238096,-1.8598862,0.18340677590978416
2025-07-16 21:00:00,-1.6666739969047617,-1.8436207,0.1769466610160757
2025-07-16 21:30:00,-1.656938907285713,-1.8290453,0.172106388429619
2025-07-16 22:00:00,-1.6443892126666668,-1.8166673,0.1722781056774494
2025-07-16 22:30:00,-1.6379355270476192,-1.8068291,0.16889356783916054
2025-07-16 23:00:00,-1.6315773674285723,-1.7997018,0.1681244424545454
2025-07-16 23:30:00,-1.6269439888095238,-1.7952673,0.16832335471159432
2025-07-17 00:00:00,-1.6216953911904752,-1.7933651,0.17166972969728111
2025-07-17 00:30:00,-1.6224075385714278,-1.7936572,0.17124964507572793
2025-07-17 01:00:00,-1.6198229319523811,-1.795744,0.17592101030836105
2025-07-17 01:30:00,-1.6173086323333326,-1.7991545,0.1818458877014575
2025-07-17 02:00:00,-1.6157006487142855,-1.8033017,0.18760104329468663
2025-07-17 02:30:00,-1.610283893095236,-1.8076501,0.19736619616868012
2025-07-17 03:00:00,-1.60650406747619,-1.8116587,0.20515467256745024
2025-07-17 03:30:00,-1.600341478857142,-1.8148917,0.21455021711911537
2025-07-17 04:00:00,-1.5906690212380958,-1.8169429,0.22627390898346178
2025-07-17 04:30:00,-1.582545511619048,-1.8174955,0.23494995365957738
2025-07-17 05:00:00,-1.5772793699999987,-1.8163677,0.23908837539947636
2025-07-17 05:30:00,-1.5761788853809513,-1.8135035,0.23732461841848718
2025-07-17 06:00:00,-1.5716837957619052,-1.8089854,0.23730155675426912
2025-07-17 06:30:00,-1.5714896271428558,-1.8029248,0.23143512509255681
2025-07-17 07:00:00,-1.56582686252381,-1.7956697,0.22984281234954196
2025-07-17 07:30:00,-1.5640760709047634,-1.7875453,0.2234692524671238
2025-07-17 08:00:00,-1.5643817262857147,-1.7789904,0.21460866163085024
2025-07-17 08:30:00,-1.5699297066666666,-1.7704949,0.20056523123006187
2025-07-17 09:00:00,-1.5757061520476197,-1.7625525,0.1868463477234985
2025-07-17 09:30:00,-1.5811761504285713,-1.7586052,0.1774290913469414
2025-07-17 10:00:00,-1.588072157809524,-1.7568748,0.1688026419188695
2025-07-17 10:30:00,-1.5979583411904772,-1.7565964,0.1586381048468153
2025-07-17 11:00:00,-1.6093209715714292,-1.7576913,0.14837029258109768
2025-07-17 11:30:00,-1.6212483829523805,-1.7603662,0.13911781844837634
2025-07-17 12:00:00,-1.6327461463333344,-1.764876,0.13212986170041807
2025-07-17 12:30:00,-1.6507694357142857,-1.7712638,0.12049440210004536
2025-07-17 13:00:00,-1.6705427250952385,-1.7793775,0.10883473538449784
2025-07-17 13:30:00,-1.6877200054761912,-1.7887914,0.10107141259937036
2025-07-17 14:00:00,-1.7026025048571427,-1.7989233,0.09632074915591882
2025-07-17 14:30:00,-1.7102366702380944,-1.80911,0.09887337519494999
2025-07-17 15:00:00,-1.7182475896190472,-1.817593,0.0993453888584308
2025-07-17 15:30:00,-1.724081317000001,-1.8252045,0.10112317461529452
2025-07-17 16:00:00,-1.724793464380953,-1.8313323,0.10653886155441072
2025-07-17 16:30:00,-1.7240214897619048,-1.8353001,0.11127859816686714
2025-07-17 17:00:00,-1.7227100841428566,-1.8364387,0.11372857171041484
2025-07-17 17:30:00,-1.7161134595238108,-1.8341978,0.11808430010448512
2025-07-17 18:00:00,-1.713255299904761,-1.8282542,0.11499892296511205
2025-07-17 18:30:00,-1.7019184992857137,-1.8187002,0.11678169507311198
2025-07-17 19:00:00,-1.6930974006666657,-1.805936,0.11283857822279963
2025-07-17 19:30:00,-1.6787098550476185,-1.7906406,0.11193073752745475
2025-07-17 20:00:00,-1.6660998534285725,-1.7736368,0.10753696450355643
2025-07-17 20:30:00,-1.6537687548095243,-1.7559057,0.10213699260411091
2025-07-17 21:00:00,-1.6398382701904777,-1.7384305,0.0985922298400399
2025-07-17 21:30:00,-1.6283959435714292,-1.7220565,0.09366056449284077
2025-07-17 22:00:00,-1.615082871952381,-1.7075285,0.09244559999433521
2025-07-17 22:30:00,-1.604363484333334,-1.6954618,0.09109826569718349
2025-07-17 23:00:00,-1.5938648867142853,-1.686253,0.092388064907724
2025-07-17 23:30:00,-1.5837605870952378,-1.680127,0.09636643755533592
2025-07-18 00:00:00,-1.5749164634761894,-1.6770874,0.1021709627094185
2025-07-18 00:30:00,-1.5689021638571417,-1.6770313,0.10812911475308784
2025-07-18 01:00:00,-1.5623078642380948,-1.6796257,0.11731788534991794
2025-07-18 01:30:00,-1.5585983456190484,-1.6844462,0.12584787001052922
2025-07-18 02:00:00,-1.5548185199999986,-1.6910052,0.13618670994995252
2025-07-18 02:30:00,-1.5508354483809528,-1.6987588,0.1479233921799603
2025-07-18 03:00:00,-1.5447859297619062,-1.7071725,0.16238658324621147
2025-07-18 03:30:00,-1.540724876142856,-1.7156599,0.17493498065340862
2025-07-18 04:00:00,-1.5365385585238105,-1.7237152,0.1871766275952691
2025-07-18 04:30:00,-1.532256714904762,-1.7309067,0.19865001002504767
2025-07-18 05:00:00,-1.531570397285713,-1.7368613,0.20529095086644755
2025-07-18 05:30:00,-1.5332745176666671,-1.7412792,0.20800472675624548
2025-07-18 06:00:00,-1.5371428050476192,-1.7439065,0.20676369290770302
2025-07-18 06:30:00,-1.5399641624285705,-1.7446728,0.2047086128399842
2025-07-18 07:00:00,-1.5405510458095235,-1.7435787,0.2030276265995341
2025-07-18 07:30:00,-1.546028719190476,-1.7407613,0.19473256086933843
2025-07-18 08:00:00,-1.5473813045714282,-1.7365159,0.18913457505961428
2025-07-18 08:30:00,-1.5516011269523806,-1.7311512,0.1795500962302976
2025-07-18 09:00:00,-1.5589869583333336,-1.7251233,0.16613632791391986
2025-07-18 09:30:00,-1.5615270877142864,-1.7189311,0.15740399119654125
2025-07-18 10:00:00,-1.5659501560952385,-1.7134278,0.14747762596347735
2025-07-18 10:30:00,-1.5645607684761915,-1.7092772,0.1447163845389452
2025-07-18 11:00:00,-1.5685466448571423,-1.7067157,0.13816905815341674
2025-07-18 11:30:00,-1.568497609238095,-1.7057886,0.13729100312762776
2025-07-18 12:00:00,-1.571868266619047,-1.7063422,0.13447395368734938
2025-07-18 12:30:00,-1.5783797139999995,-1.7081826,0.1298028593184819
2025-07-18 13:00:00,-1.587283924380953,-1.7110105,0.12372653170425219
2025-07-18 13:30:00,-1.5924045817619048,-1.7144636,0.12205900981371776
2025-07-18 14:00:00,-1.6015953701428574,-1.7178543,0.11625889125545807
2025-07-18 14:30:00,-1.6014484835238103,-1.7215409,0.12009244436315258
2025-07-18 15:00:00,-1.6019420349047613,-1.723327,0.12138500576754097
2025-07-18 15:30:00,-1.6027168142857142,-1.7220914,0.11937462210039418
2025-07-18 16:00:00,-1.6077023386666671,-1.7176538,0.1099514127066239
2025-07-18 16:30:00,-1.6061800120476184,-1.7105377,0.10435765999522828
2025-07-18 17:00:00,-1.6078841324285724,-1.7014048,0.0935206775232098
2025-07-18 17:30:00,-1.6074240858095243,-1.6909559,0.08353179149455281
2025-07-18 18:00:00,-1.6043528111904772,-1.6797779,0.07542504945100226
2025-07-18 18:30:00,-1.600648773571428,-1.6682113,0.06756256733280774
2025-07-18 19:00:00,-1.5935050429523814,-1.6565692,0.06306419952503561
2025-07-18 19:30:00,-1.5848948653333326,-1.645023,0.0601281229860644
2025-07-18 20:00:00,-1.5760913107142869,-1.633734,0.057642677093940664
2025-07-18 20:30:00,-1.566266045095238,-1.6228702,0.05660416173764782
2025-07-18 21:00:00,-1.5538746394761902,-1.6125478,0.05867311576520384
2025-07-18 21:30:00,-1.5409910848571424,-1.6028914,0.061900360302769686
2025-07-18 22:00:00,-1.5245799862380944,-1.5940328,0.06945277819672002
2025-07-18 22:30:00,-1.5102353346190474,-1.5861439,0.07590851666116505
2025-07-18 23:00:00,-1.4954962539999994,-1.5793871,0.0838908147484747
2025-07-18 23:30:00,-1.4817690153809528,-1.573954,0.09218497078695487
2025-07-19 00:00:00,-1.4700553297619037,-1.5700507,0.09999538663824281
2025-07-19 00:30:00,-1.4594062491428577,-1.5726631,0.11325681962850465
2025-07-19 01:00:00,-1.4507279585238098,-1.580632,0.12990401283544317
2025-07-19 01:30:00,-1.4418991849047609,-1.5916476,0.14974844006472154
2025-07-19 02:00:00,-1.435576113285715,-1.6036884,0.1681122459748441
2025-07-19 02:30:00,-1.4297024276666668,-1.6154491,0.18574664326381418
2025-07-19 03:00:00,-1.4219832160476198,-1.6262665,0.2042832634445677
2025-07-19 03:30:00,-1.4163204514285703,-1.6358976,0.2195771849850039
2025-07-19 04:00:00,-1.4126965898095238,-1.6443205,0.23162389816655038
2025-07-19 04:30:00,-1.4119927281904747,-1.6515791,0.23958641342634657
2025-07-19 05:00:00,-1.4082282525714287,-1.6577376,0.2495093601528755
2025-07-19 05:30:00,-1.4054403999523806,-1.6627244,0.2572839757724119
2025-07-19 06:00:00,-1.398843775333333,-1.6663789,0.2675350803719283
2025-07-19 06:30:00,-1.3954132907142849,-1.6684419,0.27302860095594217
2025-07-19 07:00:00,-1.3945237270952382,-1.6687057,0.27418197473276473
2025-07-19 07:30:00,-1.3974780234761912,-1.6670892,0.2696112003855031
2025-07-19 08:00:00,-1.400025827857143,-1.6635956,0.2635697293556867
2025-07-19 08:30:00,-1.4028471852380942,-1.6583619,0.2555147265355875
2025-07-19 09:00:00,-1.405254375619048,-1.6502833,0.2450289610203562
2025-07-19 09:30:00,-1.4108023560000005,-1.6411692,0.23036683440679884
2025-07-19 10:00:00,-1.4133348103809518,-1.6326135,0.21927872931478798
2025-07-19 10:30:00,-1.4179709937619052,-1.6253564,0.20738544201385167
2025-07-19 11:00:00,-1.4271717821428571,-1.6197373,0.19256548535134455
2025-07-19 11:30:00,-1.4299074825238085,-1.6158702,0.18596275482665536
2025-07-19 12:00:00,-1.4346139729047618,-1.6136968,0.17908284067861224
2025-07-19 12:30:00,-1.4324358582857133,-1.6129973,0.18056143518657675
2025-07-19 13:00:00,-1.4331952876666665,-1.6119063,0.1787110023876548
2025-07-19 13:30:00,-1.4303141030476176,-1.6095244,0.1792102661921895
2025-07-19 14:00:00,-1.4318644534285727,-1.6059207,0.1740562189881143
2025-07-19 14:30:00,-1.429826952809523,-1.6014874,0.1716604453380599
2025-07-19 15:00:00,-1.4289419081904755,-1.5966645,0.16772263972975154
2025-07-19 15:30:00,-1.4367166875714283,-1.5917693,0.15505265008268543
2025-07-19 16:00:00,-1.4436730019523811,-1.5870811,0.14340807276227951
2025-07-19 16:30:00,-1.443486508333333,-1.5826405,0.139154020345561
2025-07-19 17:00:00,-1.4458080417142871,-1.5783244,0.13251639542713134
2025-07-19 17:30:00,-1.4477077330952364,-1.5739087,0.12620095354264205
2025-07-19 18:00:00,-1.4472323364761903,-1.5691483,0.12191596560205675
2025-07-19 18:30:00,-1.4465536938571428,-1.5638376,0.11728395358090649
2025-07-19 19:00:00,-1.443193516238096,-1.5577787,0.11458519984924531
2025-07-19 19:30:00,-1.4399914966190472,-1.5508428,0.11085126537436096
2025-07-19 20:00:00,-1.432418249,-1.5429868,0.11056850160272225
2025-07-19 20:30:00,-1.4231676333809518,-1.5342245,0.11105687681191934
2025-07-19 21:00:00,-1.4086746927619045,-1.5246345,0.1159597877144749
2025-07-19 21:30:00,-1.3949275851428564,-1.5143579,0.11943033931850833
2025-07-19 22:00:00,-1.385551705523809,-1.5036684,0.11811672194353728
2025-07-19 22:30:00,-1.370531396904763,-1.4930232,0.12249176021498798
2025-07-19 23:00:00,-1.353929246285715,-1.4827967,0.12886742272063256
2025-07-19 23:30:00,-1.3362624906666656,-1.4733713,0.13710877665206
2025-07-20 00:00:00,-1.3184651210476177,-1.4650993,0.14663421366917917
2025-07-20 00:30:00,-1.3016948124285723,-1.4582659,0.15657108818330512
2025-07-20 01:00:00,-1.287545731809524,-1.4530965,0.16555077717027333
2025-07-20 01:30:00,-1.2770295901904765,-1.4497288,0.17269925635951133
2025-07-20 02:00:00,-1.2635582295714287,-1.4482721,0.18471387946024853
2025-07-20 02:30:00,-1.251354719952381,-1.4486749,0.19732019726868844
2025-07-20 03:00:00,-1.2468794993333334,-1.4507958,0.20391627035813387
2025-07-20 03:30:00,-1.2370037957142856,-1.4545214,0.2175176219035122
2025-07-20 04:00:00,-1.2330910310952394,-1.4595549,0.2264638795645506
2025-07-20 04:30:00,-1.2283850204761906,-1.4655592,0.2371742236796932
2025-07-20 05:00:00,-1.2274801068571422,-1.472077,0.2445969052049306
2025-07-20 05:30:00,-1.226783920238094,-1.478682,0.251898120930119
2025-07-20 06:00:00,-1.2229491376190464,-1.4849515,0.26200235850522113
2025-07-20 06:30:00,-1.2226066799999988,-1.4904454,0.26783869544250605
2025-07-20 07:00:00,-1.2194046603809516,-1.4947723,0.27536765464437796
2025-07-20 07:30:00,-1.217952640761904,-1.4975523,0.2795996348957499
2025-07-20 08:00:00,-1.216912594142859,-1.498444,0.28153136700063475
2025-07-20 08:30:00,-1.2105422405238082,-1.4971914,0.2866491886143754
2025-07-20 09:00:00,-1.2074731599047632,-1.4935495,0.28607630622835445
2025-07-20 09:30:00,-1.2011051312857153,-1.4874859,0.2863807543344019
2025-07-20 10:00:00,-1.190378068666667,-1.4790473,0.28866922976472953
2025-07-20 10:30:00,-1.1851722340476198,-1.4684051,0.28323289347770975
2025-07-20 11:00:00,-1.1711110044285715,-1.4559352,0.2848242353632986
2025-07-20 11:30:00,-1.1593293368095248,-1.4419553,0.28262599117814613
2025-07-20 12:00:00,-1.1465556961904768,-1.4269395,0.2803837912667986
2025-07-20 12:30:00,-1.1351980645714286,-1.4113731,0.2761750738563058
2025-07-20 13:00:00,-1.12143012595238,-1.3958974,0.27446726250587195
2025-07-20 13:30:00,-1.1099143363333324,-1.38105,0.27113565432065934
2025-07-20 14:00:00,-1.1003143797142845,-1.3673522,0.2670378675238747
2025-07-20 14:30:00,-1.092939028095237,-1.3551631,0.2622240692863549
2025-07-20 15:00:00,-1.084190430476191,-1.3447169,0.2605264760713555
2025-07-20 15:30:00,-1.082100166857144,-1.3360537,0.25395356220016807
2025-07-20 16:00:00,-1.0782324902380944,-1.3289884,0.2507559426461219
2025-07-20 16:30:00,-1.077124330619048,-1.3231794,0.24605503358535863
2025-07-20 17:00:00,-1.0776255569999995,-1.3183396,0.24071402925793506
2025-07-20 17:30:00,-1.0802359933809518,-1.3140599,0.2338238601728202
2025-07-20 18:00:00,-1.0829793687619045,-1.3099256,0.22694618742095685
2025-07-20 18:30:00,-1.084535200142856,-1.3055238,0.22098855302334264
2025-07-20 19:00:00,-1.0827239705238094,-1.3004643,0.21774030197527505
2025-07-20 19:30:00,-1.0823968629047618,-1.2943697,0.211972834666039
2025-07-20 20:00:00,-1.0832496242857137,-1.2869662,0.20371658035753581
2025-07-20 20:30:00,-1.077918525666667,-1.278127,0.20020842936568162
2025-07-20 21:00:00,-1.0731697520476202,-1.2677925,0.1946227112549921
2025-07-20 21:30:00,-1.0639268114285712,-1.2560592,0.19213235834071596
2025-07-20 22:00:00,-1.052434046809522,-1.243106,0.19067196076646686
2025-07-20 22:30:00,-1.0409236071904764,-1.2290889,0.18816529528297332
2025-07-20 23:00:00,-1.0258682105714263,-1.2143495,0.18848129771409616
2025-07-20 23:30:00,-1.010375621952382,-1.1993386,0.18896293338361647
2025-07-21 00:00:00,-0.9931834713333326,-1.1845611,0.19137766205137197
2025-07-21 00:30:00,-0.9757376367142855,-1.1660316,0.19029396233051432
2025-07-21 01:00:00,-0.9590376350952378,-1.1453304,0.18629279398191068
2025-07-21 01:30:00,-0.9422245634761909,-1.1250755,0.18285089600409477
2025-07-21 02:00:00,-0.928690570857143,-1.1074929,0.17880235287942925
2025-07-21 02:30:00,-0.9127135082380944,-1.0941508,0.18143727339337534
2025-07-21 03:00:00,-0.9019864456190462,-1.0857722,0.1837857110963469
2025-07-21 03:30:00,-0.8925852159999988,-1.0824084,0.18982321219213982
2025-07-21 04:00:00,-0.8810221443809522,-1.0837414,0.20271928208694334
2025-07-21 04:30:00,-0.8764063097619055,-1.0890416,0.21263528092870732
2025-07-21 05:00:00,-0.8772590711428574,-1.0975294,0.22027034017306057
2025-07-21 05:30:00,-0.8853227535238095,-1.108399,0.22307628002263824
2025-07-21 06:00:00,-0.8940818309047615,-1.1209309,0.22684907920571218
2025-07-21 06:30:00,-0.9070264342857134,-1.1344788,0.22745237316362743
2025-07-21 07:00:00,-0.9194513446666659,-1.1484413,0.22898997003059973
2025-07-21 07:30:00,-0.9339854650476191,-1.1622702,0.22828472328398486
2025-07-21 08:00:00,-0.9499005064285717,-1.1754503,0.22554981858363532
2025-07-21 08:30:00,-0.9666263378095248,-1.1875207,0.22089440460685705
2025-07-21 09:00:00,-0.9833246251904766,-1.1981612,0.21483661920191843
2025-07-21 09:30:00,-0.9973765965714301,-1.208524,0.2111473921523248
2025-07-21 10:00:00,-1.0065673849523806,-1.218619,0.21205160403840306
2025-07-21 10:30:00,-1.0187660243333343,-1.2280607,0.20929469801773992
2025-07-21 11:00:00,-1.0245469887142864,-1.2364423,0.21189533878510325
2025-07-21 11:30:00,-1.0290876460952372,-1.2435905,0.21450282803348597
2025-07-21 12:00:00,-1.0323176894761903,-1.2495482,0.21723050731641225
2025-07-21 12:30:00,-1.0415031278571425,-1.2545326,0.2130294477501573
2025-07-21 13:00:00,-1.0468973382380955,-1.2589673,0.21206994214978292
2025-07-21 13:30:00,-1.0515961536190477,-1.2633516,0.21175540601992937
2025-07-21 14:00:00,-1.0552228199999991,-1.2681707,0.21294789437835782
2025-07-21 14:30:00,-1.055146240380952,-1.2738272,0.21868095478658955
2025-07-21 15:00:00,-1.0528000987619044,-1.2802651,0.22746499408782705
2025-07-21 15:30:00,-1.0544108871428577,-1.2872685,0.2328576322586926
2025-07-21 16:00:00,-1.0542090435238096,-1.294687,0.24047798917577534
2025-07-21 16:30:00,-1.0554133399047614,-1.3026404,0.2472270981750726
2025-07-21 17:00:00,-1.0601351802857142,-1.3109884,0.2508532459227819
2025-07-21 17:30:00,-1.064277020666666,-1.3193678,0.255090745713644
2025-07-21 18:00:00,-1.069192238047619,-1.3272711,0.25807886581132866
2025-07-21 18:30:00,-1.077343771428572,-1.3341824,0.2568386102013718
2025-07-21 19:00:00,-1.081563593809524,-1.3397517,0.25818812661894275
2025-07-21 19:30:00,-1.0890021881904766,-1.3437077,0.2547054925117329
2025-07-21 20:00:00,-1.091753238571428,-1.3458737,0.25412047492191925
2025-07-21 20:30:00,-1.092262139952381,-1.3460487,0.25378657277802663
2025-07-21 21:00:00,-1.091013366333333,-1.3441086,0.25309521520963574
2025-07-21 21:30:00,-1.0882958207142863,-1.3399643,0.2516684498774495
2025-07-21 22:00:00,-1.080724898095238,-1.3336667,0.2529417841481092
2025-07-21 22:30:00,-1.0718334924761903,-1.325332,0.25349855307892444
2025-07-21 23:00:00,-1.060744894857143,-1.3151445,0.25439964402225157
2025-07-21 23:30:00,-1.0435802882380958,-1.3034539,0.2598736340336327
2025-07-22 00:00:00,-1.0280953746190469,-1.2906588,0.26256345697732764
2025-07-22 00:30:00,-1.007543838,-1.2773011,0.2697572350743409
2025-07-22 01:00:00,-0.9904373443809525,-1.2639755,0.2735381566795333
2025-07-22 01:30:00,-0.9708647557619049,-1.2513194,0.28045465265484315
2025-07-22 02:00:00,-0.9512370791428585,-1.2400208,0.2887836728102665
2025-07-22 02:30:00,-0.9318303235238086,-1.2306869,0.29885657947606936
2025-07-22 03:00:00,-0.917716330904761,-1.2238708,0.30615442333718235
2025-07-22 03:30:00,-0.9008329522857127,-1.2200166,0.31918364641576435
2025-07-22 04:00:00,-0.8858401876666664,-1.2193648,0.333524574639547
2025-07-22 04:30:00,-0.8767201860476199,-1.2220066,0.3452863733243283
2025-07-22 05:00:00,-0.8738368074285712,-1.2278476,0.35401076871278625
2025-07-22 05:30:00,-0.8768866298095231,-1.2366282,0.3597415449722762
2025-07-22 06:00:00,-0.8832003121904741,-1.2478688,0.364668464130937
2025-07-22 06:30:00,-0.8979553535714295,-1.2609923,0.363036935018048
2025-07-22 07:00:00,-0.9120126749523814,-1.2753537,0.3633409951678579
2025-07-22 07:30:00,-0.9267324973333325,-1.290248,0.36351553905125
2025-07-22 08:00:00,-0.9426926267142847,-1.3049215,0.3622288811211035
2025-07-22 08:30:00,-0.9635412210952382,-1.3186203,0.35507910303958845
2025-07-22 09:00:00,-0.9841713504761899,-1.3306913,0.34651998710925935
2025-07-22 09:30:00,-1.0001039358571437,-1.3419662,0.34186221633401837
2025-07-22 10:00:00,-1.0151500742380954,-1.3513986,0.33624851298877223
2025-07-22 10:30:00,-1.0272157746190471,-1.3578426,0.3306267899637776
2025-07-22 11:00:00,-1.036195641999999,-1.3610215,0.3248258767072765
2025-07-22 11:30:00,-1.0458105973809515,-1.3613101,0.31549952701632633
2025-07-22 12:00:00,-1.0519781847619047,-1.3594562,0.30747799676427934
2025-07-22 12:30:00,-1.0592454651428562,-1.3562863,0.29704082216488303
2025-07-22 13:00:00,-1.0683858155238084,-1.3525461,0.2841602803242751
2025-07-22 13:30:00,-1.0701998499047616,-1.348919,0.27871918409944985
2025-07-22 14:00:00,-1.0716172612857144,-1.3458872,0.27426992285735197
2025-07-22 14:30:00,-1.0686559006666667,-1.3424743,0.2738184407258504
2025-07-22 15:00:00,-1.063547917047619,-1.3398865,0.27633862908732976
2025-07-22 15:30:00,-1.0593539244285723,-1.3386502,0.27929630216444523
2025-07-22 16:00:00,-1.0582105458095232,-1.3389118,0.28070122596476876
2025-07-22 16:30:00,-1.0576648421904773,-1.3405054,0.28284051936652954
2025-07-22 17:00:00,-1.0577519015714285,-1.3430558,0.2853039427355173
2025-07-22 17:30:00,-1.061577425952381,-1.3460788,0.2845013275189936
2025-07-22 18:00:00,-1.0699300113333328,-1.3491962,0.27926618426908423
2025-07-22 18:30:00,-1.0781595267142856,-1.352162,0.27400247680286527
2025-07-22 19:00:00,-1.0910139540952373,-1.3547632,0.26374919611991166
2025-07-22 19:30:00,-1.1039211444761916,-1.3569415,0.25302031708691874
2025-07-22 20:00:00,-1.1228089488571429,-1.3585662,0.23575721611325506
2025-07-22 20:30:00,-1.1383899992380957,-1.359594,0.2212039882268091
2025-07-22 21:00:00,-1.1509907426190484,-1.3599215,0.20893071276425235
2025-07-22 21:30:00,-1.163398108999999,-1.3593549,0.19595674463006696
2025-07-22 22:00:00,-1.1698073173809524,-1.3576804,0.1878731225680832
2025-07-22 22:30:00,-1.174160078761905,-1.3546906,0.1805304729959074
2025-07-22 23:00:00,-1.1724268311428572,-1.3502271,0.17780028639559498
2025-07-22 23:30:00,-1.1687854255238097,-1.3441687,0.17538323750109264
2025-07-23 00:00:00,-1.1607475729047634,-1.3365898,0.1758422403276585
2025-07-23 00:30:00,-1.1502917382857143,-1.3277007,0.17740899585277448
2025-07-23 01:00:00,-1.1350177456666677,-1.3179307,0.1829129527281077
2025-07-23 01:30:00,-1.1166303760476195,-1.3078016,0.19117122822331556
2025-07-23 02:00:00,-1.0983156384285715,-1.2979492,0.1996335564795706
2025-07-23 02:30:00,-1.0782661198095254,-1.2891517,0.21088554873905863
2025-07-23 03:00:00,-1.0590527411904764,-1.2821887,0.22313591275544642
2025-07-23 03:30:00,-1.0403390555714276,-1.2777097,0.23737066694749331
2025-07-23 04:00:00,-1.022813044952381,-1.2762889,0.25347582204438424
2025-07-23 04:30:00,-1.0087869033333337,-1.2783191,0.26953221707377084
2025-07-23 05:00:00,-1.002139840714285,-1.283984,0.28184410513227265
2025-07-23 05:30:00,-1.0016644440952387,-1.2932565,0.2915920771297369
2025-07-23 06:00:00,-1.0076243974761916,-1.3058956,0.298271169464116
2025-07-23 06:30:00,-1.0159318948571427,-1.3214726,0.30554074994876546
2025-07-23 07:00:00,-1.0264212342380947,-1.3393086,0.3128873852611118
2025-07-23 07:30:00,-1.0425647406190466,-1.358591,0.31602621988357793
2025-07-23 08:00:00,-1.0600364049999995,-1.3784982,0.31846179160186816
2025-07-23 08:30:00,-1.0803402183809525,-1.3982086,0.31786839978311
2025-07-23 09:00:00,-1.1013195577619053,-1.4168813,0.3155617650988125
2025-07-23 09:30:00,-1.120059073142856,-1.4348531,0.31479400379195854
2025-07-23 10:00:00,-1.13803275552381,-1.4510744,0.31304160627733757
2025-07-23 10:30:00,-1.1553507809047607,-1.4643021,0.3089512820835205
2025-07-23 11:00:00,-1.1675043322857142,-1.4741215,0.3066171190921545
2025-07-23 11:30:00,-1.1766974456666657,-1.4806939,0.30399649068129575
2025-07-23 12:00:00,-1.185019331047619,-1.484468,0.2994486521982307
2025-07-23 12:30:00,-1.1940618304285713,-1.4860445,0.2919826956715874
2025-07-23 13:00:00,-1.2043897248095237,-1.4860243,0.2816345357114114
2025-07-23 13:30:00,-1.2041197681904776,-1.4849523,0.2808325623988168
2025-07-23 14:00:00,-1.202715030571429,-1.4832977,0.28058267507890067
2025-07-23 14:30:00,-1.1961130559523812,-1.4814702,0.28535717128913496
2025-07-23 15:00:00,-1.1917004673333345,-1.4784611,0.28676067902134084
2025-07-23 15:30:00,-1.1794243257142845,-1.4758979,0.29647358249646993
2025-07-23 16:00:00,-1.1721521750952386,-1.4741864,0.3020342453454352
2025-07-23 16:30:00,-1.1664718664761906,-1.4735261,0.30705425370966144
2025-07-23 17:00:00,-1.1651604608571424,-1.4738306,0.3086701198542223
2025-07-23 17:30:00,-1.1647630462380951,-1.4748789,0.3101158609655792
2025-07-23 18:00:00,-1.1668033516190472,-1.4763626,0.3095592344023761
2025-07-23 18:30:00,-1.1702245780000005,-1.477978,0.3077534131041255
2025-07-23 19:00:00,-1.176219619380953,-1.4795157,0.3032960523490884
2025-07-23 19:30:00,-1.182822204761902,-1.4807861,0.29796388036688226
2025-07-23 20:00:00,-1.1910341761428564,-1.4815506,0.2905163981598169
2025-07-23 20:30:00,-1.2016387795238097,-1.4814677,0.27982894432262584
2025-07-23 21:00:00,-1.207206628904763,-1.4802135,0.27300689400630884
2025-07-23 21:30:00,-1.2091139952857133,-1.4774534,0.2683393557350997
2025-07-23 22:00:00,-1.211216932666666,-1.4727415,0.26152455197536284
2025-07-23 22:30:00,-1.2084917120476184,-1.4657606,0.25726887659831665
2025-07-23 23:00:00,-1.2080866224285718,-1.4562464,0.24815975360902587
2025-07-23 23:30:00,-1.202466620809524,-1.4441503,0.2416837078266454
2025-07-24 00:00:00,-1.1917549081904757,-1.4295288,0.23777392424513222
2025-07-24 00:30:00,-1.1804104325714275,-1.4125553,0.23214490438078195
2025-07-24 01:00:00,-1.1640015279523792,-1.3935817,0.22958022005634882
2025-07-24 01:30:00,-1.1449210883333325,-1.373163,0.22824189651468996
2025-07-24 02:00:00,-1.1219966577142853,-1.3520354,0.2300387455373627
2025-07-24 02:30:00,-1.1010409540952375,-1.3310277,0.22998679210532402
2025-07-24 03:00:00,-1.076552225476191,-1.3110713,0.23451905118854288
2025-07-24 03:30:00,-1.0550516098571423,-1.2930654,0.23801381887668338
2025-07-24 04:00:00,-1.0322655992380945,-1.2778344,0.24556881619769655
2025-07-24 04:30:00,-1.0149405096190474,-1.2660441,0.2511036302430132
2025-07-24 05:00:00,-1.0051351130000008,-1.2581905,0.2530553996571647
2025-07-24 05:30:00,-1.0003764703809512,-1.2545962,0.2542197629869687
2025-07-24 06:00:00,-1.0010962927619047,-1.2553313,0.25423498508538533
2025-07-24 06:30:00,-1.0046932211428576,-1.2602023,0.25550906748476687
2025-07-24 07:00:00,-1.0118429125238093,-1.2688252,0.2569822608541814
2025-07-24 07:30:00,-1.0250335249047626,-1.2806361,0.25560254725405085
2025-07-24 08:00:00,-1.0400544442857147,-1.2949106,0.254856105831778
2025-07-24 08:30:00,-1.0579479506666658,-1.3107865,0.25283853500533127
2025-07-24 09:00:00,-1.0807850100476188,-1.3269967,0.246211674026783
2025-07-24 09:30:00,-1.098608209428572,-1.3435785,0.24497024840376436
2025-07-24 10:00:00,-1.1154494358095235,-1.3578786,0.24242912997874555
2025-07-24 10:30:00,-1.1270229871904758,-1.3687208,0.24169778269172637
2025-07-24 11:00:00,-1.1339639515714286,-1.3756402,0.2416762023134591
2025-07-24 11:30:00,-1.1329229429523815,-1.3786577,0.24573475567890513
2025-07-24 12:00:00,-1.1329716273333337,-1.3780079,0.24503626146061164
2025-07-24 12:30:00,-1.1266607497142858,-1.3740944,0.24743361731299696
2025-07-24 13:00:00,-1.1192677230952377,-1.3672734,0.24800572680252841
2025-07-24 13:30:00,-1.108128687476189,-1.3578748,0.24974606361481433
2025-07-24 14:00:00,-1.0929799588571438,-1.3463875,0.2534075466741672
2025-07-24 14:30:00,-1.0783310542380935,-1.3333399,0.255008875342595
2025-07-24 15:00:00,-1.0614926326190486,-1.319411,0.2579184067333684
2025-07-24 15:30:00,-1.046843728,-1.3053032,0.25845948798052976
2025-07-24 16:00:00,-1.0336437263809513,-1.2927932,0.25914942833554044
2025-07-24 16:30:00,-1.0201274087619032,-1.2825332,0.2624057600308214
2025-07-24 17:00:00,-1.0072361791428568,-1.27447,0.2672337925139425
2025-07-24 17:30:00,-1.0022061775238098,-1.2681819,0.2659757425277649
2025-07-24 18:00:00,-0.9973672279047608,-1.2632902,0.26592293895009755
2025-07-24 18:30:00,-0.9941476642857136,-1.2595116,0.26536392571825373
2025-07-24 19:00:00,-0.994930118666666,-1.2566397,0.2617096003427334
2025-07-24 19:30:00,-0.9981908620476184,-1.254548,0.25635709155803343
2025-07-24 20:00:00,-1.003668535428571,-1.2531227,0.24945415191121167
2025-07-24 20:30:00,-1.0108335768095242,-1.2521709,0.24133734356248504
2025-07-24 21:00:00,-1.0192060311904751,-1.2513833,0.23217727340547212
2025-07-24 21:30:00,-1.0206915555714273,-1.2504162,0.22972460405839445
2025-07-24 22:00:00,-1.024014930952381,-1.2488184,0.22480346656959171
2025-07-24 22:30:00,-1.0266551053333333,-1.2461002,0.21944508196830248
2025-07-24 23:00:00,-1.0271738757142854,-1.2418176,0.2146437178602385
2025-07-24 23:30:00,-1.022761287095239,-1.2355015,0.21274024069101594
2025-07-25 00:00:00,-1.0196043554761904,-1.2267919,0.20718750319690526
2025-07-25 00:30:00,-1.0107304938571433,-1.215535,0.20480455081296167
2025-07-25 01:00:00,-0.9966868082380951,-1.2016767,0.20498991810315248
2025-07-25 01:30:00,-0.9830298766190485,-1.1853594,0.20232948216848812
2025-07-25 02:00:00,-0.9638163670000006,-1.1669873,0.2031709329191278
2025-07-25 02:30:00,-0.9417907083809512,-1.1471914,0.20540069691537444
2025-07-25 03:00:00,-0.9188487337619055,-1.1267424,0.20789362921416876
2025-07-25 03:30:00,-0.8967000051428569,-1.1065705,0.20987047711117146
2025-07-25 04:00:00,-0.8711796965238108,-1.0876173,0.21643758157524928
2025-07-25 04:30:00,-0.852378159904762,-1.0707613,0.21838316307039674
2025-07-25 05:00:00,-0.8392683342857153,-1.0567974,0.21752905093004393
2025-07-25 05:30:00,-0.8302989466666674,-1.0463611,0.2160621420860792
2025-07-25 06:00:00,-0.8249174100476184,-1.0398555,0.21493807014647337
2025-07-25 06:30:00,-0.8271763114285724,-1.0374485,0.21027221400019958
2025-07-25 07:00:00,-0.8354585898095246,-1.0391111,0.20365254758061213
2025-07-25 07:30:00,-0.8467563941904769,-1.0446099,0.19785351009876873
2025-07-25 08:00:00,-0.8565425325714289,-1.0534736,0.19693105923307552
2025-07-25 08:30:00,-0.8734387159523801,-1.0649842,0.19154548643256863
2025-07-25 09:00:00,-0.8946916083333343,-1.0782624,0.18357083997751777
2025-07-25 09:30:00,-0.9167454217142866,-1.0930629,0.17631745594074266
2025-07-25 10:00:00,-0.9414378760952374,-1.1091448,0.16770693076664
2025-07-25 10:30:00,-0.9584120414761905,-1.1249014,0.16648937244135098
2025-07-25 11:00:00,-0.9775381798571424,-1.139317,0.1617788558179064
2025-07-25 11:30:00,-0.9919943182380953,-1.1518836,0.15988928390423873
2025-07-25 12:00:00,-1.0059957206190475,-1.1624315,0.1564357578813187
2025-07-25 12:30:00,-1.010318744,-1.170921,0.160602224055725
2025-07-25 13:00:00,-1.0035783493809511,-1.1768874,0.17330904361679056
2025-07-25 13:30:00,-0.9988615077619055,-1.1801851,0.18132357181267944
2025-07-25 14:00:00,-0.9926395741428574,-1.1811655,0.18852588262899317
2025-07-25 14:30:00,-0.98038549552381,-1.1802943,0.19990877976000343
2025-07-25 15:00:00,-0.9690333449047627,-1.1781665,0.2091331637698589
2025-07-25 15:30:00,-0.9560596142857143,-1.1741378,0.21807821644853864
2025-07-25 16:00:00,-0.9405747006666672,-1.1690191,0.22844440238356478
2025-07-25 16:30:00,-0.9257598320476202,-1.1636974,0.2379375298984857
2025-07-25 17:00:00,-0.9155853564285712,-1.1588007,0.24321536473994687
2025-07-25 17:30:00,-0.9045243028095249,-1.154849,0.2503247496196743
2025-07-25 18:00:00,-0.8941663191904753,-1.1520846,0.2579182698140413
2025-07-25 18:30:00,-0.8900074145714278,-1.1506448,0.2606373646338944
2025-07-25 19:00:00,-0.8923442979523818,-1.1506188,0.2582744936278184
2025-07-25 19:30:00,-0.8964158313333342,-1.1519893,0.2555735094488313
2025-07-25 20:00:00,-0.9003116627142845,-1.1546155,0.2543038587166847
2025-07-25 20:30:00,-0.9050862660952385,-1.1582241,0.2531378397397225
2025-07-25 21:00:00,-0.9135014834761909,-1.1623945,0.2488930401444146
2025-07-25 21:30:00,-0.9178717888571419,-1.1666622,0.2487904273293815
2025-07-25 22:00:00,-0.9231385412380957,-1.1705563,0.24741776560089357
2025-07-25 22:30:00,-0.9261005126190476,-1.1735551,0.24745462310788113
2025-07-25 23:00:00,-0.9321505110000001,-1.1750945,0.24294397428289782
2025-07-25 23:30:00,-0.9314939313809523,-1.174737,0.2432430452425829
2025-07-26 00:00:00,-0.9283017807619046,-1.1721256,0.24382379716473113
2025-07-26 00:30:00,-0.9231212961428568,-1.1698428,0.24672154309817107
2025-07-26 01:00:00,-0.9151362065238094,-1.1663767,0.25124050341423987
2025-07-26 01:30:00,-0.9030709859047618,-1.1597401,0.25666910446541646
2025-07-26 02:00:00,-0.8902423882857143,-1.1486987,0.2584562992676914
2025-07-26 02:30:00,-0.8703434836666671,-1.1330849,0.2627414095599564
2025-07-26 03:00:00,-0.8508388770476198,-1.1135199,0.2626810299500608
2025-07-26 03:30:00,-0.8319670334285713,-1.0911875,0.25922044368324515
2025-07-26 04:00:00,-0.8080056728095246,-1.0674826,0.2594769178658294
2025-07-26 04:30:00,-0.7853449261904759,-1.0438429,0.25849798552979997
2025-07-26 05:00:00,-0.7657800125714268,-1.0215492,0.2557692122820888
2025-07-26 05:30:00,-0.7494238709523817,-1.0016524,0.25222848901008166
2025-07-26 06:00:00,-0.7294623343333324,-0.98489314,0.25543080884370006
2025-07-26 06:30:00,-0.7193184277142858,-0.9716205,0.25230207237345226
2025-07-26 07:00:00,-0.7168096090952372,-0.9619008,0.24509116156897792
2025-07-26 07:30:00,-0.7192167994761895,-0.95554703,0.23633023526425845
2025-07-26 08:00:00,-0.7303739898571427,-0.9521999,0.22182588645129842
2025-07-26 08:30:00,-0.740072277238095,-0.95152223,0.21144995386389476
2025-07-26 09:00:00,-0.7542824066190476,-0.9529676,0.19868517751410064
2025-07-26 09:30:00,-0.7703457369999983,-0.95589256,0.18554682586621263
2025-07-26 10:00:00,-0.7917392433809537,-0.9626549,0.17091564524895964
2025-07-26 10:30:00,-0.8124670927619049,-0.97205794,0.15959084581383975
2025-07-26 11:00:00,-0.8323963461428584,-0.9817705,0.14937416929903613
2025-07-26 11:30:00,-0.8513336265238102,-0.98952925,0.13819562552849696
2025-07-26 12:00:00,-0.8592512139047628,-0.99421173,0.13496051943645426
2025-07-26 12:30:00,-0.8656748102857148,-0.99545914,0.12978432906136161
2025-07-26 13:00:00,-0.8677096346666664,-0.9935413,0.12583166563011705
2025-07-26 13:30:00,-0.8631059940476185,-0.98910403,0.12599803846886104
2025-07-26 14:00:00,-0.8576035814285728,-0.9827836,0.125180034160569
2025-07-26 14:30:00,-0.8451891508095238,-0.975182,0.12999284601283334
2025-07-26 15:00:00,-0.8334074831904771,-0.96680385,0.13339636555296164
2025-07-26 15:30:00,-0.8179828765714284,-0.9580892,0.14010629626868998
2025-07-26 16:00:00,-0.8056464279523808,-0.9494271,0.14378069988575393
2025-07-26 16:30:00,-0.7910755053333333,-0.9412739,0.15019842235526537
2025-07-26 17:00:00,-0.7756585737142854,-0.93407947,0.1584208945359893
2025-07-26 17:30:00,-0.761931335095238,-0.92819756,0.16626622759931153
2025-07-26 18:00:00,-0.7533837894761906,-0.9239359,0.17055210072156335
2025-07-26 18:30:00,-0.7434904108571416,-0.9215317,0.17804126638895212
2025-07-26 19:00:00,-0.7354350142380953,-0.9210422,0.18560718966510292
2025-07-26 19:30:00,-0.7325516356190478,-0.9223286,0.18977695572769293
2025-07-26 20:00:00,-0.7321465459999993,-0.92511034,0.19296379411840892
2025-07-26 20:30:00,-0.7291026843809523,-0.92906237,0.19995968210464343
2025-07-26 21:00:00,-0.7319240417619054,-0.9337133,0.20178927515551404
2025-07-26 21:30:00,-0.7377357061428572,-0.9385464,0.20081071300081954
2025-07-26 22:00:00,-0.7395200025238103,-0.9430764,0.2035563696227961
2025-07-26 22:30:00,-0.7486382899047629,-0.9467842,0.19814590837938628
2025-07-26 23:00:00,-0.7492976742857127,-0.9492707,0.19997305096453144
2025-07-26 23:30:00,-0.7534066206666679,-0.9500438,0.1966371768263131
2025-07-27 00:00:00,-0.7532047770476192,-0.9487525,0.19554774542094766
2025-07-27 00:30:00,-0.7523250824285721,-0.94518936,0.19286427437532194
2025-07-27 01:00:00,-0.7477795548095235,-0.93924856,0.19146900704960734
2025-07-27 01:30:00,-0.7371854311904769,-0.93091905,0.19373361997987226
2025-07-27 02:00:00,-0.7281556055714283,-0.92031413,0.1921585275958385
2025-07-27 02:30:00,-0.7137099469523803,-0.9077389,0.19402897707410893
2025-07-27 03:00:00,-0.6962915253333324,-0.8936429,0.1973513770409352
2025-07-27 03:30:00,-0.6793378397142846,-0.8785944,0.19925655878425053
2025-07-27 04:00:00,-0.6575207770952374,-0.86327595,0.20575516809137762
2025-07-27 04:30:00,-0.6378404684761916,-0.8483741,0.21053365986548322
2025-07-27 05:00:00,-0.6182029228571424,-0.8346213,0.21641838737692742
2025-07-27 05:30:00,-0.6006042802380939,-0.82262176,0.2220174825144391
2025-07-27 06:00:00,-0.5856971726190475,-0.81286705,0.22716987278347933
2025-07-27 06:30:00,-0.5730673020000003,-0.8057542,0.23268688272290006
2025-07-27 07:00:00,-0.5603166863809517,-0.8014596,0.24114292408123705
2025-07-27 07:30:00,-0.5536398857619048,-0.79986596,0.2462260753129243
2025-07-27 08:00:00,-0.5500160241428582,-0.8006831,0.2506670570071967
2025-07-27 08:30:00,-0.5452046185238093,-0.80342984,0.25822522347142995
2025-07-27 09:00:00,-0.545151063904761,-0.80751306,0.2623619942808164
2025-07-27 09:30:00,-0.5474022902857146,-0.8122815,0.2648791990865388
2025-07-27 10:00:00,-0.5493019816666667,-0.8170881,0.2677861454695638
2025-07-27 10:30:00,-0.552901235047619,-0.8212265,0.26832524257536683
2025-07-27 11:00:00,-0.553871585428571,-0.8240416,0.2701700195671566
2025-07-27 11:30:00,-0.5568983828095234,-0.8249359,0.2680375302764141
2025-07-27 12:00:00,-0.5572107511904761,-0.82345766,0.2662469071003869
2025-07-27 12:30:00,-0.5541460585714287,-0.8193501,0.2652040648340278
2025-07-27 13:00:00,-0.5497884269523814,-0.8124789,0.2626904730033681
2025-07-27 13:30:00,-0.5425558833333334,-0.8028468,0.260290906026713
2025-07-27 14:00:00,-0.5317431637142858,-0.79060763,0.2588644674922267
2025-07-27 14:30:00,-0.5194868910952382,-0.77600944,0.25652254932681995
2025-07-27 15:00:00,-0.5045841714761902,-0.75941575,0.2548315742589783
2025-07-27 15:30:00,-0.49013851285714344,-0.7412427,0.25110419391852185
2025-07-27 16:00:00,-0.47333531023809455,-0.72204083,0.24870552180459954
2025-07-27 16:30:00,-0.45453377361904923,-0.7023595,0.24782572392810043
2025-07-27 17:00:00,-0.437587763,-0.68277615,0.24518839008761595
2025-07-27 17:30:00,-0.4219423663809523,-0.6638695,0.241927133779265
2025-07-27 18:00:00,-0.40744175076190414,-0.64618707,0.2387453162699562
2025-07-27 18:30:00,-0.39580837214285675,-0.63014954,0.23434117114251313
2025-07-27 19:00:00,-0.38507130952381025,-0.61610216,0.23103084949947467
2025-07-27 19:30:00,-0.378607754904763,-0.6042781,0.2256703327112038
2025-07-27 20:00:00,-0.3744466562857148,-0.5947771,0.22033045095305476
2025-07-27 20:30:00,-0.37229156666666546,-0.58751726,0.2152256948384615
2025-07-27 21:00:00,-0.37089231004761913,-0.58230764,0.21141532669020435
2025-07-27 21:30:00,-0.3745144574285714,-0.5787961,0.2042816312669547
2025-07-27 22:00:00,-0.3771623068095245,-0.57652855,0.19936624238481143
2025-07-27 22:30:00,-0.3802243231904748,-0.57502556,0.1948012352812049
2025-07-27 23:00:00,-0.3839618655714286,-0.5736963,0.18973444971711512
2025-07-27 23:30:00,-0.38637124995238176,-0.57205236,0.1856811096286119
2025-07-28 00:00:00,-0.3912787923333341,-0.5696029,0.17832411437061485
2025-07-28 00:30:00,-0.39023778371428547,-0.5615139,0.17127611704255047
2025-07-28 01:00:00,-0.39170892009523783,-0.5497199,0.15801100959989156
2025-07-28 01:30:00,-0.38837615547619014,-0.5366871,0.1483109206155762
2025-07-28 02:00:00,-0.37988356685714414,-0.52408344,0.14419986867828677
2025-07-28 02:30:00,-0.3727894432380968,-0.5127089,0.13991945912091197
2025-07-28 03:00:00,-0.3566113286190489,-0.50284016,0.1462288327044985
2025-07-28 03:30:00,-0.341872248,-0.49436095,0.15248870556941224
2025-07-28 04:00:00,-0.33283995838095193,-0.4870717,0.15423173456262107
2025-07-28 04:30:00,-0.32548763176190537,-0.48092902,0.1554413853050502
2025-07-28 05:00:00,-0.32165929214285793,-0.47579098,0.1541316853351694
2025-07-28 05:30:00,-0.3132622295238102,-0.4717657,0.15850346747860067
2025-07-28 06:00:00,-0.3038753879047618,-0.4689953,0.1651199150108113
2025-07-28 06:30:00,-0.30481928728571356,-0.46788898,0.16306969381818354
2025-07-28 07:00:00,-0.30425275266666574,-0.46900898,0.16475622951488333
2025-07-28 07:30:00,-0.30935244004761797,-0.47266808,0.16331564147436994
2025-07-28 08:00:00,-0.3138502034285724,-0.4789565,0.16510628732650878
2025-07-28 08:30:00,-0.31675077480952296,-0.48762253,0.1708717544587418
2025-07-28 09:00:00,-0.32929011819047577,-0.49864852,0.16935840609388703
2025-07-28 09:30:00,-0.34537647357142853,-0.51199234,0.1666158617480905
2025-07-28 10:00:00,-0.3687363819523798,-0.5275456,0.15880918937482968
2025-07-28 10:30:00,-0.3847152873333336,-0.5448616,0.16014632737079848
2025-07-28 11:00:00,-0.40282423371428533,-0.5632969,0.16047268038636164
2025-07-28 11:30:00,-0.42135269709523815,-0.58242303,0.1610703342348705
2025-07-28 12:00:00,-0.44385809047619185,-0.6016905,0.15783238069614092
2025-07-28 12:30:00,-0.46651931685714265,-0.62053734,0.15401802378387908
2025-07-28 13:00:00,-0.48974532423809597,-0.63851917,0.14877384366198948
2025-07-28 13:30:00,-0.5077136566190472,-0.6552679,0.14755423764898867
2025-07-28 14:00:00,-0.5167484810000006,-0.67049944,0.15375096300787294
2025-07-28 14:30:00,-0.5182208493809517,-0.68396217,0.165741316928405
2025-07-28 15:00:00,-0.5175268567619037,-0.6941115,0.17658466925051697
2025-07-28 15:30:00,-0.5128308461428562,-0.70138735,0.1885564996480068
2025-07-28 16:00:00,-0.5071757565238093,-0.7061421,0.1989663709900762
2025-07-28 16:30:00,-0.4977998769047618,-0.70882726,0.21102738025161027
2025-07-28 17:00:00,-0.4888281642857135,-0.7097046,0.22087641363710753
2025-07-28 17:30:00,-0.475936934666667,-0.7089964,0.23305948047157765
2025-07-28 18:00:00,-0.4643364500476192,-0.7069815,0.24264503007399335
2025-07-28 18:30:00,-0.45519890442857197,-0.70413876,0.24893985136976787
2025-07-28 19:00:00,-0.4452078058095236,-0.70112616,0.25591835242793365
2025-07-28 19:30:00,-0.436923944190475,-0.6986948,0.26177088098194934
2025-07-28 20:00:00,-0.4323738975714276,-0.6975463,0.26517240570081974
2025-07-28 20:30:00,-0.4263749479523806,-0.6982471,0.27187212712849096
2025-07-28 21:00:00,-0.4261884543333326,-0.7011167,0.2749282267656054
2025-07-28 21:30:00,-0.42484196071428565,-0.7063266,0.2814846431751797
2025-07-28 22:00:00,-0.42443687109523925,-0.7137593,0.2893224319977173
2025-07-28 22:30:00,-0.42451625547619115,-0.7231166,0.2986003211954092
2025-07-28 23:00:00,-0.4285350258571442,-0.73393446,0.3053994362133209
2025-07-28 23:30:00,-0.43288778723809324,-0.7456756,0.3127878361788074
2025-07-29 00:00:00,-0.43507638161904555,-0.75772357,0.32264718825094957
2025-07-29 00:30:00,-0.43836686299999866,-0.7693475,0.3309806258801588
2025-07-29 01:00:00,-0.4375773443809519,-0.7799223,0.34234496215667626
2025-07-29 01:30:00,-0.4352991847619051,-0.7888129,0.35351369098577556
2025-07-29 02:00:00,-0.43329238414285776,-0.79549795,0.3622055697488964
2025-07-29 02:30:00,-0.42320795352380924,-0.799672,0.37646405403692074
2025-07-29 03:00:00,-0.41596869690476224,-0.80109113,0.385122437643425
2025-07-29 03:30:00,-0.40574145828571423,-0.7998435,0.39410203183803455
2025-07-29 04:00:00,-0.39110022866666777,-0.79617095,0.4050707212692453
2025-07-29 04:30:00,-0.37924592904761956,-0.79034716,0.41110122986122444
2025-07-29 05:00:00,-0.3686220674285713,-0.78278077,0.4141586990585503
2025-07-29 05:30:00,-0.3626055738095235,-0.7739922,0.41138660701475627
2025-07-29 06:00:00,-0.3602923261904759,-0.7647104,0.4044181001400905
2025-07-29 06:30:00,-0.3585590785714297,-0.75579876,0.3972396785048337
2025-07-29 07:00:00,-0.3552164449523806,-0.74799764,0.39278119661103494
2025-07-29 07:30:00,-0.3584244253333335,-0.7419039,0.3834794757668252
2025-07-29 08:00:00,-0.35981442371428696,-0.73797476,0.378160339202278
2025-07-29 08:30:00,-0.3707530180952379,-0.7365107,0.3657576759317091
2025-07-29 09:00:00,-0.38373051547618947,-0.73746127,0.3537307534256355
2025-07-29 09:30:00,-0.40028818885714296,-0.742194,0.34190580804913756
2025-07-29 10:00:00,-0.41603739723809435,-0.75120646,0.33516906037680433
2025-07-29 10:30:00,-0.433872790619048,-0.7631418,0.32926902027496446
2025-07-29 11:00:00,-0.45279787699999985,-0.7770752,0.32427729447064224
2025-07-29 11:30:00,-0.4736411213809521,-0.7923584,0.3187172770565479
2025-07-29 12:00:00,-0.4916445417619028,-0.8085141,0.31686957643267727
2025-07-29 12:30:00,-0.5116616461428566,-0.82501304,0.31335139535342027
2025-07-29 13:00:00,-0.5355753735238096,-0.8412742,0.305698828346155
2025-07-29 13:30:00,-0.5529987939047619,-0.8566854,0.30368660610439335
2025-07-29 14:00:00,-0.5662268192857138,-0.8706366,0.3044097630888589
2025-07-29 14:30:00,-0.5714957656666666,-0.88112795,0.3096321878626913
2025-07-29 15:00:00,-0.5730362470476189,-0.8874759,0.3144396607549629
2025-07-29 15:30:00,-0.569475017428571,-0.88937986,0.3199048415420711
2025-07-29 16:00:00,-0.5662477788095226,-0.88821286,0.3219650808210621
2025-07-29 16:30:00,-0.5600554521904757,-0.88511336,0.32505790630714393
2025-07-29 17:00:00,-0.5533006695714292,-0.8807097,0.3274090381655398
2025-07-29 17:30:00,-0.5447080359523813,-0.875253,0.33054498576469027
2025-07-29 18:00:00,-0.5372678583333341,-0.86890876,0.3316409045984896
2025-07-29 18:30:00,-0.5312689087142846,-0.8618793,0.3306103804359535
2025-07-29 19:00:00,-0.5281799590952388,-0.8544924,0.32631246682334025
2025-07-29 19:30:00,-0.5252591674761903,-0.8473003,0.3220411235852111
2025-07-29 20:00:00,-0.525353901857144,-0.84091735,0.3155634470045503
2025-07-29 20:30:00,-0.527534821238094,-0.83593106,0.3083962414602702
2025-07-29 21:00:00,-0.5352546436190486,-0.832868,0.2976133363843083
2025-07-29 21:30:00,-0.5376190709999996,-0.8321121,0.2944930028983158
2025-07-29 22:00:00,-0.5422255163809526,-0.8337706,0.29154505675823805
2025-07-29 22:30:00,-0.5485391987619056,-0.8377634,0.2892242299261437
2025-07-29 23:00:00,-0.554950732142856,-0.84385806,0.28890733107812183
2025-07-29 23:30:00,-0.5595144145238091,-0.8516333,0.29211889579418404
2025-07-30 00:00:00,-0.561132877904762,-0.86050993,0.29937705413640625
2025-07-30 00:30:00,-0.565847043285714,-0.8698378,0.30399077724422374
2025-07-30 01:00:00,-0.5694264276666666,-0.8790034,0.30957697790431726
2025-07-30 01:30:00,-0.5688730490476186,-0.88750607,0.31863301870521954
2025-07-30 02:00:00,-0.5677648894285698,-0.89488524,0.3271203525567512
2025-07-30 02:30:00,-0.5638619938095248,-0.90076506,0.33690306756895416
2025-07-30 03:00:00,-0.5568283081904759,-0.90497524,0.3481469272717128
2025-07-30 03:30:00,-0.5514643155714287,-0.9074393,0.35597497590577465
2025-07-30 04:00:00,-0.5391003229523811,-0.9082305,0.3691301605795708
2025-07-30 04:30:00,-0.5283984793333323,-0.90751326,0.37911478150803735
2025-07-30 05:00:00,-0.522841240714287,-0.9055402,0.3826989871757277
2025-07-30 05:30:00,-0.5177661510952378,-0.9027061,0.3849399355403518
2025-07-30 06:00:00,-0.5142653594761918,-0.8994029,0.3851375569552352
2025-07-30 06:30:00,-0.5129264098571418,-0.8959874,0.383060981614721
2025-07-30 07:00:00,-0.5137868462380948,-0.8928485,0.3790616454306064
2025-07-30 07:30:00,-0.5116394316190478,-0.8904236,0.37878416428625616
2025-07-30 08:00:00,-0.5179180259999997,-0.8889614,0.3710433487596744
2025-07-30 08:30:00,-0.5240361373809534,-0.888763,0.3647268731209081
2025-07-30 09:00:00,-0.5372168807619024,-0.8899161,0.35269924119778384
2025-07-30 09:30:00,-0.5474171861428585,-0.8924402,0.34502301370913124
2025-07-30 10:00:00,-0.5622073155238109,-0.89631224,0.3341049212620778
2025-07-30 10:30:00,-0.5791891559047616,-0.8998868,0.320697631032952
2025-07-30 11:00:00,-0.5934970052857163,-0.90259254,0.30909553450157623
2025-07-30 11:30:00,-0.6085904256666679,-0.9072268,0.2986363752519112
2025-07-30 12:00:00,-0.6271112140476208,-0.9139096,0.2867984000385303
2025-07-30 12:30:00,-0.6459781874285712,-0.92236453,0.2763863455189691
2025-07-30 13:00:00,-0.668844984809523,-0.9321533,0.2633082997401901
2025-07-30 13:30:00,-0.6834362561904759,-0.9427932,0.2593569342888027
2025-07-30 14:00:00,-0.6967621325714285,-0.9537112,0.2569490791099375
2025-07-30 14:30:00,-0.701538929952381,-0.9643697,0.26283078430772033
2025-07-30 15:00:00,-0.7038527883333328,-0.97204775,0.2681949578481553
2025-07-30 15:30:00,-0.7036432697142857,-0.9775603,0.27391701203925434
2025-07-30 16:00:00,-0.7007774350952373,-0.9811777,0.28040025254972123
2025-07-30 16:30:00,-0.6946126524761904,-0.98252714,0.2879144843264829
2025-07-30 17:00:00,-0.689512343857142,-0.9810959,0.29158356621518466
2025-07-30 17:30:00,-0.6809900172380953,-0.97654134,0.29555132311300947
2025-07-30 18:00:00,-0.6708307606190481,-0.9688385,0.29800775227844334
2025-07-30 18:30:00,-0.6630390479999976,-0.9583054,0.29526637049136595
2025-07-30 19:00:00,-0.6523525543809527,-0.94559884,0.29324628633254823
2025-07-30 19:30:00,-0.6435665437619046,-0.93155426,0.2879877141078159
2025-07-30 20:00:00,-0.6325736031428569,-0.9171032,0.28452956820571484
2025-07-30 20:30:00,-0.6235239085238095,-0.9031119,0.279587966533411
2025-07-30 21:00:00,-0.6144292569047625,-0.89031166,0.2758824014776533
2025-07-30 21:30:00,-0.607305395285713,-0.8791837,0.2718783143357164
2025-07-30 22:00:00,-0.5987578496666665,-0.870111,0.2713531389502769
2025-07-30 22:30:00,-0.5944660060476192,-0.863272,0.2688060052324406
2025-07-30 23:00:00,-0.5909047764285726,-0.85868686,0.2677820879474955
2025-07-30 23:30:00,-0.5861307838095247,-0.85623676,0.27010597203840625
2025-07-31 00:00:00,-0.586217843190476,-0.855656,0.2694381846034083
2025-07-31 00:30:00,-0.5843989385714282,-0.8566411,0.27224217518665894
2025-07-31 01:00:00,-0.580837708952382,-0.8587735,0.2779358205771896
2025-07-31 01:30:00,-0.580776479333333,-0.86153305,0.2807565664354048
2025-07-31 02:00:00,-0.5767857327142843,-0.86447126,0.2876855240186563
2025-07-31 02:30:00,-0.572925731095239,-0.8671244,0.29419864758594383
2025-07-31 03:00:00,-0.5689426594761915,-0.86910015,0.300157493970006
2025-07-31 03:30:00,-0.560728973857143,-0.8701166,0.3093876175964092
2025-07-31 04:00:00,-0.5502984892380951,-0.86991704,0.31961854586474914
2025-07-31 04:30:00,-0.5443544966190473,-0.8683688,0.32401430783575613
2025-07-31 05:00:00,-0.539025723000001,-0.86552495,0.3264992246432791
2025-07-31 05:30:00,-0.5370364663809523,-0.8615113,0.3244748236924425
2025-07-31 06:00:00,-0.5365687447619033,-0.85655606,0.31998731316808937
2025-07-31 06:30:00,-0.5366810231428569,-0.8509893,0.31430825898833814
2025-07-31 07:00:00,-0.5395023805238088,-0.8451697,0.3056673425100962
2025-07-31 07:30:00,-0.5397300539047619,-0.8394734,0.2997433724372486
2025-07-31 08:00:00,-0.5450824632857139,-0.8343082,0.28922574374935084
2025-07-31 08:30:00,-0.5521970666666665,-0.8299873,0.27779022085469585
2025-07-31 09:00:00,-0.5613933360476178,-0.82679975,0.2654064142804462
2025-07-31 09:30:00,-0.5737556144285716,-0.8248965,0.2511408999871694
2025-07-31 10:00:00,-0.5840988588095241,-0.82543737,0.2413385081529088
2025-07-31 10:30:00,-0.595795480190477,-0.82887286,0.23307737928751981
2025-07-31 11:00:00,-0.608197365571429,-0.8344259,0.2262285606370671
2025-07-31 11:30:00,-0.6219703029523806,-0.84175277,0.21978246461048556
2025-07-31 12:00:00,-0.6381709603333325,-0.8507476,0.21257662496329832
2025-07-31 12:30:00,-0.6503016177142833,-0.8613164,0.21101476517069595
2025-07-31 13:00:00,-0.6643304330952374,-0.8731931,0.2088626520983966
2025-07-31 13:30:00,-0.6753361784761905,-0.885915,0.21057880288901332
2025-07-31 14:00:00,-0.6855035898571427,-0.89891446,0.21341086651035002
2025-07-31 14:30:00,-0.6893740712380955,-0.9098,0.22042592180008203
2025-07-31 15:00:00,-0.6923833246190481,-0.91736364,0.22498031902719218
2025-07-31 15:30:00,-0.6931581039999993,-0.9223826,0.2292244891549079
2025-07-31 16:00:00,-0.695710427380952,-0.92564636,0.22993593730792128
2025-07-31 16:30:00,-0.6978990217619043,-0.92747706,0.2295780399866003
2025-07-31 17:00:00,-0.7004314761428572,-0.9278641,0.22743259856417408
2025-07-31 17:30:00,-0.6958660795238084,-0.9266157,0.23074963550304706
2025-07-31 18:00:00,-0.689859454904762,-0.92352664,0.2336671898019641
2025-07-31 18:30:00,-0.6822259002857145,-0.91856104,0.23633514106941855
2025-07-31 19:00:00,-0.6751548016666663,-0.911824,0.23666918629414913
2025-07-31 19:30:00,-0.6665698430476191,-0.9036796,0.23710976625108693
2025-07-31 20:00:00,-0.6584242704285714,-0.8946048,0.2361805317030814
2025-07-31 20:30:00,-0.6510016368095247,-0.885201,0.23419934051591473
2025-07-31 21:00:00,-0.6421705381904756,-0.87606895,0.2338984115089262
2025-07-31 21:30:00,-0.6318026855714289,-0.8677596,0.23595689980912526
2025-07-31 22:00:00,-0.6220675959523799,-0.8606877,0.2386200771395085
2025-07-31 22:30:00,-0.615548953333333,-0.8551983,0.23964937039332102
2025-07-31 23:00:00,-0.6102453987142864,-0.8515058,0.2412604172685322
2025-07-31 23:30:00,-0.6053384670952379,-0.8497004,0.24436192419733416
2025-08-01 00:00:00,-0.59785539547619,-0.8497409,0.25188552697482924
2025-08-01 00:30:00,-0.592948463857142,-0.8513585,0.2584100094437919
2025-08-01 01:00:00,-0.5901606112380949,-0.8542297,0.26406907740631425
2025-08-01 01:30:00,-0.5863181536190474,-0.8580394,0.27172122550082567
2025-08-01 02:00:00,-0.5806124949999996,-0.862384,0.2817715262821965
2025-08-01 02:30:00,-0.5762075813809541,-0.86688155,0.29067396797741385
2025-08-01 03:00:00,-0.5708183697619036,-0.8712039,0.30038552962164133
2025-08-01 03:30:00,-0.565341307142856,-0.87503403,0.30969272710931073
2025-08-01 04:00:00,-0.5530751655238095,-0.878146,0.32507082723208036
2025-08-01 04:30:00,-0.5525294619047618,-0.8803072,0.32777773566603896
2025-08-01 05:00:00,-0.5512180562857135,-0.8814524,0.33023432532515684
2025-08-01 05:30:00,-0.5520081856666667,-0.88158053,0.3295723459304708
2025-08-01 06:00:00,-0.5536419990476192,-0.88073033,0.32708833189644204
2025-08-01 06:30:00,-0.5542135324285705,-0.87896496,0.32475142814653324
2025-08-01 07:00:00,-0.5587069078095235,-0.87639016,0.31768325132057296
2025-08-01 07:30:00,-0.5613250191904771,-0.87320745,0.31188243072254784
2025-08-01 08:00:00,-0.5649296225714276,-0.8696698,0.30474017246488827
2025-08-01 08:30:00,-0.5735458919523807,-0.8659694,0.2924235275269894
2025-08-01 09:00:00,-0.586181723333333,-0.8623525,0.2761707670917769
2025-08-01 09:30:00,-0.5934972477142849,-0.8590725,0.26557525871348
2025-08-01 10:00:00,-0.5981235620952368,-0.8561832,0.25805960917704107
2025-08-01 10:30:00,-0.6010449644761913,-0.8524749,0.2514299634260304
2025-08-01 11:00:00,-0.6036071568571432,-0.8476641,0.24405696095596718
2025-08-01 11:30:00,-0.6060638232380949,-0.8421511,0.2360872821658052
2025-08-01 12:00:00,-0.6095750946190484,-0.83662236,0.2270472627494209
2025-08-01 12:30:00,-0.6131513229999994,-0.83173436,0.21858303626437436
2025-08-01 13:00:00,-0.6158639983809518,-0.8280161,0.2121521039330435
2025-08-01 13:30:00,-0.6213285157619044,-0.82573795,0.20440943742413076
2025-08-01 14:00:00,-0.623230401142858,-0.82492733,0.20169692887423185
2025-08-01 14:30:00,-0.6247005755238083,-0.82533354,0.20063296014742582
2025-08-01 15:00:00,-0.6219676799047618,-0.82664376,0.204676085067925
2025-08-01 15:30:00,-0.6235784682857135,-0.8281992,0.20462073949703186
2025-08-01 16:00:00,-0.6249432476666663,-0.83016175,0.20521850264995356
2025-08-01 16:30:00,-0.6230341670476172,-0.83263695,0.20960278535259036
2025-08-01 17:00:00,-0.6189380254285718,-0.8352224,0.21628439764805785
2025-08-01 17:30:00,-0.6157634188095228,-0.83715093,0.2213875125488146
2025-08-01 18:00:00,-0.6085692501904775,-0.83771867,0.22914941540934552
2025-08-01 18:30:00,-0.601779379571428,-0.8363538,0.2345743992676833
2025-08-01 19:00:00,-0.5954113509523817,-0.8327452,0.2373338434827379
2025-08-01 19:30:00,-0.5881896383333329,-0.8268463,0.2386566632223006
2025-08-01 20:00:00,-0.5791576187142845,-0.8188899,0.23973229722886125
2025-08-01 20:30:00,-0.5691489760952384,-0.8092754,0.24012641262241297
2025-08-01 21:00:00,-0.5568805094761904,-0.79850775,0.2416272405581419
2025-08-01 21:30:00,-0.542643577857144,-0.78712094,0.24447736044394242
2025-08-01 22:00:00,-0.5322734002380944,-0.7756887,0.2434153075904273
2025-08-01 22:30:00,-0.5214837056190477,-0.7648068,0.24332310142212055
2025-08-01 23:00:00,-0.5092252389999997,-0.754933,0.24570776061090116
2025-08-01 23:30:00,-0.5009489213809523,-0.74636364,0.2454147184505907
2025-08-02 00:00:00,-0.4918137007619044,-0.7393256,0.24751188221920523
2025-08-02 00:30:00,-0.48266848014285607,-0.7371306,0.254462102189755
2025-08-02 01:00:00,-0.47355847852380895,-0.73840326,0.2648447821840463
2025-08-02 01:30:00,-0.46880202990476183,-0.7407582,0.2719561507135243
2025-08-02 02:00:00,-0.4592448362857131,-0.74230015,0.2830553164929124
2025-08-02 02:30:00,-0.45070715966666663,-0.74189556,0.2911883967832235
2025-08-02 03:00:00,-0.444481939047618,-0.7391105,0.294628590375142
2025-08-02 03:30:00,-0.43767671842857014,-0.73400724,0.2963305209131657
2025-08-02 04:00:00,-0.4315042608095248,-0.7268941,0.2953898198293607
2025-08-02 04:30:00,-0.42696640819047527,-0.7182814,0.2913149800923006
2025-08-02 05:00:00,-0.4199479415714282,-0.70856005,0.2886121079624158
2025-08-02 05:30:00,-0.41364254495238095,-0.6979917,0.28434918383027286
2025-08-02 06:00:00,-0.40634065633333266,-0.68676573,0.2804250740476793
2025-08-02 06:30:00,-0.4012832417142853,-0.6749949,0.27371164420719296
2025-08-02 07:00:00,-0.4000849060952387,-0.66278356,0.2626986570418157
2025-08-02 07:30:00,-0.4003125794761905,-0.6502448,0.24993219295804414
2025-08-02 08:00:00,-0.4034228398571418,-0.63757807,0.23415523030658503
2025-08-02 08:30:00,-0.4091114342380952,-0.6250201,0.2159086525271941
2025-08-02 09:00:00,-0.41158893161904875,-0.61276054,0.20117161220419344
2025-08-02 09:30:00,-0.4192659909999998,-0.60432744,0.18506144926184104
2025-08-02 10:00:00,-0.4237593663809541,-0.5995488,0.17578945029995413
2025-08-02 10:30:00,-0.43554383876190544,-0.5973946,0.1618507468475306
2025-08-02 11:00:00,-0.44703940814285736,-0.59687316,0.14983375603408355
2025-08-02 11:30:00,-0.4508419075238106,-0.5972143,0.1463723740351799
2025-08-02 12:00:00,-0.4554704159047614,-0.5978353,0.14236488644814388
2025-08-02 12:30:00,-0.4548940122857139,-0.59834445,0.14345043294286275
2025-08-02 13:00:00,-0.4571397576666662,-0.5984575,0.14131775757304937
2025-08-02 13:30:00,-0.4560008980476182,-0.5980555,0.1420545838630874
2025-08-02 14:00:00,-0.45574094142857147,-0.59703165,0.14129071149882722
2025-08-02 14:30:00,-0.4507658968095243,-0.5920656,0.14129967592912318
2025-08-02 15:00:00,-0.44688822019047514,-0.58357406,0.13668583643489107
2025-08-02 15:30:00,-0.44817501757142875,-0.57297003,0.12479501512052682
2025-08-02 16:00:00,-0.4485356299523807,-0.56157976,0.11304413393693202
2025-08-02 16:30:00,-0.44891378633333306,-0.5503322,0.10141840227292914
2025-08-02 17:00:00,-0.4471553197142862,-0.5398262,0.0926708945992209
2025-08-02 17:30:00,-0.44538685309523923,-0.5303607,0.08497384560471194
2025-08-02 18:00:00,-0.44364593047619016,-0.5219498,0.07830389719486086
2025-08-02 18:30:00,-0.43917838485714383,-0.51450694,0.07532855121615939
2025-08-02 19:00:00,-0.4303045232380954,-0.507823,0.07751846717938504
2025-08-02 19:30:00,-0.42771004761904735,-0.5016145,0.07390446339398365
2025-08-02 20:00:00,-0.41711140500000016,-0.49568924,0.07857783807823165
2025-08-02 20:30:00,-0.40625140338095267,-0.48986247,0.08361106843797128
2025-08-02 21:00:00,-0.3968853927619057,-0.48398864,0.08710324993066021
2025-08-02 21:30:00,-0.38518170714285765,-0.47807866,0.09289695620629396
2025-08-02 22:00:00,-0.37023170552380846,-0.47226533,0.10203362741343214
2025-08-02 22:30:00,-0.3567153879047618,-0.46667144,0.10995604912030837
2025-08-02 23:00:00,-0.344685386285715,-0.46146226,0.11677687300688755
2025-08-02 23:30:00,-0.3336495516666667,-0.45683727,0.12318771501691178
2025-08-03 00:00:00,-0.3201958660476188,-0.45296264,0.13276677090001304
2025-08-03 00:30:00,-0.3091523564285711,-0.44996628,0.14081392522387948
2025-08-03 01:00:00,-0.2964972668095255,-0.447946,0.1514487452105856
2025-08-03 01:30:00,-0.2877311251904775,-0.44692984,0.15919871704318034
2025-08-03 02:00:00,-0.27828932657142896,-0.44687933,0.16859000072578173
2025-08-03 02:30:00,-0.2698471759523808,-0.44771892,0.17787174237113607
2025-08-03 03:00:00,-0.2614424383333328,-0.44936562,0.18792317751139376
2025-08-03 03:30:00,-0.253449673714283,-0.45163593,0.1981862532476158
2025-08-03 04:00:00,-0.2465466020952392,-0.45431688,0.2077702821840119
2025-08-03 04:30:00,-0.2417099774761905,-0.4571334,0.21542343488495452
2025-08-03 05:00:00,-0.23792795785714393,-0.45980301,0.22187505713652367
2025-08-03 05:30:00,-0.23350317523809433,-0.4620951,0.22859193637041092
2025-08-03 06:00:00,-0.23016054161904784,-0.46378657,0.23362603059889345
2025-08-03 06:30:00,-0.22631589000000088,-0.46470124,0.23838534529434116
2025-08-03 07:00:00,-0.22423878238095377,-0.46468338,0.24044460132227805
2025-08-03 07:30:00,-0.21801136776190314,-0.46356478,0.24555341557282892
2025-08-03 08:00:00,-0.2147741291428572,-0.46117327,0.24639913702955185
2025-08-03 08:30:00,-0.2095485565238106,-0.45738947,0.2478409173912895
2025-08-03 09:00:00,-0.20393855490476107,-0.45214644,0.24820788583963896
2025-08-03 09:30:00,-0.1963753072857134,-0.44546643,0.24909112170941905
2025-08-03 10:00:00,-0.18755640266666426,-0.4373909,0.24983449103107438
2025-08-03 10:30:00,-0.1787802610476205,-0.42803475,0.2492544915597251
2025-08-03 11:00:00,-0.16980319842857136,-0.41752693,0.24772373214203106
2025-08-03 11:30:00,-0.1616873638095224,-0.40604392,0.2443565531311667
2025-08-03 12:00:00,-0.1518589421904754,-0.39390767,0.24204872401588445
2025-08-03 12:30:00,-0.14295438057143028,-0.3814368,0.2384824144248313
2025-08-03 13:00:00,-0.1323701259523816,-0.36902058,0.23665045529304077
2025-08-03 13:30:00,-0.12308648533333351,-0.35698467,0.23389818959723901
2025-08-03 14:00:00,-0.11670530071428734,-0.3456099,0.22890460262128395
2025-08-03 14:30:00,-0.11110516809523663,-0.3351271,0.22402191735207477
2025-08-03 15:00:00,-0.10343104447619184,-0.32573017,0.22229913030370013
2025-08-03 15:30:00,-0.09981705185714064,-0.3174361,0.21761904719528857
2025-08-03 16:00:00,-0.0987165672380952,-0.31012553,0.21140896252798758
2025-08-03 16:30:00,-0.09711406461904716,-0.30360818,0.20649411447336008
2025-08-03 17:00:00,-0.09784156200000126,-0.2976011,0.19975954178265254
2025-08-03 17:30:00,-0.09578199838095237,-0.29181466,0.19603265668458414
2025-08-03 18:00:00,-0.09665997876190574,-0.28591928,0.18925930009818642
2025-08-03 18:30:00,-0.09472348514285651,-0.27963647,0.1849129873207513
2025-08-03 19:00:00,-0.09361532552380951,-0.27275205,0.17913672106127349
2025-08-03 19:30:00,-0.09201501690476004,-0.2651358,0.17312077797324593
2025-08-03 20:00:00,-0.0854283922857153,-0.2566575,0.17122911871014956
2025-08-03 20:30:00,-0.0811014606666686,-0.2472986,0.16619713762282115
2025-08-03 21:00:00,-0.07128838904761828,-0.23714253,0.16585414401627027
2025-08-03 21:30:00,-0.06062163342857329,-0.22623053,0.16560889850235017
2025-08-03 22:00:00,-0.04857408780952432,-0.21469378,0.1661196969042208
2025-08-03 22:30:00,-0.038198560190477765,-0.20279019,0.16459162561865767
2025-08-03 23:00:00,-0.025430269571426987,-0.190818,0.16538772728812348
2025-08-03 23:30:00,-0.015366669952378972,-0.17908496,0.1637182866935866
2025-08-04 00:00:00,-0.0026633363333340328,-0.1679535,0.16529016977876465
2025-08-04 00:30:00,0.013339076285716997,-0.15474872,0.16808779919659805
2025-08-04 01:00:00,0.02511306890476272,-0.14060888,0.16572194584835098
2025-08-04 01:30:00,0.03942578852380924,-0.12787473,0.16730052054132633
2025-08-04 02:00:00,0.05126473814285821,-0.118411556,0.16967629402912682
2025-08-04 02:30:00,0.06256193176190285,-0.11330015,0.17586208388487723
2025-08-04 03:00:00,0.07046684538095287,-0.11274978,0.1832166231152325
2025-08-04 03:30:00,0.07898697799999939,-0.116433226,0.1954202035721086
2025-08-04 04:00:00,0.08623925961904798,-0.12362817,0.20986742891722
2025-08-04 04:30:00,0.09277325223809543,-0.13343802,0.22621127318269077
2025-08-04 05:00:00,0.09695956985714298,-0.14493284,0.24189240615131719
2025-08-04 05:30:00,0.09946838847619073,-0.15726121,0.2567295961759664
2025-08-04 06:00:00,0.10357672409523908,-0.16968875,0.27326547042836136
2025-08-04 06:30:00,0.10189014771428587,-0.18150915,0.2833992997690725
2025-08-04 07:00:00,0.09456694833333322,-0.19221513,0.28678207806641887
2025-08-04 07:30:00,0.08766778495238095,-0.20152514,0.28919292178080347
2025-08-04 08:00:00,0.07825291957142955,-0.20939027,0.28764318730118876
2025-08-04 08:30:00,0.06371112419047638,-0.21580194,0.27951306355872435
2025-08-04 09:00:00,0.05367117080952273,-0.22085913,0.2745302960660611
2025-08-04 09:30:00,0.04206459442857156,-0.22488739,0.2669519803929652
2025-08-04 10:00:00,0.03159293004762029,-0.22695309,0.25854601928483345
2025-08-04 10:30:00,0.02227139666666603,-0.22957958,0.25185097947706797
2025-08-04 11:00:00,0.010037538285713197,-0.23280767,0.2428452043490219
2025-08-04 11:30:00,0.005129995904760849,-0.23668021,0.24181020554144908
2025-08-04 12:00:00,0.0049956545238088144,-0.2412271,0.24622275978370414
2025-08-04 12:30:00,0.0012811371428575156,-0.24646528,0.24774641779490372
2025-08-04 13:00:00,0.0031856987619031073,-0.2524816,0.2556673083448041
2025-08-04 13:30:00,0.0038148653809513327,-0.25935397,0.2631688309018101
2025-08-04 14:00:00,0.007813287000000288,-0.2671074,0.27492068431788663
2025-08-04 14:30:00,0.014116489619049849,-0.2756515,0.28976800414923176
2025-08-04 15:00:00,0.01783368323809702,-0.28277186,0.3006055388308247
2025-08-04 15:30:00,0.021841973857140914,-0.2888044,0.3106463857452635
2025-08-04 16:00:00,0.026028291476188466,-0.2939814,0.32000969458859996
2025-08-04 16:30:00,0.02643338109523834,-0.2985146,0.3249479856637198
2025-08-04 17:00:00,0.023064917714286485,-0.3023158,0.3253807190963513
2025-08-04 17:30:00,0.02571215633333311,-0.30514622,0.33085837367952453
2025-08-04 18:00:00,0.024148649952381706,-0.30666062,0.33080927231070384
2025-08-04 18:30:00,0.021405274571428635,-0.3065357,0.3279409655943016
2025-08-04 19:00:00,0.02047453119047715,-0.3045949,0.3250694353748186
2025-08-04 19:30:00,0.02053795480952426,-0.30072585,0.3212638022922055
2025-08-04 20:00:00,0.021935017428571155,-0.29489467,0.3168296829082312
2025-08-04 20:30:00,0.025347958047618756,-0.28716558,0.31251354022764194
2025-08-04 21:00:00,0.028015065666665603,-0.27763194,0.30564700412415463
2025-08-04 21:30:00,0.03584419128571325,-0.26652622,0.30237041351471716
2025-08-04 22:00:00,0.04431156090476295,-0.25409728,0.2984088437912681
2025-08-04 22:30:00,0.054476167523810105,-0.24064429,0.2951204585670917
2025-08-04 23:00:00,0.0687758621428555,-0.22652645,0.29530231623392755
2025-08-04 23:30:00,0.08125292476190654,-0.21216577,0.293418697676793
2025-08-05 00:00:00,0.09985121538095232,-0.19798607,0.29783728172235246
2025-08-05 00:30:00,0.11508011999999954,-0.18441744,0.2994975614873119
2025-08-05 01:00:00,0.12964117361904778,-0.17199129,0.3016324622810046
2025-08-05 01:30:00,0.14528437623809567,-0.16119377,0.3064781493885397
2025-08-05 02:00:00,0.1628257368571455,-0.15246542,0.3152911548382933
2025-08-05 02:30:00,0.17727372047618772,-0.14610264,0.32337635752872373
2025-08-05 03:00:00,0.18925863409523974,-0.14229892,0.3315575560379506
2025-08-05 03:30:00,0.1981500397142868,-0.14112309,0.33927312592835235
2025-08-05 04:00:00,0.2111720143333354,-0.14253853,0.3537105469480434
2025-08-05 04:30:00,0.21588569995238102,-0.14631352,0.3621992182381324
2025-08-05 05:00:00,0.21553276257142545,-0.15219429,0.36772705392465116
2025-08-05 05:30:00,0.20911355419047611,-0.15986684,0.3689803938377692
2025-08-05 06:00:00,0.20076096880952457,-0.1690151,0.36977606344739533
2025-08-05 06:30:00,0.18875022542856848,-0.17926548,0.3680157096423975
2025-08-05 07:00:00,0.17539597404762028,-0.19017261,0.36556858671470405
2025-08-05 07:30:00,0.1610826436666639,-0.20119955,0.3622821901230009
2025-08-05 08:00:00,0.14528067228571478,-0.21178757,0.3570682388283402
2025-08-05 08:30:00,0.13194177090476278,-0.2213775,0.35331927775691274
2025-08-05 09:00:00,0.11332532552380935,-0.22940718,0.34273250189919846
2025-08-05 09:30:00,0.09780690714285711,-0.23715064,0.3349575464384351
2025-08-05 10:00:00,0.08447568076190581,-0.24445984,0.3289355184370004
2025-08-05 10:30:00,0.07190015638095108,-0.2505216,0.32242175662738054
2025-08-05 11:00:00,0.06193599099999895,-0.25512573,0.3170617222297811
2025-08-05 11:30:00,0.05365919361904716,-0.25841707,0.31207626353100393
2025-08-05 12:00:00,0.048247308238096705,-0.26082644,0.3090737469034867
2025-08-05 12:30:00,0.03675173885714175,-0.2628912,0.2996429420221961
2025-08-05 13:00:00,0.02721709047619126,-0.265168,0.29238510166469833
2025-08-05 13:30:00,0.021383363095238122,-0.26817062,0.2895539880666279
2025-08-05 14:00:00,0.018170863714283808,-0.27224407,0.2904149297142685
2025-08-05 14:30:00,0.017589461333334486,-0.27760878,0.2951982433863283
2025-08-05 15:00:00,0.02054314695237967,-0.28245506,0.30299820385812615
2025-08-05 15:30:00,0.018211744571427865,-0.28699824,0.30520998671124416
2025-08-05 16:00:00,0.01841358819047602,-0.29175138,0.3101649729255834
2025-08-05 16:30:00,0.01833420380952411,-0.2970329,0.3153670965135341
2025-08-05 17:00:00,0.01418468842856945,-0.30273083,0.3169155169522053
2025-08-05 17:30:00,0.008707015047618874,-0.30847672,0.3171837313276024
2025-08-05 18:00:00,-7.728133333333086e-05,-0.3138954,0.3138181230055033
2025-08-05 18:30:00,-0.011121401714287407,-0.31862354,0.30750214107135715
2025-08-05 19:00:00,-0.022130303095237707,-0.32241613,0.30028582363282014
2025-08-05 19:30:00,-0.0350396874761915,-0.32511422,0.29007453290459156
2025-08-05 20:00:00,-0.04937056185714311,-0.32663628,0.27726572273262434
2025-08-05 20:30:00,-0.06061792823809717,-0.32696742,0.26634948995571994
2025-08-05 21:00:00,-0.07081603961904907,-0.3260713,0.25525525254289244
2025-08-05 21:30:00,-0.07616077399999946,-0.32387906,0.2477182891294256
2025-08-05 22:00:00,-0.07771660538095189,-0.32037523,0.24265862850767422
2025-08-05 22:30:00,-0.07485077076190647,-0.31556344,0.2407126695609695
2025-08-05 23:00:00,-0.06962739214285714,-0.30950472,0.23987732544556756
2025-08-05 23:30:00,-0.06196094352381132,-0.302424,0.24046307009084322
2025-08-06 00:00:00,-0.051216205904762814,-0.2946423,0.24342609350891822
2025-08-06 00:30:00,-0.036496994285714575,-0.28665507,0.2501580741118074
2025-08-06 01:00:00,-0.02269177366666502,-0.27899083,0.25629906128473573
2025-08-06 01:30:00,-0.006616860047620816,-0.2722149,0.2655980294787464
2025-08-06 02:00:00,0.009992965571429499,-0.2669,0.27689296852781986
2025-08-06 02:30:00,0.02387849319047809,-0.26362187,0.2875003598935115
2025-08-06 03:00:00,0.037824327809523786,-0.2628752,0.3006995271274559
2025-08-06 03:30:00,0.051848144428570414,-0.2650023,0.31685045470460194
2025-08-06 04:00:00,0.0672101190476191,-0.27012786,0.33733798173949836
2025-08-06 04:30:00,0.07710117266666647,-0.2782217,0.3553228692818856
2025-08-06 05:00:00,0.07779516528571408,-0.28904587,0.36684103558982173
2025-08-06 05:30:00,0.07589547390476119,-0.30224743,0.37814290875926865
2025-08-06 06:00:00,0.0678768795238091,-0.31730193,0.3851788085208489
2025-08-06 06:30:00,0.054801531142857664,-0.33361384,0.38841537386861147
2025-08-06 07:00:00,0.04379262976190261,-0.3505255,0.3943181281521004
2025-08-06 07:30:00,0.031227105380950568,-0.36731178,0.39853888106530727
2025-08-06 08:00:00,0.013024827000000837,-0.3832434,0.39626823877940454
2025-08-06 08:30:00,-0.0029000833809544073,-0.3976852,0.394785116595013
2025-08-06 09:00:00,-0.018684379761904873,-0.40972528,0.3910408988540467
2025-08-06 09:30:00,-0.036447272142856285,-0.42071748,0.38427020565560566
2025-08-06 10:00:00,-0.049858674523809224,-0.42860717,0.37874849128963683
2025-08-06 10:30:00,-0.06291099790476287,-0.4327696,0.36985859867192783
2025-08-06 11:00:00,-0.0723753392857127,-0.43538567,0.36301033495249224
2025-08-06 11:30:00,-0.07931630366666571,-0.43712068,0.3578043723739837
2025-08-06 12:00:00,-0.0829002070476188,-0.43833497,0.35543476461871726
2025-08-06 12:30:00,-0.09109902242857225,-0.43930107,0.3482020511226057
2025-08-06 13:00:00,-0.09746985580952272,-0.44027692,0.34280706498591795
2025-08-06 13:30:00,-0.10168652219047745,-0.44147524,0.33978872018585005
2025-08-06 14:00:00,-0.09845380257142645,-0.44310296,0.34464915324674983
2025-08-06 14:30:00,-0.09340845095238164,-0.44530398,0.35189552558341547
2025-08-06 15:00:00,-0.08822248533333335,-0.44630578,0.3580832962695262
2025-08-06 15:30:00,-0.08451296671428342,-0.44627032,0.3617573501249347
2025-08-06 16:00:00,-0.08050235109523754,-0.4459007,0.36539835734172843
2025-08-06 16:30:00,-0.078269279476189,-0.44566897,0.3673996861018902
2025-08-06 17:00:00,-0.07843432085714254,-0.44568473,0.3672504101494798
2025-08-06 17:30:00,-0.08166217023809351,-0.44578227,0.3641201037697037
2025-08-06 18:00:00,-0.08342892261904664,-0.4456845,0.36225556996899655
2025-08-06 18:30:00,-0.09033260499999815,-0.44504514,0.3547125383658618
2025-08-06 19:00:00,-0.094060278380951,-0.44361022,0.34954994276658624
2025-08-06 19:30:00,-0.10163948676190478,-0.4411399,0.3395004198829164
2025-08-06 20:00:00,-0.10762685314285865,-0.43743676,0.3298099063290347
2025-08-06 20:30:00,-0.11190163252380719,-0.43223754,0.32033590319129596
2025-08-06 21:00:00,-0.11499654290476141,-0.42528173,0.3102851903696984
2025-08-06 21:30:00,-0.1138180762857116,-0.41633764,0.30251956280768744
2025-08-06 22:00:00,-0.11158500466666652,-0.40523008,0.29364507045425936
2025-08-06 22:30:00,-0.10387346804761939,-0.39189225,0.2880187863049502
2025-08-06 23:00:00,-0.09793715042857022,-0.37635782,0.2784206731817356
2025-08-06 23:30:00,-0.08523149180952286,-0.35884136,0.2736098678058031
2025-08-07 00:00:00,-0.07107473619047604,-0.3396522,0.26857747428353823
2025-08-07 00:30:00,-0.054304427571428934,-0.31924897,0.26494454675184376
2025-08-07 01:00:00,-0.03953025895238057,-0.2982794,0.2587491456878172
2025-08-07 01:30:00,-0.020791354333333043,-0.27749243,0.25670107945305914
2025-08-07 02:00:00,0.0017089092857145347,-0.25769684,0.2594057464725279
2025-08-07 02:30:00,0.021572725904761003,-0.2396724,0.26124511851149623
2025-08-07 03:00:00,0.04014347252380845,-0.2241361,0.26427957174313066
2025-08-07 03:30:00,0.05892514014285744,-0.211706,0.27063113772910774
2025-08-07 04:00:00,0.07891422076190599,-0.2028275,0.28174171907867085
2025-08-07 04:30:00,0.08711023138095014,-0.19775201,0.2848622451834785
2025-08-07 05:00:00,0.09280054000000303,-0.19657433,0.28937487032989806
2025-08-07 05:30:00,0.09272115561904896,-0.19913083,0.2918519887680053
2025-08-07 06:00:00,0.08623164023809511,-0.20506653,0.2912981721346863
2025-08-07 06:30:00,0.07669151085714075,-0.2138637,0.2905552114854214
2025-08-07 07:00:00,0.06263967047619237,-0.22483456,0.28747423182415377
2025-08-07 07:30:00,0.04838445309523928,-0.23729454,0.2856789929044663
2025-08-07 08:00:00,0.031271998714286854,-0.2504998,0.2817718134630509
2025-08-07 08:30:00,0.01434292133333248,-0.26361793,0.27796085412981075
2025-08-07 09:00:00,-0.007246156047620095,-0.27585477,0.2686086103212459
2025-08-07 09:30:00,-0.02466738242857263,-0.2865408,0.2618734238649149
2025-08-07 10:00:00,-0.040092468809523406,-0.29684913,0.2567566627746441
2025-08-07 10:30:00,-0.05582632719047558,-0.30367956,0.24785322846405017
2025-08-07 11:00:00,-0.06668913357143062,-0.30835876,0.24166962511654239
2025-08-07 11:30:00,-0.0780440889523808,-0.31099454,0.23295044673220477
2025-08-07 12:00:00,-0.08079198333333484,-0.31186402,0.23107203510691174
2025-08-07 12:30:00,-0.09109233371428545,-0.31134123,0.2202488923866362
2025-08-07 13:00:00,-0.09865838609523811,-0.30990213,0.2112437454622265
2025-08-07 13:30:00,-0.10049228947619174,-0.30803204,0.20753974635144498
2025-08-07 14:00:00,-0.09831417485714161,-0.30613688,0.20782270148753917
2025-08-07 14:30:00,-0.09172974423809414,-0.3046227,0.212892965513035
2025-08-07 15:00:00,-0.08506733161904619,-0.30382046,0.2187531294157286
2025-08-07 15:30:00,-0.076783339000001,-0.30247104,0.22568770267938132
2025-08-07 16:00:00,-0.07167535538095192,-0.30059144,0.22891608362776084
2025-08-07 16:30:00,-0.06697934476190452,-0.29862052,0.23164117726034278
2025-08-07 17:00:00,-0.06461333414285796,-0.2969226,0.23230926016599518
2025-08-07 17:30:00,-0.06413026252380974,-0.2956397,0.2315094312132203
2025-08-07 18:00:00,-0.06540486590476126,-0.29477835,0.22937348111061961
2025-08-07 18:30:00,-0.06899192528571277,-0.2942924,0.22530046506081433
2025-08-07 19:00:00,-0.07715113366666748,-0.29410145,0.21695031320032165
2025-08-07 19:30:00,-0.08522249104762072,-0.2941772,0.20895471332287793
2025-08-07 20:00:00,-0.09191525242857113,-0.29436654,0.20245128609605656
2025-08-07 20:30:00,-0.10089292580952319,-0.29439807,0.19350514357219067
2025-08-07 21:00:00,-0.10883353819047609,-0.2939538,0.1851202679714044
2025-08-07 21:30:00,-0.11115507157142906,-0.29266188,0.18150680391494484
2025-08-07 22:00:00,-0.11157831595237841,-0.29009867,0.17852035119239698
2025-08-07 22:30:00,-0.1107437093333312,-0.28585163,0.17510791825494088
2025-08-07 23:00:00,-0.10872923371428492,-0.27962857,0.17089934113389013
2025-08-07 23:30:00,-0.10058818009523787,-0.27121934,0.17063116285176835
2025-08-08 00:00:00,-0.0886635734761916,-0.26056665,0.1719030783449449
2025-08-08 00:30:00,-0.07632712485714317,-0.24777667,0.1714495473869288
2025-08-08 01:00:00,-0.0603577372380952,-0.23318794,0.1728302064588805
2025-08-08 01:30:00,-0.04162650761904837,-0.21729665,0.17567013742623208
2025-08-08 02:00:00,-0.024461901000001222,-0.20077756,0.17631565947248717
2025-08-08 02:30:00,-0.00031703238095346763,-0.18450736,0.18419032271300254
2025-08-08 03:00:00,0.021347222238096358,-0.16935992,0.19070714464715396
2025-08-08 03:30:00,0.043797047857144354,-0.15620773,0.20000477326283742
2025-08-08 04:00:00,0.06355533847618898,-0.14579883,0.20935417065430484
2025-08-08 04:30:00,0.07766933109523648,-0.13874918,0.21641851331951018
2025-08-08 05:00:00,0.08479319271428758,-0.13539967,0.2201928621230858
2025-08-08 05:30:00,0.08837196633333241,-0.1358949,0.22426686093324696
2025-08-08 06:00:00,0.0838709159523792,-0.14010623,0.22397714692657658
2025-08-08 06:30:00,0.07493065557142944,-0.14769143,0.22262208423277588
2025-08-08 07:00:00,0.06383390319047809,-0.1581469,0.22198080610929372
2025-08-08 07:30:00,0.04901622980952358,-0.17078787,0.21980410069346523
2025-08-08 08:00:00,0.030778863428571782,-0.18486863,0.2156474971756726
2025-08-08 08:30:00,0.007967023047617821,-0.19961655,0.20758357444684877
2025-08-08 09:00:00,-0.015108370333331948,-0.21426693,0.1991585557168542
2025-08-08 09:30:00,-0.04051389471428468,-0.23029241,0.18977851494414733
2025-08-08 10:00:00,-0.061419771095236025,-0.2490072,0.18758742413906268
2025-08-08 10:30:00,-0.07691735847618991,-0.26644602,0.1895286657032687
2025-08-08 11:00:00,-0.09306538385714579,-0.28042135,0.18735596256886433
2025-08-08 11:30:00,-0.10644389223809522,-0.2900326,0.18358870315794665
2025-08-08 12:00:00,-0.11570731261904747,-0.29520124,0.17949392935101477
2025-08-08 12:30:00,-0.1239863040000017,-0.29642043,0.17243412117661877
2025-08-08 13:00:00,-0.1333200313809503,-0.29436305,0.16104302027195802
2025-08-08 13:30:00,-0.13844068876190577,-0.2898055,0.15136481293754186
2025-08-08 14:00:00,-0.14530915214285656,-0.28356788,0.13825872348084645
2025-08-08 14:30:00,-0.15212485252380833,-0.2765291,0.12440425099372401
2025-08-08 15:00:00,-0.1594228329047616,-0.2681764,0.10875357371717137
2025-08-08 15:30:00,-0.1670998922857131,-0.25905132,0.09195143065129863
2025-08-08 16:00:00,-0.1778297596666662,-0.25047687,0.07264710729385931
2025-08-08 16:30:00,-0.187807081047616,-0.24375072,0.05594364016858577
2025-08-08 17:00:00,-0.20164580642857205,-0.23986149,0.038215681913713107
2025-08-08 17:30:00,-0.21500238280952225,-0.23949419,0.02449180681049576
2025-08-08 18:00:00,-0.22875545119047663,-0.24299201,0.014236562502379202
2025-08-08 18:30:00,-0.24251619457142828,-0.25038254,0.007866348038740173
2025-08-08 19:00:00,-0.2529198769523826,-0.26141366,0.008493786673334558
2025-08-08 19:30:00,-0.26857123433333463,-0.2755222,0.006950967920007045
2025-08-08 20:00:00,-0.28098846971428504,-0.29201904,0.011030569678186275
2025-08-08 20:30:00,-0.29518873009523844,-0.31010792,0.014919186498313197
2025-08-08 21:00:00,-0.3104105704761901,-0.32891956,0.01850898924098826
2025-08-08 21:30:00,-0.3206713138571428,-0.34758893,0.026917612696583382
2025-08-08 22:00:00,-0.32900854923809647,-0.36529034,0.03628179452334762
2025-08-08 22:30:00,-0.33613082761904767,-0.3812806,0.04514977340558002
2025-08-08 23:00:00,-0.3406318779999987,-0.3949148,0.054282927889130916
2025-08-08 23:30:00,-0.3397269643809521,-0.40567383,0.06594686732032656
2025-08-09 00:00:00,-0.33482990176190547,-0.4132338,0.07840388505945989
2025-08-09 00:30:00,-0.32759283914285614,-0.4205117,0.09291885361951874
2025-08-09 01:00:00,-0.31482687352380906,-0.4264979,0.11167103292264785
2025-08-09 01:30:00,-0.299904415904763,-0.4299139,0.1300094923384163
2025-08-09 02:00:00,-0.2810347662857147,-0.43018645,0.14915168419570007
2025-08-09 02:30:00,-0.26076678266666936,-0.4275057,0.16673891911364985
2025-08-09 03:00:00,-0.23838726404761904,-0.42276925,0.18438198443794615
2025-08-09 03:30:00,-0.2196912534285721,-0.41721177,0.19752051758278044
2025-08-09 04:00:00,-0.19878818180952398,-0.4121817,0.21339352342691095
2025-08-09 04:30:00,-0.1794241891904755,-0.40886948,0.22944528593579097
2025-08-09 05:00:00,-0.17172032757142866,-0.40817636,0.2364560349430672
2025-08-09 05:30:00,-0.16886984295238205,-0.41074654,0.24187670164715103
2025-08-09 06:00:00,-0.16937874433333258,-0.41692,0.24754126194184442
2025-08-09 06:30:00,-0.17311409271428482,-0.42666566,0.25355157100489245
2025-08-09 07:00:00,-0.18356821309524002,-0.4396415,0.2560732923845726
2025-08-09 07:30:00,-0.19642264047618938,-0.4553122,0.25888955196384356
2025-08-09 08:00:00,-0.21511706785714374,-0.47297305,0.25785598082983746
2025-08-09 08:30:00,-0.2324557932380935,-0.49182367,0.2593678800101975
2025-08-09 09:00:00,-0.2559685096190469,-0.51184684,0.25587833076257543
2025-08-09 09:30:00,-0.27730157800000177,-0.5312902,0.25398859553057684
2025-08-09 10:00:00,-0.2966035493809537,-0.5494683,0.252864729503934
2025-08-09 10:30:00,-0.3187726267619055,-0.566087,0.24731438076067752
2025-08-09 11:00:00,-0.34031126614285717,-0.58073527,0.2404240000657915
2025-08-09 11:30:00,-0.35639665952380967,-0.5929494,0.2365527308875673
2025-08-09 12:00:00,-0.36817345690476166,-0.6022773,0.23410382199538482
2025-08-09 12:30:00,-0.38046227228571416,-0.6083589,0.22789664733479975
2025-08-09 13:00:00,-0.389020297666666,-0.6110299,0.2220096252955227
2025-08-09 13:30:00,-0.39090463904761924,-0.6103403,0.2194356581745182
2025-08-09 14:00:00,-0.39771266442857117,-0.6065271,0.20881442564406066
2025-08-09 14:30:00,-0.3955422248095235,-0.600101,0.20455876930058392
2025-08-09 15:00:00,-0.3933091531904758,-0.5916524,0.19834324015058863
2025-08-09 15:30:00,-0.3887460815714286,-0.581884,0.1931379449559762
2025-08-09 16:00:00,-0.3839193259523813,-0.57151055,0.18759122740760403
2025-08-09 16:30:00,-0.37641871033333274,-0.5611811,0.1847624176917222
2025-08-09 17:00:00,-0.37070098871428536,-0.5514832,0.1807822251872344
2025-08-09 17:30:00,-0.3677526530952372,-0.5428865,0.17513384249497277
2025-08-09 18:00:00,-0.36560523847619025,-0.5357231,0.1701178516956237
2025-08-09 18:30:00,-0.36519027985714286,-0.5301702,0.16497992239810616
2025-08-09 19:00:00,-0.37067562823809547,-0.5262896,0.15561395401440697
2025-08-09 19:30:00,-0.37870957261904764,-0.5241075,0.14539794319287253
2025-08-09 20:00:00,-0.3862184740000003,-0.52349716,0.13727869024941985
2025-08-09 20:30:00,-0.39396584038095334,-0.5242424,0.13027656074209354
2025-08-09 21:00:00,-0.4015527237619043,-0.5259767,0.1244239937101721
2025-08-09 21:30:00,-0.41188377414285815,-0.5282292,0.11634540285528028
2025-08-09 22:00:00,-0.4207988155238107,-0.53052247,0.10972365018206087
2025-08-09 22:30:00,-0.4277628049047628,-0.53238285,0.10462004097383826
2025-08-09 23:00:00,-0.43372495228571517,-0.53330374,0.09957878535466569
2025-08-09 23:30:00,-0.43583556466666573,-0.5328407,0.0970051640930999
2025-08-10 00:00:00,-0.4341649490476199,-0.53066564,0.0965006870150022
2025-08-10 00:30:00,-0.4302598594285711,-0.5265783,0.09631844772322334
2025-08-10 01:00:00,-0.4219781918095249,-0.520536,0.09855781368745387
2025-08-10 01:30:00,-0.40635266419047694,-0.5126948,0.10634211186772008
2025-08-10 02:00:00,-0.3943577505714283,-0.5033713,0.10901354774171257
2025-08-10 02:30:00,-0.3743083629523809,-0.49312022,0.1188118603313868
2025-08-10 03:00:00,-0.3535382303333334,-0.4825892,0.1290509549045511
2025-08-10 03:30:00,-0.3318190187142852,-0.47249615,0.1406771332098481
2025-08-10 04:00:00,-0.3126033150952374,-0.46356642,0.15096310736722596
2025-08-10 04:30:00,-0.29254392747618824,-0.4565404,0.16399647827408642
2025-08-10 05:00:00,-0.27348870685714416,-0.45202968,0.17854096838814087
2025-08-10 05:30:00,-0.2580542312380941,-0.45036048,0.19230624573257848
2025-08-10 06:00:00,-0.2435612906190467,-0.4516056,0.20804429757866144
2025-08-10 06:30:00,-0.2360760249999999,-0.4555831,0.2195070705505372
2025-08-10 07:00:00,-0.22878400538095264,-0.4619651,0.23318110849729748
2025-08-10 07:30:00,-0.227753827761907,-0.47020566,0.2424518368727976
2025-08-10 08:00:00,-0.2283154921428591,-0.47964984,0.25133434964257184
2025-08-10 08:30:00,-0.23001193752381027,-0.48958695,0.25957501182463943
2025-08-10 09:00:00,-0.23607728590476465,-0.4992719,0.2631946135569816
2025-08-10 09:30:00,-0.23931281028571458,-0.507974,0.2686612183016267
2025-08-10 10:00:00,-0.2502086416666679,-0.5149806,0.26477197251866535
2025-08-10 10:30:00,-0.25266311404761893,-0.5197801,0.2671169853443183
2025-08-10 11:00:00,-0.2572894284285712,-0.5218446,0.26455519704445124
2025-08-10 11:30:00,-0.2599020588095222,-0.5207471,0.260845066339251
2025-08-10 12:00:00,-0.2583567071904759,-0.5162264,0.2578697036753078
2025-08-10 12:30:00,-0.2542956535714274,-0.508158,0.2538623745543355
2025-08-10 13:00:00,-0.24467047795238173,-0.4965666,0.25189611569462145
2025-08-10 13:30:00,-0.2324845123333343,-0.4815767,0.24909219860607304
2025-08-10 14:00:00,-0.21766964371428477,-0.46355042,0.24588077490105642
2025-08-10 14:30:00,-0.1998645990952383,-0.44292337,0.24305876792822972
2025-08-10 15:00:00,-0.18182876447618834,-0.42032027,0.23849150796949037
2025-08-10 15:30:00,-0.16310753485714377,-0.3965038,0.233396271257053
2025-08-10 16:00:00,-0.14481569123809657,-0.37228784,0.22747214841301122
2025-08-10 16:30:00,-0.12652397861904588,-0.3485307,0.22200673112445388
2025-08-10 17:00:00,-0.11195073099999853,-0.3260398,0.2140890601071792
2025-08-10 17:30:00,-0.09526840438094986,-0.30553737,0.21026896844658005
2025-08-10 18:00:00,-0.0846169987619054,-0.28754398,0.20292698350547436
2025-08-10 18:30:00,-0.07621006714285582,-0.27242112,0.1962110544544342
2025-08-10 19:00:00,-0.07230497752380918,-0.26034397,0.18803899134444643
2025-08-10 19:30:00,-0.06992909790476164,-0.25127125,0.18134214995900788
2025-08-10 20:00:00,-0.0716958502857139,-0.2449664,0.17327055236416555
2025-08-10 20:30:00,-0.07444690066666551,-0.24105494,0.1666080365767961
2025-08-10 21:00:00,-0.08035628504761888,-0.23906083,0.15870454900255965
2025-08-10 21:30:00,-0.08618549342857319,-0.23843956,0.15225406650795026
2025-08-10 22:00:00,-0.0952586928095253,-0.23858996,0.14333126454692763
2025-08-10 22:30:00,-0.10268961219047576,-0.23891439,0.13622477324748963
2025-08-10 23:00:00,-0.10739390857142984,-0.2387897,0.13139579885082664
2025-08-10 23:30:00,-0.11317267895238026,-0.23763148,0.12445880591376202
2025-08-11 00:00:00,-0.11261162533333241,-0.23493408,0.12232245133349956
2025-08-11 00:30:00,-0.11156609771428451,-0.22592025,0.11435414733709946
2025-08-11 01:00:00,-0.10540350909523671,-0.21255903,0.1071555203647166
2025-08-11 01:30:00,-0.09654938547619071,-0.19721554,0.10066615672103676
2025-08-11 02:00:00,-0.08141600685714524,-0.18173626,0.10032025379539687
2025-08-11 02:30:00,-0.06409543623809537,-0.16718554,0.103090108729556
2025-08-11 03:00:00,-0.0459288566190455,-0.15409917,0.10817030977423453
2025-08-11 03:30:00,-0.023137496000000334,-0.14275081,0.11961331855707516
2025-08-11 04:00:00,0.0015544786190461446,-0.13326353,0.13481800696606153
2025-08-11 04:30:00,0.019793559238094376,-0.12570846,0.14550202004589466
2025-08-11 05:00:00,0.033591104857144095,-0.12026961,0.15386071633499596
2025-08-11 05:30:00,0.04696680847618941,-0.11720328,0.1641700888058937
2025-08-11 06:00:00,0.05307895909523677,-0.11674236,0.16982131670689296
2025-08-11 06:30:00,0.056280978714285404,-0.11909819,0.1753791652072053
2025-08-11 07:00:00,0.05156900733333581,-0.12437019,0.17593919485431664
2025-08-11 07:30:00,0.044524710952379074,-0.13257527,0.17709998446617303
2025-08-11 08:00:00,0.03414857257142826,-0.14353964,0.17768820989862247
2025-08-11 08:30:00,0.019403531190476404,-0.1569312,0.17633473777445316
2025-08-11 09:00:00,-0.0012518171904750911,-0.17232151,0.17106969610469855
2025-08-11 09:30:00,-0.02242672757143,-0.18918101,0.16675428732400915
2025-08-11 10:00:00,-0.04461347995238086,-0.20690976,0.1622962808804057
2025-08-11 10:30:00,-0.0677515053333349,-0.22477454,0.1570230341373377
2025-08-11 11:00:00,-0.08922751271428535,-0.24213088,0.15290336287317802
2025-08-11 11:30:00,-0.11112755609523961,-0.25839135,0.1472637944124966
2025-08-11 12:00:00,-0.1273106694761911,-0.27301806,0.14570739263852447
2025-08-11 12:30:00,-0.1466697918571447,-0.2855768,0.13890699871406806
2025-08-11 13:00:00,-0.16330229123809417,-0.29580423,0.13250194112083832
2025-08-11 13:30:00,-0.1757843526190466,-0.3036522,0.12786784450352726
2025-08-11 14:00:00,-0.1760593079999978,-0.30920509,0.133145777039141
2025-08-11 14:30:00,-0.17402948238095098,-0.3125963,0.13856680892268367
2025-08-11 15:00:00,-0.16420873576190645,-0.31345442,0.1492456836125595
2025-08-11 15:30:00,-0.15102860314285826,-0.31068495,0.15965634601676393
2025-08-11 16:00:00,-0.1394127685238108,-0.3051534,0.16574063118207605
2025-08-11 16:30:00,-0.1225095209047635,-0.29811928,0.17560975585724517
2025-08-11 17:00:00,-0.10836811528571548,-0.2906138,0.1822456850015312
2025-08-11 17:30:00,-0.09342578866666487,-0.28342003,0.18999423763567277
2025-08-11 18:00:00,-0.08075315504761842,-0.2772104,0.19645725936201902
2025-08-11 18:30:00,-0.07254714442857244,-0.27252308,0.1999759309136059
2025-08-11 19:00:00,-0.062054027809522766,-0.26989195,0.2078379196983355
2025-08-11 19:30:00,-0.05862354319047607,-0.2696945,0.21107096393156372
2025-08-11 20:00:00,-0.058936873571427746,-0.2722362,0.21329932461544665
2025-08-11 20:30:00,-0.06035976595238301,-0.2776171,0.21725733094855693
2025-08-11 21:00:00,-0.06303283433333196,-0.28574225,0.2227094187317773
2025-08-11 21:30:00,-0.0678151127142874,-0.2962816,0.22846649324465118
2025-08-11 22:00:00,-0.07153511109523696,-0.30873373,0.23719862041301804
2025-08-11 22:30:00,-0.07772572347618953,-0.32240963,0.24468390634558781
2025-08-11 23:00:00,-0.08305510785714153,-0.3365344,0.2534793028579616
2025-08-11 23:30:00,-0.0894489662380954,-0.35031345,0.2608644886283139
2025-08-12 00:00:00,-0.09155190361904655,-0.36293867,0.2713867686851069
2025-08-12 00:30:00,-0.08910023599999878,-0.37366945,0.2845692095146802
2025-08-12 01:00:00,-0.08826562938095157,-0.38181683,0.2935512048303979
2025-08-12 01:30:00,-0.08034536576190492,-0.38687634,0.3065309789188812
2025-08-12 02:00:00,-0.07304799614285674,-0.388508,0.31545999588633333
2025-08-12 02:30:00,-0.06212755652380917,-0.38668492,0.3245573678402808
2025-08-12 03:00:00,-0.04570110790476294,-0.38160664,0.3359055305267861
2025-08-12 03:30:00,-0.02754452828571662,-0.37363422,0.34608969088390007
2025-08-12 04:00:00,-0.0028525536666658257,-0.36338362,0.3605310673107359
2025-08-12 04:30:00,0.014321921952385323,-0.35160074,0.3659226583320087
2025-08-12 05:00:00,0.02700455557142886,-0.339163,0.3661675609234491
2025-08-12 05:30:00,0.03932565419047546,-0.3270089,0.36633455721705627
2025-08-12 06:00:00,0.045264165809522756,-0.3160837,0.3613478652743207
2025-08-12 06:30:00,0.04945048342857031,-0.30722374,0.3566742206684079
2025-08-12 07:00:00,0.04789465204761916,-0.30109662,0.34899127022312576
2025-08-12 07:30:00,0.04297943466666655,-0.2981772,0.3411566471433969
2025-08-12 08:00:00,0.03854869128571356,-0.29870743,0.3372561168800434
2025-08-12 08:30:00,0.023178561904763775,-0.3026525,0.32583106992516475
2025-08-12 09:00:00,0.006269353523807891,-0.30981222,0.3160815714746288
2025-08-12 09:30:00,-0.013682924857143024,-0.3212192,0.30753628099918023
2025-08-12 10:00:00,-0.03269818723809359,-0.3356888,0.3029906123815811
2025-08-12 10:30:00,-0.05598450161904751,-0.3516077,0.29562320850401463
2025-08-12 11:00:00,-0.07787467599999949,-0.36799446,0.29011978148329215
2025-08-12 11:30:00,-0.09814778938095221,-0.3842431,0.28609531150062434
2025-08-12 12:00:00,-0.11623138576190675,-0.39985007,0.28361868471462526
2025-08-12 12:30:00,-0.1380435781428574,-0.41436836,0.2763247830918075
2025-08-12 13:00:00,-0.15851993752380925,-0.4273384,0.2688184540186255
2025-08-12 13:30:00,-0.16995506890476192,-0.43830392,0.26834884874164616
2025-08-12 14:00:00,-0.17865603328571536,-0.44679126,0.2681352281488397
2025-08-12 14:30:00,-0.1767591466666657,-0.45250425,0.275745100760321
2025-08-12 15:00:00,-0.1733934880476184,-0.45367593,0.28028243768404054
2025-08-12 15:30:00,-0.16450427642857293,-0.4500358,0.28553153404200815
2025-08-12 16:00:00,-0.15067151180952332,-0.4428946,0.2922230959728406
2025-08-12 16:30:00,-0.13897550119047722,-0.4331733,0.2941977976452772
2025-08-12 17:00:00,-0.12383212257143036,-0.4216138,0.29778168987516385
2025-08-12 17:30:00,-0.10870641895238214,-0.40878096,0.3000745432763929
2025-08-12 18:00:00,-0.0953230403333344,-0.39526913,0.29994608536666256
2025-08-12 18:30:00,-0.08234930971428292,-0.38175613,0.29940681716636286
2025-08-12 19:00:00,-0.07324698309523733,-0.36897078,0.29572379846947516
2025-08-12 19:30:00,-0.06568141047618851,-0.35773712,0.2920557134900285
2025-08-12 20:00:00,-0.06472921485714123,-0.34872723,0.283998011400183
2025-08-12 20:30:00,-0.06810535323809594,-0.34247914,0.27437378632832554
2025-08-12 21:00:00,-0.07203627261904748,-0.33934236,0.2673060831091019
2025-08-12 21:30:00,-0.07999455999999901,-0.33945012,0.2594555609259043
2025-08-12 22:00:00,-0.08939407538095204,-0.34270462,0.2533105485566548
2025-08-12 22:30:00,-0.1026549947619044,-0.34878492,0.2461299287915624
2025-08-12 23:00:00,-0.11685744914285721,-0.35721293,0.24035548177488264
2025-08-12 23:30:00,-0.12631192152380952,-0.36736947,0.24105755145668975
2025-08-13 00:00:00,-0.13536977090476152,-0.37844995,0.24308017573716048
2025-08-13 00:30:00,-0.14238871728571545,-0.38963097,0.24724225605336536
2025-08-13 01:00:00,-0.14732380366666786,-0.40013883,0.2528150215114785
2025-08-13 01:30:00,-0.1505516530476188,-0.40923402,0.25868236408609396
2025-08-13 02:00:00,-0.14684980942857132,-0.4163432,0.26949340269911426
2025-08-13 02:30:00,-0.14184722080952367,-0.42098582,0.27913859709971706
2025-08-13 03:00:00,-0.13324691219047852,-0.42291573,0.2896688147096222
2025-08-13 03:30:00,-0.12308998057143032,-0.42213523,0.299045253307659
2025-08-13 04:00:00,-0.10646028595238066,-0.41889045,0.3124301604721036
2025-08-13 04:30:00,-0.09315488933333342,-0.41365206,0.3204971730827432
2025-08-13 05:00:00,-0.08144668471428868,-0.40704086,0.3255941795149136
2025-08-13 05:30:00,-0.07593988409523642,-0.39975438,0.32381449112410865
2025-08-13 06:00:00,-0.07082970647619222,-0.39261645,0.32178674431039833
2025-08-13 06:30:00,-0.06923487885714315,-0.38642374,0.31718885795354107
2025-08-13 07:00:00,-0.06954053423809413,-0.38192505,0.31238451220584507
2025-08-13 07:30:00,-0.07025268161904638,-0.3797187,0.30946600949156455
2025-08-13 08:00:00,-0.07623237300000128,-0.38022503,0.3039926595679766
2025-08-13 08:30:00,-0.08577250238095002,-0.38373607,0.29796357158984466
2025-08-13 09:00:00,-0.09854127276190465,-0.39026314,0.29172186743966394
2025-08-13 09:30:00,-0.11434543814285707,-0.39958823,0.2852427891291766
2025-08-13 10:00:00,-0.13299697152380954,-0.41281828,0.2798213113188266
2025-08-13 10:30:00,-0.148934075904763,-0.42881107,0.2798769973984596
2025-08-13 11:00:00,-0.16921486428571472,-0.44607636,0.27686149903940427
2025-08-13 11:30:00,-0.18969657366666443,-0.46370313,0.2740065520485913
2025-08-13 12:00:00,-0.2098917050476201,-0.4811983,0.27130660580443067
2025-08-13 12:30:00,-0.22911021342857238,-0.4982351,0.2691248930396283
2025-08-13 13:00:00,-0.25196701080952294,-0.51443344,0.2624664327367722
2025-08-13 13:30:00,-0.26943551919047576,-0.5293809,0.25994539835865754
2025-08-13 14:00:00,-0.27997433457142884,-0.54265153,0.26267719950907653
2025-08-13 14:30:00,-0.2809446849523812,-0.5537964,0.27285172560822674
2025-08-13 15:00:00,-0.2789148593333344,-0.56098604,0.2820711826893707
2025-08-13 15:30:00,-0.2775177967142866,-0.5644704,0.28695261363269825
2025-08-13 16:00:00,-0.26903823309523955,-0.5641038,0.2950655490817319
2025-08-13 16:30:00,-0.2574751614761902,-0.5598521,0.30237696178430784
2025-08-13 17:00:00,-0.24634160685714296,-0.55198073,0.305639127014317
2025-08-13 17:30:00,-0.23127621023809658,-0.541199,0.3099228182538773
2025-08-13 18:00:00,-0.21795326961904724,-0.5284577,0.31050443158716
2025-08-13 18:30:00,-0.20485646899999913,-0.51484853,0.3099920612925119
2025-08-13 19:00:00,-0.19190260738095347,-0.5014757,0.3095730844143957
2025-08-13 19:30:00,-0.18256949076190568,-0.48934662,0.3067771326588097
2025-08-13 20:00:00,-0.17123269014285583,-0.47932076,0.3080880743987702
2025-08-13 20:30:00,-0.16388036352380927,-0.47190917,0.30802880185857595
2025-08-13 21:00:00,-0.15997527390476177,-0.46732703,0.307351754608193
2025-08-13 21:30:00,-0.15119913228571455,-0.46561056,0.3144114314693208
2025-08-13 22:00:00,-0.15002834066666715,-0.46652892,0.3165005816527451
2025-08-13 22:30:00,-0.14822478604762115,-0.4697285,0.3215037136033341
2025-08-13 23:00:00,-0.15075724042857092,-0.47466335,0.3239061065772732
2025-08-13 23:30:00,-0.15000061580952465,-0.48074016,0.3307395439404601
2025-08-14 00:00:00,-0.15154109719047654,-0.48732775,0.33578665730705154
2025-08-14 00:30:00,-0.1527453935714287,-0.49383792,0.3410925292400795
2025-08-14 01:00:00,-0.15596556795238198,-0.499721,0.3437554227054244
2025-08-14 01:30:00,-0.15253727733333255,-0.50451213,0.3519748538808093
2025-08-14 02:00:00,-0.15008560971428478,-0.50775576,0.3576701466638891
2025-08-14 02:30:00,-0.14457113409523872,-0.5091499,0.3645787749242315
2025-08-14 03:00:00,-0.13706284347618944,-0.50847924,0.37141639408026805
2025-08-14 03:30:00,-0.12816376285714298,-0.50566596,0.3775021950705609
2025-08-14 04:00:00,-0.11568437523809469,-0.50073093,0.3850465565207859
2025-08-14 04:30:00,-0.10602726761904537,-0.49389562,0.3878683524886054
2025-08-14 05:00:00,-0.09860463399999944,-0.4855035,0.38689886073953306
2025-08-14 05:30:00,-0.09435568438095063,-0.4760433,0.3816876293607333
2025-08-14 06:00:00,-0.08797765576190461,-0.46604136,0.3780637005632449
2025-08-14 06:30:00,-0.08828331114285903,-0.4560489,0.36776559470659775
2025-08-14 07:00:00,-0.08533730052380938,-0.44667888,0.36134157635302167
2025-08-14 07:30:00,-0.08675251790476221,-0.43849117,0.35173864773320773
2025-08-14 08:00:00,-0.09323203328571511,-0.4320118,0.33877977963962363
2025-08-14 08:30:00,-0.09997523266666639,-0.4276823,0.3277070776761223
2025-08-14 09:00:00,-0.11169487904762142,-0.42574868,0.3140537970140088
2025-08-14 09:30:00,-0.12477022742857155,-0.42629975,0.30152952337632954
2025-08-14 10:00:00,-0.1417596118095226,-0.4288301,0.28707047537538344
2025-08-14 10:30:00,-0.15817899619047454,-0.43270287,0.2745238729863901
2025-08-14 11:00:00,-0.17544193357142843,-0.43958056,0.26413862615910133
2025-08-14 11:30:00,-0.19275995895238326,-0.44978276,0.25702279999880384
2025-08-14 12:00:00,-0.21120276533333318,-0.46295023,0.25174746431144224
2025-08-14 12:30:00,-0.2349934227142852,-0.47827378,0.24328035643953866
2025-08-14 13:00:00,-0.26115916809523804,-0.49484712,0.23368795075928467
2025-08-14 13:30:00,-0.27350074647619,-0.5116744,0.23817365766809712
2025-08-14 14:00:00,-0.28674631585714266,-0.52768254,0.24093622694376066
2025-08-14 14:30:00,-0.2948121922380955,-0.54198086,0.24716867037939716
2025-08-14 15:00:00,-0.2975128046190484,-0.5522317,0.25471892441156074
2025-08-14 15:30:00,-0.30011556600000144,-0.5583382,0.25822265888784646
2025-08-14 16:00:00,-0.29435354800000124,-0.5603286,0.2659750547908313
