timestamp,observed,predicted,residual
2025-07-13 09:00:00,-1.7710132419047608,-2.027497,0.25648381124160147
2025-07-13 09:30:00,-1.7710124502857156,-2.0250652,0.25405273335381073
2025-07-13 10:00:00,-1.7767888956666669,-2.0222757,0.24548679059737122
2025-07-13 10:30:00,-1.77630582404762,-2.0189037,0.24259790825218475
2025-07-13 11:00:00,-1.7786196824285718,-2.014729,0.2361093405511645
2025-07-13 11:30:00,-1.7792538478095237,-2.009588,0.23033415534904567
2025-07-13 12:00:00,-1.7791772681904765,-2.003361,0.22418371851911822
2025-07-13 12:30:00,-1.7775011715714284,-1.9959993,0.21849816467124739
2025-07-13 13:00:00,-1.7748309079523803,-1.9874992,0.21266832910816658
2025-07-13 13:30:00,-1.7679652493333344,-1.9779508,0.20998556205277397
2025-07-13 14:00:00,-1.759964809714287,-1.9674926,0.20752777069953132
2025-07-13 14:30:00,-1.747065905095238,-1.9563011,0.2092351880062635
2025-07-13 15:00:00,-1.7324696324761903,-1.9445935,0.2121239162985289
2025-07-13 15:30:00,-1.7204144118571425,-1.9326081,0.21219371573685164
2025-07-13 16:00:00,-1.7031718232380948,-1.9205952,0.21742334582928802
2025-07-13 16:30:00,-1.6874033566190485,-1.9088289,0.22142549794180355
2025-07-13 17:00:00,-1.670447477,-1.897538,0.22709046970104985
2025-07-13 17:30:00,-1.6568508523809529,-1.8869171,0.23006626187685963
2025-07-13 18:00:00,-1.6437465077619051,-1.8771093,0.2333627814074064
2025-07-13 18:30:00,-1.631063874142857,-1.8682035,0.2371396466319844
2025-07-13 19:00:00,-1.622383389523811,-1.8602318,0.23784836764019057
2025-07-13 19:30:00,-1.6152343089047616,-1.8531747,0.23794037752712316
2025-07-13 20:00:00,-1.6086025962857151,-1.8469499,0.2383473386736965
2025-07-13 20:30:00,-1.6049435156666665,-1.8414295,0.236485956302938
2025-07-13 21:00:00,-1.6058665840476176,-1.83643,0.23056336952751666
2025-07-13 21:30:00,-1.608547327428571,-1.8317344,0.22318709144044746
2025-07-13 22:00:00,-1.6104546938095234,-1.8271345,0.21667979620359912
2025-07-13 22:30:00,-1.6155380691904777,-1.8224121,0.2068740640263802
2025-07-13 23:00:00,-1.6203126725714283,-1.8173691,0.19705643086027336
2025-07-13 23:30:00,-1.6259935919523807,-1.8118309,0.18583728630537077
2025-07-14 00:00:00,-1.6277625383333336,-1.8056759,0.1779133258863319
2025-07-14 00:30:00,-1.630154378714286,-1.798833,0.16867863386658555
2025-07-14 01:00:00,-1.6277103860952389,-1.7912761,0.16356571120242958
2025-07-14 01:30:00,-1.6258288494761906,-1.7830393,0.15721048195996667
2025-07-14 02:00:00,-1.6163596378571423,-1.7742068,0.15784711968832887
2025-07-14 02:30:00,-1.6069507332380943,-1.7648946,0.15794387144482802
2025-07-14 03:00:00,-1.5948252056190468,-1.755252,0.16042679805069193
2025-07-14 03:30:00,-1.577793538,-1.745468,0.16767448243914784
2025-07-14 04:00:00,-1.5592127913809513,-1.7357548,0.17654205614559904
2025-07-14 04:30:00,-1.5406168257619046,-1.7263172,0.18570034152019987
2025-07-14 05:00:00,-1.5273794111428567,-1.7173566,0.18997715147158423
2025-07-14 05:30:00,-1.5176443215238098,-1.7090526,0.19140824118981326
2025-07-14 06:00:00,-1.5096592319047626,-1.7015568,0.19189756989119688
2025-07-14 06:30:00,-1.5081445802857143,-1.694962,0.1868174444030064
2025-07-14 07:00:00,-1.5047040956666666,-1.6893144,0.18461026972029626
2025-07-14 07:30:00,-1.5055722070476187,-1.6845887,0.17901646368297208
2025-07-14 08:00:00,-1.5144092664285709,-1.6807153,0.16630605606593596
2025-07-14 08:30:00,-1.5213909308095228,-1.6775478,0.15615688165233022
2025-07-14 09:00:00,-1.5371752271904753,-1.6748974,0.13772220513679523
2025-07-14 09:30:00,-1.549185970571429,-1.6725439,0.1233579127522404
2025-07-14 10:00:00,-1.5673728989523803,-1.6702309,0.10285796652613532
2025-07-14 10:30:00,-1.5850324593333318,-1.6676892,0.0826567448826716
2025-07-14 11:00:00,-1.6063601777142846,-1.6646637,0.05830349473291996
2025-07-14 11:30:00,-1.6237034220952384,-1.6609657,0.03726225898081137
2025-07-14 12:00:00,-1.6427789914761894,-1.6564903,0.013711334451544932
2025-07-14 12:30:00,-1.6636771928571434,-1.6512116,-0.012465573480007208
2025-07-14 13:00:00,-1.6875909202380943,-1.6452023,-0.04238864114721297
2025-07-14 13:30:00,-1.702877586619047,-1.6385845,-0.06429309202828781
2025-07-14 14:00:00,-1.7146643840000009,-1.6315341,-0.08313028442114345
2025-07-14 14:30:00,-1.7193708743809502,-1.6242996,-0.095071228957061
2025-07-14 15:00:00,-1.714536443761904,-1.6171463,-0.09739019017608852
2025-07-14 15:30:00,-1.709639381142857,-1.6103835,-0.09925587055325735
2025-07-14 16:00:00,-1.7017169235238103,-1.6042991,-0.09741785507288259
2025-07-14 16:30:00,-1.6927375359047627,-1.5991781,-0.09355946011435745
2025-07-14 17:00:00,-1.6816742882857127,-1.5952718,-0.08640246249530747
2025-07-14 17:30:00,-1.669626742666667,-1.5928055,-0.07682123786777795
2025-07-14 18:00:00,-1.6578504250476178,-1.5919359,-0.0659145520160016
2025-07-14 18:30:00,-1.6452480984285724,-1.5927639,-0.05248419767173651
2025-07-14 19:00:00,-1.636407130809524,-1.5953475,-0.04105960712025403
2025-07-14 19:30:00,-1.6254141901904753,-1.5997212,-0.02569299687687665
2025-07-14 20:00:00,-1.618774802571428,-1.6058362,-0.01293864954103241
2025-07-14 20:30:00,-1.6136646249523787,-1.6135604,-0.00010418679625079363
2025-07-14 21:00:00,-1.612634447333334,-1.6226653,0.010030838730813896
2025-07-14 21:30:00,-1.609678436714287,-1.6328077,0.02312929491413107
2025-07-14 22:00:00,-1.6081561100952375,-1.6435921,0.03543600912168143
2025-07-14 22:30:00,-1.6087979504761905,-1.6545964,0.04579849746845066
2025-07-14 23:00:00,-1.609713343857143,-1.665408,0.05569467139401674
2025-07-14 23:30:00,-1.6129687372380954,-1.6756408,0.06267208421881376
2025-07-15 00:00:00,-1.6136655346190478,-1.684954,0.07128851258401614
2025-07-15 00:30:00,-1.6142217179999996,-1.6930696,0.07884785921710247
2025-07-15 01:00:00,-1.614363734380952,-1.6997745,0.0854107693269337
2025-07-15 01:30:00,-1.6121229877619048,-1.7049462,0.09282317255456252
2025-07-15 02:00:00,-1.6055385571428555,-1.708525,0.10298638525521575
2025-07-15 02:30:00,-1.5999384245238102,-1.7105336,0.11059519440319177
2025-07-15 03:00:00,-1.591162282904761,-1.7110654,0.11990312866292707
2025-07-15 03:30:00,-1.5769352202857154,-1.7102854,0.1333502049004418
2025-07-15 04:00:00,-1.5616612276666673,-1.7083877,0.14672650483913108
2025-07-15 04:30:00,-1.5464398670476185,-1.7055858,0.1591459703165783
2025-07-15 05:00:00,-1.5324237254285702,-1.7021072,0.16968346565724524
2025-07-15 05:30:00,-1.523575082809524,-1.6981763,0.1746011819533544
2025-07-15 06:00:00,-1.5153339841904765,-1.6940154,0.17868139952992146
2025-07-15 06:30:00,-1.5083408675714265,-1.6898137,0.18147286552946462
2025-07-15 07:00:00,-1.5068713039523804,-1.6857227,0.17885140474970695
2025-07-15 07:30:00,-1.502481740333333,-1.6818557,0.17937393822501657
2025-07-15 08:00:00,-1.5050218697142854,-1.6782758,0.17325395387885423
2025-07-15 08:30:00,-1.5113432270952392,-1.6749794,0.16363622122324228
2025-07-15 09:00:00,-1.523072742476191,-1.6719265,0.14885375593689498
2025-07-15 09:30:00,-1.534302433857144,-1.6690335,0.13473109351712353
2025-07-15 10:00:00,-1.5475030462380954,-1.6661628,0.11865980223449979
2025-07-15 10:30:00,-1.566357825619048,-1.6631445,0.09678664364212142
2025-07-15 11:00:00,-1.5812403249999991,-1.6598033,0.07856294629364102
2025-07-15 11:30:00,-1.598354973380952,-1.655985,0.05763002436837672
2025-07-15 12:00:00,-1.6141437887619052,-1.651596,0.03745216136474272
2025-07-15 12:30:00,-1.6361592271428564,-1.6465979,0.010438635100795901
2025-07-15 13:00:00,-1.660223437523808,-1.6410025,-0.019220901703800752
2025-07-15 13:30:00,-1.6779456299047617,-1.6348919,-0.04305376226712743
2025-07-15 14:00:00,-1.6882108922857135,-1.6283712,-0.05983965357721743
2025-07-15 14:30:00,-1.6942279966666671,-1.6215991,-0.07262891848826136
2025-07-15 15:00:00,-1.6957080400476192,-1.6147802,-0.08092785244080769
2025-07-15 15:30:00,-1.6943812844285708,-1.6081679,-0.08621339769456204
2025-07-15 16:00:00,-1.6899686958095246,-1.6020229,-0.08794580953327946
2025-07-15 16:30:00,-1.6833743961904777,-1.5965989,-0.08677553258879311
2025-07-15 17:00:00,-1.6722934735714288,-1.5921553,-0.08013813623774957
2025-07-15 17:30:00,-1.6660056209523817,-1.5889055,-0.0771001672704359
2025-07-15 18:00:00,-1.6511359263333327,-1.5870204,-0.06411552914705343
2025-07-15 18:30:00,-1.6465277667142857,-1.586615,-0.0599128003217686
2025-07-15 19:00:00,-1.6347591240952384,-1.5877879,-0.046971257502831154
2025-07-15 19:30:00,-1.6278286394761894,-1.590624,-0.037204664676079524
2025-07-15 20:00:00,-1.6236950848571428,-1.5951415,-0.028553554820216487
2025-07-15 20:30:00,-1.6239227582380953,-1.6012579,-0.022664837972897534
2025-07-15 21:00:00,-1.6254082826190477,-1.608794,-0.016614308696318192
2025-07-15 21:30:00,-1.6274485879999998,-1.6174858,-0.009962826357543753
2025-07-15 22:00:00,-1.6276762613809537,-1.6270099,-0.0006663927591274987
2025-07-15 22:30:00,-1.6318884087619034,-1.6370065,0.005118112463072144
2025-07-15 23:00:00,-1.636813495142858,-1.6471039,0.01029041053493751
2025-07-15 23:30:00,-1.6408147215238085,-1.6569237,0.016108930171442992
2025-07-16 00:00:00,-1.646364895904763,-1.6661439,0.01977899829079366
2025-07-16 00:30:00,-1.649936605285715,-1.6744561,0.024519514251638563
2025-07-16 01:00:00,-1.6517232266666666,-1.6816524,0.029929200052998928
2025-07-16 01:30:00,-1.6565604620476178,-1.68757,0.031009513805348554
2025-07-16 02:00:00,-1.6546712504285706,-1.6921242,0.037452997122393805
2025-07-16 02:30:00,-1.650610196809524,-1.6953138,0.04470361449266114
2025-07-16 03:00:00,-1.6444980461904768,-1.6972274,0.05272931262757741
2025-07-16 03:30:00,-1.63939773757143,-1.6980181,0.058620336464214606
2025-07-16 04:00:00,-1.6267877359523804,-1.6978813,0.07109360502814943
2025-07-16 04:30:00,-1.6166934363333327,-1.6970161,0.08032268362363748
2025-07-16 05:00:00,-1.6084094437142862,-1.6956376,0.0872281400183188
2025-07-16 05:30:00,-1.601848038095236,-1.6939617,0.09211370144486408
2025-07-16 06:00:00,-1.5984878604761914,-1.6921844,0.0936965877659961
2025-07-16 06:30:00,-1.591416761857141,-1.690483,0.0990662121952881
2025-07-16 07:00:00,-1.590105356238095,-1.6889962,0.09889083955505695
2025-07-16 07:30:00,-1.5866924156190487,-1.6878142,0.10112182006820714
2025-07-16 08:00:00,-1.585986228999999,-1.6870072,0.10102095979699799
2025-07-16 08:30:00,-1.5903543403809517,-1.6865817,0.09622739046163864
2025-07-16 09:00:00,-1.5986641627619056,-1.6864877,0.08782351195122917
2025-07-16 09:30:00,-1.6078527571428574,-1.6866275,0.07877475006692047
2025-07-16 10:00:00,-1.6206292025238087,-1.6868857,0.06625651200713611
2025-07-16 10:30:00,-1.6328355169047637,-1.6870973,0.054261794115133766
2025-07-16 11:00:00,-1.649124156285715,-1.6870942,0.03797005529265407
2025-07-16 11:30:00,-1.663354023666667,-1.6867332,0.023379222182942305
2025-07-16 12:00:00,-1.6803380580476197,-1.6859115,0.005573478169116131
2025-07-16 12:30:00,-1.7006814784285722,-1.6845838,-0.016097695278852964
2025-07-16 13:00:00,-1.7232066098095231,-1.682726,-0.04048058422816325
2025-07-16 13:30:00,-1.7402257321904766,-1.6803688,-0.05985695110069389
2025-07-16 14:00:00,-1.7525925295714262,-1.6775646,-0.0750279085997465
2025-07-16 14:30:00,-1.7614317829523822,-1.674397,-0.0870347912226459
2025-07-16 15:00:00,-1.762831650333333,-1.6709952,-0.09183641489021777
2025-07-16 15:30:00,-1.763465815714285,-1.6675357,-0.09593015306322306
2025-07-16 16:00:00,-1.7655061210952392,-1.6642159,-0.10129019873958733
2025-07-16 16:30:00,-1.7609682684761914,-1.6612539,-0.09971433933800777
2025-07-16 17:00:00,-1.7569050208571428,-1.6588578,-0.09804719843892995
2025-07-16 17:30:00,-1.7493593172380957,-1.6572342,-0.09212512534356443
2025-07-16 18:00:00,-1.7395439206190475,-1.6565548,-0.08298910246566615
2025-07-16 18:30:00,-1.7261506730000007,-1.6569673,-0.06918339070477364
2025-07-16 19:00:00,-1.715921109380952,-1.6586055,-0.057315653028718216
2025-07-16 19:30:00,-1.7042954057619046,-1.6615907,-0.042704710380740085
2025-07-16 20:00:00,-1.690568167142858,-1.6659837,-0.02458449023245768
2025-07-16 20:30:00,-1.6764793935238096,-1.6717633,-0.004716092628118673
2025-07-16 21:00:00,-1.6666739969047617,-1.6788259,0.012151858350365252
2025-07-16 21:30:00,-1.656938907285713,-1.6869684,0.03002953849218004
2025-07-16 22:00:00,-1.6443892126666668,-1.695928,0.05153876489528386
2025-07-16 22:30:00,-1.6379355270476192,-1.7054276,0.06749211958934365
2025-07-16 23:00:00,-1.6315773674285723,-1.7151595,0.08358216797944773
2025-07-16 23:30:00,-1.6269439888095238,-1.7248218,0.09787781714445565
2025-07-17 00:00:00,-1.6216953911904752,-1.7341186,0.11242318962770104
2025-07-17 00:30:00,-1.6224075385714278,-1.7427697,0.12036217959873818
2025-07-17 01:00:00,-1.6198229319523811,-1.750509,0.1306860917140007
2025-07-17 01:30:00,-1.6173086323333326,-1.7571238,0.13981519560093258
2025-07-17 02:00:00,-1.6157006487142855,-1.7624521,0.14675147683503087
2025-07-17 02:30:00,-1.610283893095236,-1.7663716,0.15608771468522065
2025-07-17 03:00:00,-1.60650406747619,-1.7688011,0.16229702562531156
2025-07-17 03:30:00,-1.600341478857142,-1.7697276,0.16938610884274818
2025-07-17 04:00:00,-1.5906690212380958,-1.7691926,0.1785235551702904
2025-07-17 04:30:00,-1.582545511619048,-1.7672615,0.18471599350790502
2025-07-17 05:00:00,-1.5772793699999987,-1.7640554,0.18677600128448613
2025-07-17 05:30:00,-1.5761788853809513,-1.7597305,0.18355157287863122
2025-07-17 06:00:00,-1.5716837957619052,-1.7544714,0.18278762547985505
2025-07-17 06:30:00,-1.5714896271428558,-1.7484682,0.17697853348641668
2025-07-17 07:00:00,-1.56582686252381,-1.7419409,0.17611399345610934
2025-07-17 07:30:00,-1.5640760709047634,-1.7350949,0.17101883399483375
2025-07-17 08:00:00,-1.5643817262857147,-1.728113,0.1637313289434723
2025-07-17 08:30:00,-1.5699297066666666,-1.7211546,0.15122486391286216
2025-07-17 09:00:00,-1.5757061520476197,-1.7143278,0.13862166014720456
2025-07-17 09:30:00,-1.5811761504285713,-1.7077093,0.12653316201039355
2025-07-17 10:00:00,-1.588072157809524,-1.7013332,0.11326100735923816
2025-07-17 10:30:00,-1.5979583411904772,-1.6951799,0.09722159807954234
2025-07-17 11:00:00,-1.6093209715714292,-1.6892064,0.07988539019920071
2025-07-17 11:30:00,-1.6212483829523805,-1.683374,0.062125664326977414
2025-07-17 12:00:00,-1.6327461463333344,-1.6776769,0.044930769789102154
2025-07-17 12:30:00,-1.6507694357142857,-1.6721092,0.021339810539681592
2025-07-17 13:00:00,-1.6705427250952385,-1.6666923,-0.0038504681677482555
2025-07-17 13:30:00,-1.6877200054761912,-1.661427,-0.026292984449579837
2025-07-17 14:00:00,-1.7026025048571427,-1.656326,-0.04627644933040931
2025-07-17 14:30:00,-1.7102366702380944,-1.6514196,-0.058817030650692104
2025-07-17 15:00:00,-1.7182475896190472,-1.6467792,-0.07146841004598814
2025-07-17 15:30:00,-1.724081317000001,-1.6424971,-0.08158425431689542
2025-07-17 16:00:00,-1.724793464380953,-1.6386678,-0.08612564249679777
2025-07-17 16:30:00,-1.7240214897619048,-1.6353856,-0.08863585724695122
2025-07-17 17:00:00,-1.7227100841428566,-1.6327523,-0.08995778483407979
2025-07-17 17:30:00,-1.7161134595238108,-1.6308724,-0.08524109071124975
2025-07-17 18:00:00,-1.713255299904761,-1.6298414,-0.08341385302823512
2025-07-17 18:30:00,-1.7019184992857137,-1.6297351,-0.07218338709546712
2025-07-17 19:00:00,-1.6930974006666657,-1.630644,-0.06245343685288396
2025-07-17 19:30:00,-1.6787098550476185,-1.6326667,-0.0460431480087391
2025-07-17 20:00:00,-1.6660998534285725,-1.6358769,-0.030222959431380092
2025-07-17 20:30:00,-1.6537687548095243,-1.6403024,-0.013466335147048758
2025-07-17 21:00:00,-1.6398382701904777,-1.6458874,0.006049104687452012
2025-07-17 21:30:00,-1.6283959435714292,-1.6525201,0.024124116967816356
2025-07-17 22:00:00,-1.615082871952381,-1.6600416,0.044958698711071055
2025-07-17 22:30:00,-1.604363484333334,-1.6682376,0.06387408261460292
2025-07-17 23:00:00,-1.5938648867142853,-1.6768614,0.08299651865833435
2025-07-17 23:30:00,-1.5837605870952378,-1.6856586,0.10189798700907127
2025-07-18 00:00:00,-1.5749164634761894,-1.6943567,0.11944021644019243
2025-07-18 00:30:00,-1.5689021638571417,-1.7027155,0.13381335223325141
2025-07-18 01:00:00,-1.5623078642380948,-1.7104856,0.14817771334521823
2025-07-18 01:30:00,-1.5585983456190484,-1.7174484,0.1588500081483466
2025-07-18 02:00:00,-1.5548185199999986,-1.7233936,0.16857503945587293
2025-07-18 02:30:00,-1.5508354483809528,-1.7281492,0.17731372726296812
2025-07-18 03:00:00,-1.5447859297619062,-1.7315905,0.18680457965276664
2025-07-18 03:30:00,-1.540724876142856,-1.7336314,0.1929064963089262
2025-07-18 04:00:00,-1.5365385585238105,-1.7342402,0.19770161576970757
2025-07-18 04:30:00,-1.532256714904762,-1.7334213,0.20116461077883185
2025-07-18 05:00:00,-1.531570397285713,-1.7312256,0.19965521249364482
2025-07-18 05:30:00,-1.5332745176666671,-1.7277403,0.1944657701140946
2025-07-18 06:00:00,-1.5371428050476192,-1.7230788,0.18593604188383828
2025-07-18 06:30:00,-1.5399641624285705,-1.7173786,0.17741445390443733
2025-07-18 07:00:00,-1.5405510458095235,-1.7108049,0.17025389346049602
2025-07-18 07:30:00,-1.546028719190476,-1.7035307,0.1575019500218653
2025-07-18 08:00:00,-1.5473813045714282,-1.6957421,0.14836082570811282
2025-07-18 08:30:00,-1.5516011269523806,-1.6876227,0.13602153940656714
2025-07-18 09:00:00,-1.5589869583333336,-1.67934,0.12035304658762591
2025-07-18 09:30:00,-1.5615270877142864,-1.6710278,0.10950069186487621
2025-07-18 10:00:00,-1.5659501560952385,-1.6627983,0.0968481293890755
2025-07-18 10:30:00,-1.5645607684761915,-1.6547413,0.09018051875525379
2025-07-18 11:00:00,-1.5685466448571423,-1.6469239,0.07837725479343138
2025-07-18 11:30:00,-1.568497609238095,-1.6394141,0.07091646279864827
2025-07-18 12:00:00,-1.571868266619047,-1.6322898,0.06042150064627272
2025-07-18 12:30:00,-1.5783797139999995,-1.62564,0.0472603206755986
2025-07-18 13:00:00,-1.587283924380953,-1.6195457,0.03226177378494066
2025-07-18 13:30:00,-1.5924045817619048,-1.6140585,0.02165391280596629
2025-07-18 14:00:00,-1.6015953701428574,-1.6092334,0.007638009221156317
2025-07-18 14:30:00,-1.6014484835238103,-1.6050948,0.0036463069348688926
2025-07-18 15:00:00,-1.6019420349047613,-1.6016576,-0.00028440589169975716
2025-07-18 15:30:00,-1.6027168142857142,-1.5989463,-0.003770481354195665
2025-07-18 16:00:00,-1.6077023386666671,-1.5969546,-0.010747754544963017
2025-07-18 16:30:00,-1.6061800120476184,-1.5956634,-0.01051658374103881
2025-07-18 17:00:00,-1.6078841324285724,-1.5950068,-0.012877308888838535
2025-07-18 17:30:00,-1.6074240858095243,-1.5949227,-0.012501424028213304
2025-07-18 18:00:00,-1.6043528111904772,-1.595328,-0.009024837824693543
2025-07-18 18:30:00,-1.600648773571428,-1.5961514,-0.004497421642717159
2025-07-18 19:00:00,-1.5935050429523814,-1.5973508,0.00384579284778952
2025-07-18 19:30:00,-1.5848948653333326,-1.5989208,0.014025956810222118
2025-07-18 20:00:00,-1.5760913107142869,-1.6008534,0.024762132431465078
2025-07-18 20:30:00,-1.566266045095238,-1.6031619,0.03689588594266491
2025-07-18 21:00:00,-1.5538746394761902,-1.6058121,0.05193743327771605
2025-07-18 21:30:00,-1.5409910848571424,-1.608742,0.06775091381534293
2025-07-18 22:00:00,-1.5245799862380944,-1.6118767,0.08729673991241826
2025-07-18 22:30:00,-1.5102353346190474,-1.6151638,0.10492846848153858
2025-07-18 23:00:00,-1.4954962539999994,-1.6185284,0.12303211208886777
2025-07-18 23:30:00,-1.4817690153809528,-1.6219056,0.14013654988088797
2025-07-19 00:00:00,-1.4700553297619037,-1.6252292,0.15517390970190248
2025-07-19 00:30:00,-1.4594062491428577,-1.6284208,0.16901458063009156
2025-07-19 01:00:00,-1.4507279585238098,-1.6313971,0.18066916958135382
2025-07-19 01:30:00,-1.4418991849047609,-1.6340572,0.19215797928743883
2025-07-19 02:00:00,-1.435576113285715,-1.63629,0.20071384089977085
2025-07-19 02:30:00,-1.4297024276666668,-1.6379876,0.20828518601131174
2025-07-19 03:00:00,-1.4219832160476198,-1.6390494,0.21706619477238753
2025-07-19 03:30:00,-1.4163204514285703,-1.6393753,0.22305487758906883
2025-07-19 04:00:00,-1.4126965898095238,-1.6388747,0.22617806019200204
2025-07-19 04:30:00,-1.4119927281904747,-1.637453,0.22546023182386854
2025-07-19 05:00:00,-1.4082282525714287,-1.6350393,0.2268110769573799
2025-07-19 05:30:00,-1.4054403999523806,-1.6315871,0.22614674776032695
2025-07-19 06:00:00,-1.398843775333333,-1.6270816,0.2282378572808028
2025-07-19 06:30:00,-1.3954132907142849,-1.6215501,0.2261367924461155
2025-07-19 07:00:00,-1.3945237270952382,-1.615057,0.22053326448191024
2025-07-19 07:30:00,-1.3974780234761912,-1.6077044,0.21022637754004414
2025-07-19 08:00:00,-1.400025827857143,-1.5996153,0.19958950760733463
2025-07-19 08:30:00,-1.4028471852380942,-1.5909367,0.1880894755285074
2025-07-19 09:00:00,-1.405254375619048,-1.5818255,0.17657111914718726
2025-07-19 09:30:00,-1.4108023560000005,-1.5724249,0.16162253261083936
2025-07-19 10:00:00,-1.4133348103809518,-1.5628713,0.14953652655599892
2025-07-19 10:30:00,-1.4179709937619052,-1.5533011,0.13533010220061925
2025-07-19 11:00:00,-1.4271717821428571,-1.5438578,0.11668603073861261
2025-07-19 11:30:00,-1.4299074825238085,-1.5346591,0.10475166473876474
2025-07-19 12:00:00,-1.4346139729047618,-1.5258018,0.09118780493489886
2025-07-19 12:30:00,-1.4324358582857133,-1.5173348,0.08489896055431356
2025-07-19 13:00:00,-1.4331952876666665,-1.5092902,0.076094930686605
2025-07-19 13:30:00,-1.4303141030476176,-1.5017004,0.07138629825853471
2025-07-19 14:00:00,-1.4318644534285727,-1.4946185,0.06275408161323637
2025-07-19 14:30:00,-1.429826952809523,-1.4880999,0.05827297986107016
2025-07-19 15:00:00,-1.4289419081904755,-1.4821976,0.05325573413587947
2025-07-19 15:30:00,-1.4367166875714283,-1.4769506,0.040233957875349
2025-07-19 16:00:00,-1.4436730019523811,-1.4724028,0.02872980909803391
2025-07-19 16:30:00,-1.443486508333333,-1.4685742,0.02508765796457957
2025-07-19 17:00:00,-1.4458080417142871,-1.4654758,0.019667755938911125
2025-07-19 17:30:00,-1.4477077330952364,-1.4631374,0.015429655134133746
2025-07-19 18:00:00,-1.4472323364761903,-1.4615523,0.014319925830023061
2025-07-19 18:30:00,-1.4465536938571428,-1.4606987,0.014145029935886955
2025-07-19 19:00:00,-1.443193516238096,-1.4604986,0.017305055157778026
2025-07-19 19:30:00,-1.4399914966190472,-1.4608573,0.020865775529085084
2025-07-19 20:00:00,-1.432418249,-1.461651,0.029232718597961505
2025-07-19 20:30:00,-1.4231676333809518,-1.4627718,0.039604139957366113
2025-07-19 21:00:00,-1.4086746927619045,-1.4641064,0.05543174778222393
2025-07-19 21:30:00,-1.3949275851428564,-1.4655524,0.07062486408352298
2025-07-19 22:00:00,-1.385551705523809,-1.4670774,0.08152566893450408
2025-07-19 22:30:00,-1.370531396904763,-1.4686897,0.0981582831947243
2025-07-19 23:00:00,-1.353929246285715,-1.4703801,0.11645082153960229
2025-07-19 23:30:00,-1.3362624906666656,-1.4721403,0.13587782152815864
2025-07-20 00:00:00,-1.3184651210476177,-1.4739625,0.15549742434727976
2025-07-20 00:30:00,-1.3016948124285723,-1.4758222,0.17412739788331733
2025-07-20 01:00:00,-1.287545731809524,-1.4776852,0.19013948127946523
2025-07-20 01:30:00,-1.2770295901904765,-1.4794958,0.20246617358821006
2025-07-20 02:00:00,-1.2635582295714287,-1.4811908,0.21763257109538037
2025-07-20 02:30:00,-1.251354719952381,-1.4826792,0.23132452790375924
2025-07-20 03:00:00,-1.2468794993333334,-1.4838506,0.2369710990019327
2025-07-20 03:30:00,-1.2370037957142856,-1.484559,0.24755526342878076
2025-07-20 04:00:00,-1.2330910310952394,-1.4846543,0.25156327627017805
2025-07-20 04:30:00,-1.2283850204761906,-1.484027,0.2556420076076107
2025-07-20 05:00:00,-1.2274801068571422,-1.4825722,0.2550920910569814
2025-07-20 05:30:00,-1.226783920238094,-1.4801906,0.2534067144893841
2025-07-20 06:00:00,-1.2229491376190464,-1.4767935,0.25384438998410297
2025-07-20 06:30:00,-1.2226066799999988,-1.4723113,0.2497045783160412
2025-07-20 07:00:00,-1.2194046603809516,-1.4667048,0.24730018504751516
2025-07-20 07:30:00,-1.217952640761904,-1.4599823,0.24202963520092569
2025-07-20 08:00:00,-1.216912594142859,-1.4522109,0.2352983090248657
2025-07-20 08:30:00,-1.2105422405238082,-1.4434793,0.23293705902147988
2025-07-20 09:00:00,-1.2074731599047632,-1.4338967,0.2264235008999853
2025-07-20 09:30:00,-1.2011051312857153,-1.4236307,0.22252558313078863
2025-07-20 10:00:00,-1.190378068666667,-1.4128443,0.2224662316034136
2025-07-20 10:30:00,-1.1851722340476198,-1.4017255,0.2165532965767698
2025-07-20 11:00:00,-1.1711110044285715,-1.3904603,0.2193492483332693
2025-07-20 11:30:00,-1.1593293368095248,-1.3792441,0.21991475231706215
2025-07-20 12:00:00,-1.1465556961904768,-1.3682653,0.2217095749963518
2025-07-20 12:30:00,-1.1351980645714286,-1.3576701,0.22247200416941615
2025-07-20 13:00:00,-1.12143012595238,-1.3475865,0.22615638661323278
2025-07-20 13:30:00,-1.1099143363333324,-1.3381,0.2281856201791188
2025-07-20 14:00:00,-1.1003143797142845,-1.3292688,0.22895443341895527
2025-07-20 14:30:00,-1.092939028095237,-1.3211284,0.22818934028244864
2025-07-20 15:00:00,-1.084190430476191,-1.3136582,0.2294678069810845
2025-07-20 15:30:00,-1.082100166857144,-1.3068212,0.2247210602165255
2025-07-20 16:00:00,-1.0782324902380944,-1.300547,0.2223145135079383
2025-07-20 16:30:00,-1.077124330619048,-1.2947186,0.2175942925422678
2025-07-20 17:00:00,-1.0776255569999995,-1.2892308,0.2116052665168462
2025-07-20 17:30:00,-1.0802359933809518,-1.2839353,0.20369931507546912
2025-07-20 18:00:00,-1.0829793687619045,-1.2786815,0.19570214788543439
2025-07-20 18:30:00,-1.084535200142856,-1.2733227,0.1887875013113065
2025-07-20 19:00:00,-1.0827239705238094,-1.2677356,0.18501162994768716
2025-07-20 19:30:00,-1.0823968629047618,-1.2618079,0.1794110556438222
2025-07-20 20:00:00,-1.0832496242857137,-1.2554601,0.17221051880358074
2025-07-20 20:30:00,-1.077918525666667,-1.2486541,0.17073560145430466
2025-07-20 21:00:00,-1.0731697520476202,-1.2413989,0.16822917850200136
2025-07-20 21:30:00,-1.0639268114285712,-1.2337276,0.16980076291987856
2025-07-20 22:00:00,-1.052434046809522,-1.2257297,0.17329565709367634
2025-07-20 22:30:00,-1.0409236071904764,-1.2175164,0.17659281508125213
2025-07-20 23:00:00,-1.0258682105714263,-1.2092217,0.1833535101240693
2025-07-20 23:30:00,-1.010375621952382,-1.2009944,0.19061875041547682
2025-07-21 00:00:00,-0.9931834713333326,-1.1929945,0.19981100403135243
2025-07-21 00:30:00,-0.9757376367142855,-1.1853756,0.20963793453663004
2025-07-21 01:00:00,-0.9590376350952378,-1.1782653,0.21922769808042142
2025-07-21 01:30:00,-0.9422245634761909,-1.171739,0.22951441872443168
2025-07-21 02:00:00,-0.928690570857143,-1.1658384,0.23714778992929497
2025-07-21 02:30:00,-0.9127135082380944,-1.160584,0.24787046469281382
2025-07-21 03:00:00,-0.9019864456190462,-1.1559377,0.2539512260423308
2025-07-21 03:30:00,-0.8925852159999988,-1.1518258,0.259240569636903
2025-07-21 04:00:00,-0.8810221443809522,-1.1481271,0.2671049346290576
2025-07-21 04:30:00,-0.8764063097619055,-1.1446807,0.2682744286871912
2025-07-21 05:00:00,-0.8772590711428574,-1.1413122,0.26405317041140286
2025-07-21 05:30:00,-0.8853227535238095,-1.1378293,0.25250655021764556
2025-07-21 06:00:00,-0.8940818309047615,-1.1340405,0.23995864398690114
2025-07-21 06:30:00,-0.9070264342857134,-1.1297616,0.22273514236681347
2025-07-21 07:00:00,-0.9194513446666659,-1.1248289,0.20537759000282874
2025-07-21 07:30:00,-0.9339854650476191,-1.1191137,0.18512821865294238
2025-07-21 08:00:00,-0.9499005064285717,-1.1125238,0.16262328774562262
2025-07-21 08:30:00,-0.9666263378095248,-1.1050248,0.1383984767961881
2025-07-21 09:00:00,-0.9833246251904766,-1.0966111,0.11328651696803171
2025-07-21 09:30:00,-0.9973765965714301,-1.0873361,0.08995946681357969
2025-07-21 10:00:00,-1.0065673849523806,-1.0773008,0.07073340201966527
2025-07-21 10:30:00,-1.0187660243333343,-1.0666187,0.047852656620645195
2025-07-21 11:00:00,-1.0245469887142864,-1.0554522,0.030905238878181862
2025-07-21 11:30:00,-1.0290876460952372,-1.0440195,0.014931814582863412
2025-07-21 12:00:00,-1.0323176894761903,-1.0326067,0.0002890314481871492
2025-07-21 12:30:00,-1.0415031278571425,-1.0215254,-0.019977744861537028
2025-07-21 13:00:00,-1.0468973382380955,-1.0111043,-0.035792992916440225
2025-07-21 13:30:00,-1.0515961536190477,-1.0016497,-0.04994641626095442
2025-07-21 14:00:00,-1.0552228199999991,-0.9934354,-0.06178743715698154
2025-07-21 14:30:00,-1.055146240380952,-0.9866956,-0.06845065274591167
2025-07-21 15:00:00,-1.0528000987619044,-0.98161477,-0.07118533025680795
2025-07-21 15:30:00,-1.0544108871428577,-0.97832227,-0.07608861961050906
2025-07-21 16:00:00,-1.0542090435238096,-0.9768714,-0.07733767225458354
2025-07-21 16:30:00,-1.0554133399047614,-0.97722197,-0.07819137411496646
2025-07-21 17:00:00,-1.0601351802857142,-0.9792835,-0.08085166864707283
2025-07-21 17:30:00,-1.064277020666666,-0.98288816,-0.08138885853058819
2025-07-21 18:00:00,-1.069192238047619,-0.98781556,-0.08137667913724922
2025-07-21 18:30:00,-1.077343771428572,-0.99381196,-0.08353180643986358
2025-07-21 19:00:00,-1.081563593809524,-1.0006535,-0.08091008848420667
2025-07-21 19:30:00,-1.0890021881904766,-1.0081245,-0.08087771747972217
2025-07-21 20:00:00,-1.091753238571428,-1.0160232,-0.07573007954432831
2025-07-21 20:30:00,-1.092262139952381,-1.0241628,-0.06809937063475413
2025-07-21 21:00:00,-1.091013366333333,-1.0323558,-0.058657580963459965
2025-07-21 21:30:00,-1.0882958207142863,-1.0404123,-0.047883513928702826
2025-07-21 22:00:00,-1.080724898095238,-1.0481826,-0.032542291398155454
2025-07-21 22:30:00,-1.0718334924761903,-1.0555439,-0.016289592940057496
2025-07-21 23:00:00,-1.060744894857143,-1.0624124,0.0016674863150372143
2025-07-21 23:30:00,-1.0435802882380958,-1.06876,0.025179749184084388
2025-07-22 00:00:00,-1.0280953746190469,-1.0745978,0.04650246092172461
2025-07-22 00:30:00,-1.007543838,-1.0799674,0.07242354157000741
2025-07-22 01:00:00,-0.9904373443809525,-1.0849504,0.09451310270156699
2025-07-22 01:30:00,-0.9708647557619049,-1.0896256,0.11876084123821717
2025-07-22 02:00:00,-0.9512370791428585,-1.0940847,0.1428476605422001
2025-07-22 02:30:00,-0.9318303235238086,-1.098392,0.16656168621129885
2025-07-22 03:00:00,-0.917716330904761,-1.102575,0.18485861359139377
2025-07-22 03:30:00,-0.9008329522857127,-1.1066244,0.20579141256719258
2025-07-22 04:00:00,-0.8858401876666664,-1.1105002,0.22466002881740343
2025-07-22 04:30:00,-0.8767201860476199,-1.1141145,0.23739433688634004
2025-07-22 05:00:00,-0.8738368074285712,-1.1173496,0.2435128172052179
2025-07-22 05:30:00,-0.8768866298095231,-1.120066,0.24317941690525957
2025-07-22 06:00:00,-0.8832003121904741,-1.1220855,0.23888513988929883
2025-07-22 06:30:00,-0.8979553535714295,-1.1232347,0.2252793952689025
2025-07-22 07:00:00,-0.9120126749523814,-1.1233292,0.2113164876452749
2025-07-22 07:30:00,-0.9267324973333325,-1.1222218,0.19548933017368653
2025-07-22 08:00:00,-0.9426926267142847,-1.1197926,0.17709995389026856
2025-07-22 08:30:00,-0.9635412210952382,-1.115956,0.15241472773441267
2025-07-22 09:00:00,-0.9841713504761899,-1.110666,0.1264946861296451
2025-07-22 09:30:00,-1.0001039358571437,-1.103949,0.10384501491037335
2025-07-22 10:00:00,-1.0151500742380954,-1.0958668,0.08071672511645778
2025-07-22 10:30:00,-1.0272157746190471,-1.0865197,0.0593039435511189
2025-07-22 11:00:00,-1.036195641999999,-1.0760707,0.03987502431317247
2025-07-22 11:30:00,-1.0458105973809515,-1.0647573,0.018946749725982093
2025-07-22 12:00:00,-1.0519781847619047,-1.0528909,0.0009127120352754314
2025-07-22 12:30:00,-1.0592454651428562,-1.0408303,-0.01841521058810769
2025-07-22 13:00:00,-1.0683858155238084,-1.0289918,-0.03939399709576885
2025-07-22 13:30:00,-1.0701998499047616,-1.017792,-0.05240786343930748
2025-07-22 14:00:00,-1.0716172612857144,-1.0076131,-0.0640041984271329
2025-07-22 14:30:00,-1.0686559006666667,-0.9987871,-0.06986879558320114
2025-07-22 15:00:00,-1.063547917047619,-0.9916107,-0.07193721119511043
2025-07-22 15:30:00,-1.0593539244285723,-0.98632294,-0.0730309850326678
2025-07-22 16:00:00,-1.0582105458095232,-0.98306453,-0.07514601352955497
2025-07-22 16:30:00,-1.0576648421904773,-0.9818838,-0.07578101831886475
2025-07-22 17:00:00,-1.0577519015714285,-0.9827345,-0.07501740020958159
2025-07-22 17:30:00,-1.061577425952381,-0.9854792,-0.0760982499079168
2025-07-22 18:00:00,-1.0699300113333328,-0.98992693,-0.08000307709108423
2025-07-22 18:30:00,-1.0781595267142856,-0.99583435,-0.08232517612834811
2025-07-22 19:00:00,-1.0910139540952373,-1.0029422,-0.08807174961983444
2025-07-22 19:30:00,-1.1039211444761916,-1.0110056,-0.09291550444628438
2025-07-22 20:00:00,-1.1228089488571429,-1.0197576,-0.10305132041628595
2025-07-22 20:30:00,-1.1383899992380957,-1.0289284,-0.10946160015209716
2025-07-22 21:00:00,-1.1509907426190484,-1.0382382,-0.11275257485629209
2025-07-22 21:30:00,-1.163398108999999,-1.0474076,-0.11599048189428607
2025-07-22 22:00:00,-1.1698073173809524,-1.0561852,-0.11362207186703643
2025-07-22 22:30:00,-1.174160078761905,-1.0643798,-0.10978026747497882
2025-07-22 23:00:00,-1.1724268311428572,-1.0718606,-0.10056627930875073
2025-07-22 23:30:00,-1.1687854255238097,-1.0785547,-0.09023067603497914
2025-07-23 00:00:00,-1.1607475729047634,-1.0844611,-0.0762864799558498
2025-07-23 00:30:00,-1.1502917382857143,-1.0896578,-0.06063395477741351
2025-07-23 01:00:00,-1.1350177456666677,-1.0942712,-0.04074656265275167
2025-07-23 01:30:00,-1.1166303760476195,-1.0984826,-0.018147767252453484
2025-07-23 02:00:00,-1.0983156384285715,-1.1024948,0.0041791974250051656
2025-07-23 02:30:00,-1.0782661198095254,-1.1065495,0.028283381609542024
2025-07-23 03:00:00,-1.0590527411904764,-1.1108717,0.051818931439833626
2025-07-23 03:30:00,-1.0403390555714276,-1.1156365,0.0752974123622272
2025-07-23 04:00:00,-1.022813044952381,-1.120969,0.09815601213074898
2025-07-23 04:30:00,-1.0087869033333337,-1.1269099,0.11812294869455942
2025-07-23 05:00:00,-1.002139840714285,-1.1334251,0.1312852758247165
2025-07-23 05:30:00,-1.0016644440952387,-1.1403928,0.13872833620871639
2025-07-23 06:00:00,-1.0076243974761916,-1.1476288,0.1400043867034959
2025-07-23 06:30:00,-1.0159318948571427,-1.1548951,0.13896317235782307
2025-07-23 07:00:00,-1.0264212342380947,-1.1619213,0.13550002850299414
2025-07-23 07:30:00,-1.0425647406190466,-1.1684098,0.1258450837522913
2025-07-23 08:00:00,-1.0600364049999995,-1.1740515,0.11401511820861865
2025-07-23 08:30:00,-1.0803402183809525,-1.1785604,0.09822015778634485
2025-07-23 09:00:00,-1.1013195577619053,-1.1816852,0.08036565151238673
2025-07-23 09:30:00,-1.120059073142856,-1.183229,0.0631698964311187
2025-07-23 10:00:00,-1.13803275552381,-1.1830596,0.04502681764971306
2025-07-23 10:30:00,-1.1553507809047607,-1.1811154,0.025764607965478525
2025-07-23 11:00:00,-1.1675043322857142,-1.1774173,0.00991294600408077
2025-07-23 11:30:00,-1.1766974456666657,-1.1720968,-0.004600597178811672
2025-07-23 12:00:00,-1.185019331047619,-1.165396,-0.01962335593470388
2025-07-23 12:30:00,-1.1940618304285713,-1.1576587,-0.0364031342539497
2025-07-23 13:00:00,-1.2043897248095237,-1.1492896,-0.05510011680781468
2025-07-23 13:30:00,-1.2041197681904776,-1.1407174,-0.06340238099107576
2025-07-23 14:00:00,-1.202715030571429,-1.1323906,-0.07032441224714914
2025-07-23 14:30:00,-1.1961130559523812,-1.1247406,-0.07137245536644365
2025-07-23 15:00:00,-1.1917004673333345,-1.1181693,-0.07353115962459422
2025-07-23 15:30:00,-1.1794243257142845,-1.1130238,-0.06640056777971415
2025-07-23 16:00:00,-1.1721521750952386,-1.1095666,-0.06258560576693051
2025-07-23 16:30:00,-1.1664718664761906,-1.1079687,-0.05850317846502118
2025-07-23 17:00:00,-1.1651604608571424,-1.1083136,-0.05684690037130258
2025-07-23 17:30:00,-1.1647630462380951,-1.1105772,-0.054185820552975494
2025-07-23 18:00:00,-1.1668033516190472,-1.114637,-0.05216633436898621
2025-07-23 18:30:00,-1.1702245780000005,-1.1203009,-0.049923688984802705
2025-07-23 19:00:00,-1.176219619380953,-1.127342,-0.04887763367843845
2025-07-23 19:30:00,-1.182822204761902,-1.1355293,-0.047292925053039614
2025-07-23 20:00:00,-1.1910341761428564,-1.1445738,-0.04646036842648682
2025-07-23 20:30:00,-1.2016387795238097,-1.1541581,-0.04748066413684682
2025-07-23 21:00:00,-1.207206628904763,-1.1639358,-0.043270848379555416
2025-07-23 21:30:00,-1.2091139952857133,-1.1735809,-0.035533110352241604
2025-07-23 22:00:00,-1.211216932666666,-1.1827576,-0.028459316623575148
2025-07-23 22:30:00,-1.2084917120476184,-1.1911837,-0.017308025791209714
2025-07-23 23:00:00,-1.2080866224285718,-1.1986495,-0.009437096786176769
2025-07-23 23:30:00,-1.202466620809524,-1.205042,0.0025753837757420683
2025-07-24 00:00:00,-1.1917549081904757,-1.2103314,0.018576531781448136
2025-07-24 00:30:00,-1.1804104325714275,-1.2145665,0.03415603662107736
2025-07-24 01:00:00,-1.1640015279523792,-1.2178572,0.05385571367817499
2025-07-24 01:30:00,-1.1449210883333325,-1.2203665,0.07544538963297609
2025-07-24 02:00:00,-1.1219966577142853,-1.2222857,0.10028908981379092
2025-07-24 02:30:00,-1.1010409540952375,-1.2238241,0.1227831893144915
2025-07-24 03:00:00,-1.076552225476191,-1.2252023,0.14865009653003458
2025-07-24 03:30:00,-1.0550516098571423,-1.2265998,0.1715482026504871
2025-07-24 04:00:00,-1.0322655992380945,-1.228131,0.1958654565938147
2025-07-24 04:30:00,-1.0149405096190474,-1.2298605,0.21492003458566455
2025-07-24 05:00:00,-1.0051351130000008,-1.2317821,0.22664696574298016
2025-07-24 05:30:00,-1.0003764703809512,-1.2338597,0.23348318786032074
2025-07-24 06:00:00,-1.0010962927619047,-1.2360063,0.23490996715630819
2025-07-24 06:30:00,-1.0046932211428576,-1.2380767,0.23338346571627322
2025-07-24 07:00:00,-1.0118429125238093,-1.2398959,0.22805302730315602
2025-07-24 07:30:00,-1.0250335249047626,-1.2412539,0.21622032793947565
2025-07-24 08:00:00,-1.0400544442857147,-1.2419193,0.20186483481279605
2025-07-24 08:30:00,-1.0579479506666658,-1.2416466,0.1836986967866423
2025-07-24 09:00:00,-1.0807850100476188,-1.2402185,0.1594335101168709
2025-07-24 09:30:00,-1.098608209428572,-1.2374369,0.13882868117353975
2025-07-24 10:00:00,-1.1154494358095235,-1.233161,0.11771153678569135
2025-07-24 10:30:00,-1.1270229871904758,-1.2272972,0.10027419966102569
2025-07-24 11:00:00,-1.1339639515714286,-1.2198367,0.08587276031211633
2025-07-24 11:30:00,-1.1329229429523815,-1.2108822,0.07795924393726694
2025-07-24 12:00:00,-1.1329716273333337,-1.2006438,0.06767215051395636
2025-07-24 12:30:00,-1.1266607497142858,-1.1894265,0.06276579161414442
2025-07-24 13:00:00,-1.1192677230952377,-1.177598,0.05833027647751621
2025-07-24 13:30:00,-1.108128687476189,-1.1655629,0.057434180642097044
2025-07-24 14:00:00,-1.0929799588571438,-1.1537578,0.06077785173550754
2025-07-24 14:30:00,-1.0783310542380935,-1.1426162,0.0642850985252732
2025-07-24 15:00:00,-1.0614926326190486,-1.1325483,0.07105569959530689
2025-07-24 15:30:00,-1.046843728,-1.1239439,0.0771001969038696
2025-07-24 16:00:00,-1.0336437263809513,-1.1171056,0.08346187683712736
2025-07-24 16:30:00,-1.0201274087619032,-1.1122401,0.09211266730316026
2025-07-24 17:00:00,-1.0072361791428568,-1.1094291,0.10219294187459926
2025-07-24 17:30:00,-1.0022061775238098,-1.1086249,0.10641875762633668
2025-07-24 18:00:00,-0.9973672279047608,-1.1096374,0.11227015174154042
2025-07-24 18:30:00,-0.9941476642857136,-1.1121953,0.11804758908647883
2025-07-24 19:00:00,-0.994930118666666,-1.1159465,0.12101641262911034
2025-07-24 19:30:00,-0.9981908620476184,-1.1205019,0.12231101382976195
2025-07-24 20:00:00,-1.003668535428571,-1.12545,0.12178147963948316
2025-07-24 20:30:00,-1.0108335768095242,-1.13037,0.1195364440568698
2025-07-24 21:00:00,-1.0192060311904751,-1.1348712,0.11566521324006684
2025-07-24 21:30:00,-1.0206915555714273,-1.1386029,0.11791129724992278
2025-07-24 22:00:00,-1.024014930952381,-1.1412848,0.11726989246528263
2025-07-24 22:30:00,-1.0266551053333333,-1.1427214,0.11606630923270678
2025-07-24 23:00:00,-1.0271738757142854,-1.142791,0.11561715707685227
2025-07-24 23:30:00,-1.022761287095239,-1.1414421,0.11868077337534211
2025-07-25 00:00:00,-1.0196043554761904,-1.1387303,0.11912593207568944
2025-07-25 00:30:00,-1.0107304938571433,-1.134786,0.12405551593136988
2025-07-25 01:00:00,-0.9966868082380951,-1.1297942,0.1331074317597687
2025-07-25 01:30:00,-0.9830298766190485,-1.1239928,0.14096292409353695
2025-07-25 02:00:00,-0.9638163670000006,-1.1176553,0.15383891025219665
2025-07-25 02:30:00,-0.9417907083809512,-1.1110735,0.16928278557656828
2025-07-25 03:00:00,-0.9188487337619055,-1.1045408,0.18569209112823126
2025-07-25 03:30:00,-0.8967000051428569,-1.0983354,0.20163538017971394
2025-07-25 04:00:00,-0.8711796965238108,-1.0926576,0.22147786954674586
2025-07-25 04:30:00,-0.852378159904762,-1.0876491,0.23527094707460816
2025-07-25 05:00:00,-0.8392683342857153,-1.0833954,0.24412702761461424
2025-07-25 05:30:00,-0.8302989466666674,-1.0799208,0.2496218220711256
2025-07-25 06:00:00,-0.8249174100476184,-1.0771712,0.2522537964266858
2025-07-25 06:30:00,-0.8271763114285724,-1.0750517,0.2478753538775189
2025-07-25 07:00:00,-0.8354585898095246,-1.0734068,0.23794822571934504
2025-07-25 07:30:00,-0.8467563941904769,-1.0720203,0.2252638980916276
2025-07-25 08:00:00,-0.8565425325714289,-1.070653,0.21411042915952816
2025-07-25 08:30:00,-0.8734387159523801,-1.0690358,0.19559705255653104
2025-07-25 09:00:00,-0.8946916083333343,-1.0668842,0.1721925517084748
2025-07-25 09:30:00,-0.9167454217142866,-1.0639244,0.14717901008655565
2025-07-25 10:00:00,-0.9414378760952374,-1.059921,0.11848315013462096
2025-07-25 10:30:00,-0.9584120414761905,-1.0546659,0.09625388164240078
2025-07-25 11:00:00,-0.9775381798571424,-1.0480373,0.0704991107159777
2025-07-25 11:30:00,-0.9919943182380953,-1.0400233,0.048029008635684045
2025-07-25 12:00:00,-1.0059957206190475,-1.030719,0.024723321205293303
2025-07-25 12:30:00,-1.010318744,-1.0203131,0.009994399730163472
2025-07-25 13:00:00,-1.0035783493809511,-1.0090942,0.00551588890029886
2025-07-25 13:30:00,-0.9988615077619055,-0.9974382,-0.0014233153943518095
2025-07-25 14:00:00,-0.9926395741428574,-0.9857677,-0.00687185201303564
2025-07-25 14:30:00,-0.98038549552381,-0.9744935,-0.005891991953253406
2025-07-25 15:00:00,-0.9690333449047627,-0.96402836,-0.005004986445290016
2025-07-25 15:30:00,-0.9560596142857143,-0.954777,-0.001282611951119561
2025-07-25 16:00:00,-0.9405747006666672,-0.94710445,0.006529753373860192
2025-07-25 16:30:00,-0.9257598320476202,-0.9413284,0.015568574286303094
2025-07-25 17:00:00,-0.9155853564285712,-0.93764985,0.022064489648394137
2025-07-25 17:30:00,-0.9045243028095249,-0.93617857,0.031654262215804696
2025-07-25 18:00:00,-0.8941663191904753,-0.9369143,0.04274800556996172
2025-07-25 18:30:00,-0.8900074145714278,-0.93976885,0.0497614362319474
2025-07-25 19:00:00,-0.8923442979523818,-0.94452894,0.05218463938740092
2025-07-25 19:30:00,-0.8964158313333342,-0.95083606,0.054420231098001204
2025-07-25 20:00:00,-0.9003116627142845,-0.95826787,0.057956204850870496
2025-07-25 20:30:00,-0.9050862660952385,-0.96638024,0.06129397243778156
2025-07-25 21:00:00,-0.9135014834761909,-0.974706,0.06120451065299004
2025-07-25 21:30:00,-0.9178717888571419,-0.9828059,0.06493411886914591
2025-07-25 22:00:00,-0.9231385412380957,-0.9902833,0.0671447691752649
2025-07-25 22:30:00,-0.9261005126190476,-0.99678975,0.07068924081799466
2025-07-25 23:00:00,-0.9321505110000001,-1.002043,0.06989249780432116
2025-07-25 23:30:00,-0.9314939313809523,-1.0058649,0.07437092724636707
2025-07-26 00:00:00,-0.9283017807619046,-1.0081594,0.07985761827068816
2025-07-26 00:30:00,-0.9231212961428568,-1.0089061,0.0857848298794821
2025-07-26 01:00:00,-0.9151362065238094,-1.0081824,0.09304619990166663
2025-07-26 01:30:00,-0.9030709859047618,-1.0061742,0.10310322082894186
2025-07-26 02:00:00,-0.8902423882857143,-1.0031403,0.1128979420289219
2025-07-26 02:30:00,-0.8703434836666671,-0.99937224,0.12902876021455845
2025-07-26 03:00:00,-0.8508388770476198,-0.9951683,0.14432945123759744
2025-07-26 03:30:00,-0.8319670334285713,-0.99083275,0.1588657126003289
2025-07-26 04:00:00,-0.8080056728095246,-0.9866256,0.17861993897254935
2025-07-26 04:30:00,-0.7853449261904759,-0.9827614,0.1974164568661647
2025-07-26 05:00:00,-0.7657800125714268,-0.9793915,0.21361150268354756
2025-07-26 05:30:00,-0.7494238709523817,-0.9766322,0.2272083068773607
2025-07-26 06:00:00,-0.7294623343333324,-0.9745211,0.24505876618775524
2025-07-26 06:30:00,-0.7193184277142858,-0.9730222,0.2537037948046351
2025-07-26 07:00:00,-0.7168096090952372,-0.9720385,0.2552288983663107
2025-07-26 07:30:00,-0.7192167994761895,-0.9714205,0.25220372702832705
2025-07-26 08:00:00,-0.7303739898571427,-0.97096884,0.24059485264926594
2025-07-26 08:30:00,-0.740072277238095,-0.9704621,0.23038980657843333
2025-07-26 09:00:00,-0.7542824066190476,-0.9696371,0.2153546893091446
2025-07-26 09:30:00,-0.7703457369999983,-0.9682293,0.19788355682324388
2025-07-26 10:00:00,-0.7917392433809537,-0.96600205,0.17426280368096647
2025-07-26 10:30:00,-0.8124670927619049,-0.96272784,0.15026075195321353
2025-07-26 11:00:00,-0.8323963461428584,-0.9582173,0.1258209766835271
2025-07-26 11:30:00,-0.8513336265238102,-0.9523493,0.1010156786290829
2025-07-26 12:00:00,-0.8592512139047628,-0.94508415,0.0858329407011027
2025-07-26 12:30:00,-0.8656748102857148,-0.9364237,0.07074890864357597
2025-07-26 13:00:00,-0.8677096346666664,-0.92646855,0.05875891649223863
2025-07-26 13:30:00,-0.8631059940476185,-0.91543233,0.052326339898609575
2025-07-26 14:00:00,-0.8576035814285728,-0.9036233,0.04601970148082046
2025-07-26 14:30:00,-0.8451891508095238,-0.89144814,0.04625898933482431
2025-07-26 15:00:00,-0.8334074831904771,-0.8793374,0.04592988720518332
2025-07-26 15:30:00,-0.8179828765714284,-0.8677316,0.049748694626081336
2025-07-26 16:00:00,-0.8056464279523808,-0.85705173,0.051405302203563985
2025-07-26 16:30:00,-0.7910755053333333,-0.84770024,0.056624732894510976
2025-07-26 17:00:00,-0.7756585737142854,-0.8400247,0.06436613598725272
2025-07-26 17:30:00,-0.761931335095238,-0.8342936,0.0723622688018567
2025-07-26 18:00:00,-0.7533837894761906,-0.8306841,0.07730033594724084
2025-07-26 18:30:00,-0.7434904108571416,-0.82921696,0.08572654623514353
2025-07-26 19:00:00,-0.7354350142380953,-0.8297875,0.09435247851397988
2025-07-26 19:30:00,-0.7325516356190478,-0.83217764,0.09962600338852057
2025-07-26 20:00:00,-0.7321465459999993,-0.83605856,0.10391201103353953
2025-07-26 20:30:00,-0.7291026843809523,-0.8410439,0.11194120514160022
2025-07-26 21:00:00,-0.7319240417619054,-0.8466885,0.11476446722552136
2025-07-26 21:30:00,-0.7377357061428572,-0.852544,0.11480830354265914
2025-07-26 22:00:00,-0.7395200025238103,-0.8581734,0.11865336783751779
2025-07-26 22:30:00,-0.7486382899047629,-0.8632002,0.11456189777834258
2025-07-26 23:00:00,-0.7492976742857127,-0.8673084,0.11801070393389179
2025-07-26 23:30:00,-0.7534066206666679,-0.870244,0.11683740551741417
2025-07-27 00:00:00,-0.7532047770476192,-0.87183213,0.1186273552918583
2025-07-27 00:30:00,-0.7523250824285721,-0.8720029,0.11967781721818693
2025-07-27 01:00:00,-0.7477795548095235,-0.8707601,0.12298052838902385
2025-07-27 01:30:00,-0.7371854311904769,-0.86817414,0.13098870449449018
2025-07-27 02:00:00,-0.7281556055714283,-0.86439383,0.1362382247279491
2025-07-27 02:30:00,-0.7137099469523803,-0.8596305,0.14592057815977177
2025-07-27 03:00:00,-0.6962915253333324,-0.8541066,0.15781507971961561
2025-07-27 03:30:00,-0.6793378397142846,-0.84807706,0.16873921907782963
2025-07-27 04:00:00,-0.6575207770952374,-0.8418202,0.1842994033208698
2025-07-27 04:30:00,-0.6378404684761916,-0.83558136,0.19774089377127546
2025-07-27 05:00:00,-0.6182029228571424,-0.8296139,0.21141100116934686
2025-07-27 05:30:00,-0.6006042802380939,-0.82409954,0.22349526047235535
2025-07-27 06:00:00,-0.5856971726190475,-0.8191784,0.23348122980481112
2025-07-27 06:30:00,-0.5730673020000003,-0.81492186,0.24185455392651334
2025-07-27 07:00:00,-0.5603166863809517,-0.8113436,0.251026923905761
2025-07-27 07:30:00,-0.5536398857619048,-0.8083899,0.25475001635296335
2025-07-27 08:00:00,-0.5500160241428582,-0.80592704,0.2559110140498908
2025-07-27 08:30:00,-0.5452046185238093,-0.80378604,0.2585814208286077
2025-07-27 09:00:00,-0.545151063904761,-0.801753,0.2566019206190122
2025-07-27 09:30:00,-0.5474022902857146,-0.7995823,0.2521800122846284
2025-07-27 10:00:00,-0.5493019816666667,-0.79703045,0.24772846724690756
2025-07-27 10:30:00,-0.552901235047619,-0.7938471,0.24094584899779115
2025-07-27 11:00:00,-0.553871585428571,-0.7898137,0.2359421119095333
2025-07-27 11:30:00,-0.5568983828095234,-0.78475654,0.2278581584426128
2025-07-27 12:00:00,-0.5572107511904761,-0.7785625,0.22135173498124627
2025-07-27 12:30:00,-0.5541460585714287,-0.77119255,0.21704649208775095
2025-07-27 13:00:00,-0.5497884269523814,-0.76267993,0.21289150754926656
2025-07-27 13:30:00,-0.5425558833333334,-0.7531072,0.21055130679880774
2025-07-27 14:00:00,-0.5317431637142858,-0.74262965,0.2108864835406581
2025-07-27 14:30:00,-0.5194868910952382,-0.7314609,0.211974037821693
2025-07-27 15:00:00,-0.5045841714761902,-0.7198324,0.21524824887293093
2025-07-27 15:30:00,-0.49013851285714344,-0.7080025,0.21786399482947155
2025-07-27 16:00:00,-0.47333531023809455,-0.6962417,0.222906366569309
2025-07-27 16:30:00,-0.45453377361904923,-0.68480545,0.23027167920458969
2025-07-27 17:00:00,-0.437587763,-0.6739273,0.23633954412890623
2025-07-27 17:30:00,-0.4219423663809523,-0.6637879,0.2418455350205675
2025-07-27 18:00:00,-0.40744175076190414,-0.6545287,0.24708692670162735
2025-07-27 18:30:00,-0.39580837214285675,-0.6462309,0.2504225043029135
2025-07-27 19:00:00,-0.38507130952381025,-0.63890433,0.2538330235908138
2025-07-27 19:30:00,-0.378607754904763,-0.6324961,0.2538883636407692
2025-07-27 20:00:00,-0.3744466562857148,-0.62689364,0.2524469832787994
2025-07-27 20:30:00,-0.37229156666666546,-0.6219271,0.24963551587193927
2025-07-27 21:00:00,-0.37089231004761913,-0.61739016,0.2464978457446172
2025-07-27 21:30:00,-0.3745144574285714,-0.6130484,0.23853391722429113
2025-07-27 22:00:00,-0.3771623068095245,-0.6086718,0.23150947759141544
2025-07-27 22:30:00,-0.3802243231904748,-0.6040347,0.2238103986608741
2025-07-27 23:00:00,-0.3839618655714286,-0.5989222,0.21496032747895594
2025-07-27 23:30:00,-0.38637124995238176,-0.59315705,0.20678580304139266
2025-07-28 00:00:00,-0.3912787923333341,-0.58661306,0.19533426671055015
2025-07-28 00:30:00,-0.39023778371428547,-0.57921994,0.18898215361023846
2025-07-28 01:00:00,-0.39170892009523783,-0.570972,0.17926310529920186
2025-07-28 01:30:00,-0.38837615547619014,-0.56191623,0.17354007663287968
2025-07-28 02:00:00,-0.37988356685714414,-0.55216384,0.17228027248306582
2025-07-28 02:30:00,-0.3727894432380968,-0.5418771,0.1690876476928419
2025-07-28 03:00:00,-0.3566113286190489,-0.53125334,0.17464200924105855
2025-07-28 03:30:00,-0.341872248,-0.52050567,0.1786334187327881
2025-07-28 04:00:00,-0.33283995838095193,-0.50987244,0.17703247814248557
2025-07-28 04:30:00,-0.32548763176190537,-0.49958336,0.17409573177111465
2025-07-28 05:00:00,-0.32165929214285793,-0.489843,0.16818371875954685
2025-07-28 05:30:00,-0.3132622295238102,-0.48082614,0.16756390992626302
2025-07-28 06:00:00,-0.3038753879047618,-0.47266138,0.16878598809468887
2025-07-28 06:30:00,-0.30481928728571356,-0.4654472,0.1606279001379925
2025-07-28 07:00:00,-0.30425275266666574,-0.45921117,0.15495841800670462
2025-07-28 07:30:00,-0.30935244004761797,-0.4539438,0.14459134895766157
2025-07-28 08:00:00,-0.3138502034285724,-0.44957396,0.13572376045196655
2025-07-28 08:30:00,-0.31675077480952296,-0.4459591,0.12920831637700048
2025-07-28 09:00:00,-0.32929011819047577,-0.4429252,0.11363509657698029
2025-07-28 09:30:00,-0.34537647357142853,-0.44022873,0.09485225686871124
2025-07-28 10:00:00,-0.3687363819523798,-0.43760917,0.06887278395452634
2025-07-28 10:30:00,-0.3847152873333336,-0.43485245,0.05013716375271071
2025-07-28 11:00:00,-0.40282423371428533,-0.43180257,0.028978337105569407
2025-07-28 11:30:00,-0.42135269709523815,-0.42838004,0.00702734521929127
2025-07-28 12:00:00,-0.44385809047619185,-0.424533,-0.019325080947078077
2025-07-28 12:30:00,-0.46651931685714265,-0.42022663,-0.04629268330840608
2025-07-28 13:00:00,-0.48974532423809597,-0.41551012,-0.07423520623043606
2025-07-28 13:30:00,-0.5077136566190472,-0.41047564,-0.09723801513001828
2025-07-28 14:00:00,-0.5167484810000006,-0.40527502,-0.11147346397691404
2025-07-28 14:30:00,-0.5182208493809517,-0.4000818,-0.118139036045533
2025-07-28 15:00:00,-0.5175268567619037,-0.3950601,-0.12246676455113403
2025-07-28 15:30:00,-0.5128308461428562,-0.39041656,-0.12241428358563577
2025-07-28 16:00:00,-0.5071757565238093,-0.3863899,-0.12078584534903514
2025-07-28 16:30:00,-0.4977998769047618,-0.38326332,-0.11453655717400313
2025-07-28 17:00:00,-0.4888281642857135,-0.38127387,-0.10755429858594545
2025-07-28 17:30:00,-0.475936934666667,-0.38061506,-0.0953218791056013
2025-07-28 18:00:00,-0.4643364500476192,-0.38143307,-0.08290338034165606
2025-07-28 18:30:00,-0.45519890442857197,-0.38384593,-0.07135297909745625
2025-07-28 19:00:00,-0.4452078058095236,-0.38793883,-0.05726897853329377
2025-07-28 19:30:00,-0.436923944190475,-0.3937603,-0.04316365046832227
2025-07-28 20:00:00,-0.4323738975714276,-0.4012864,-0.03108750416742062
2025-07-28 20:30:00,-0.4263749479523806,-0.4103797,-0.015995240139117683
2025-07-28 21:00:00,-0.4261884543333326,-0.42078143,-0.00540702075102667
2025-07-28 21:30:00,-0.42484196071428565,-0.43215224,0.007310280754143916
2025-07-28 22:00:00,-0.42443687109523925,-0.44409502,0.019658144430578617
2025-07-28 22:30:00,-0.42451625547619115,-0.4561986,0.03168234743861903
2025-07-28 23:00:00,-0.4285350258571442,-0.4680505,0.0395154838340942
2025-07-28 23:30:00,-0.43288778723809324,-0.47927257,0.04638478694823184
2025-07-29 00:00:00,-0.43507638161904555,-0.48951882,0.054442439620425886
2025-07-29 00:30:00,-0.43836686299999866,-0.4985044,0.060137537253297235
2025-07-29 01:00:00,-0.4375773443809519,-0.5060309,0.06845357278671166
2025-07-29 01:30:00,-0.4352991847619051,-0.5119738,0.0766746135130888
2025-07-29 02:00:00,-0.43329238414285776,-0.5162869,0.08299452543737296
2025-07-29 02:30:00,-0.42320795352380924,-0.5190117,0.09580372278768368
2025-07-29 03:00:00,-0.41596869690476224,-0.52024263,0.10427393453063205
2025-07-29 03:30:00,-0.40574145828571423,-0.52014947,0.11440801108989612
2025-07-29 04:00:00,-0.39110022866666777,-0.51893353,0.1278333059555246
2025-07-29 04:30:00,-0.37924592904761956,-0.5168171,0.13757116384788826
2025-07-29 05:00:00,-0.3686220674285713,-0.5140247,0.14540260746385425
2025-07-29 05:30:00,-0.3626055738095235,-0.51079404,0.14818846973143107
2025-07-29 06:00:00,-0.3602923261904759,-0.5073595,0.14706717850923112
2025-07-29 06:30:00,-0.3585590785714297,-0.50391984,0.14536076128757908
2025-07-29 07:00:00,-0.3552164449523806,-0.50064427,0.14542782165299661
2025-07-29 07:30:00,-0.3584244253333335,-0.49764046,0.13921603539626548
2025-07-29 08:00:00,-0.35981442371428696,-0.49495813,0.1351437087911299
2025-07-29 08:30:00,-0.3707530180952379,-0.4926053,0.12185228066231518
2025-07-29 09:00:00,-0.38373051547618947,-0.49050856,0.10677804088977733
2025-07-29 09:30:00,-0.40028818885714296,-0.48856384,0.08827564676373717
2025-07-29 10:00:00,-0.41603739723809435,-0.48663718,0.07059977784506605
2025-07-29 10:30:00,-0.433872790619048,-0.48455662,0.05068382473358263
2025-07-29 11:00:00,-0.45279787699999985,-0.48215976,0.02936188657460037
2025-07-29 11:30:00,-0.4736411213809521,-0.47931197,0.005670851475569505
2025-07-29 12:00:00,-0.4916445417619028,-0.47594297,-0.01570157243969822
2025-07-29 12:30:00,-0.5116616461428566,-0.4720549,-0.0396067474039955
2025-07-29 13:00:00,-0.5355753735238096,-0.46770614,-0.06786922966776099
2025-07-29 13:30:00,-0.5529987939047619,-0.46297643,-0.09002236801860775
2025-07-29 14:00:00,-0.5662268192857138,-0.45800012,-0.10822669578488986
2025-07-29 14:30:00,-0.5714957656666666,-0.4529237,-0.11857208035439548
2025-07-29 15:00:00,-0.5730362470476189,-0.44795412,-0.12508212879581837
2025-07-29 15:30:00,-0.569475017428571,-0.44333282,-0.12614219629781842
2025-07-29 16:00:00,-0.5662477788095226,-0.4393261,-0.12692167130753895
2025-07-29 16:30:00,-0.5600554521904757,-0.4361854,-0.12387006243331933
2025-07-29 17:00:00,-0.5533006695714292,-0.434141,-0.11915965952542396
2025-07-29 17:30:00,-0.5447080359523813,-0.43339112,-0.1113169119422952
2025-07-29 18:00:00,-0.5372678583333341,-0.43410254,-0.10316532308553139
2025-07-29 18:30:00,-0.5312689087142846,-0.43638006,-0.09488885018729176
2025-07-29 19:00:00,-0.5281799590952388,-0.44028482,-0.08789514068436544
2025-07-29 19:30:00,-0.5252591674761903,-0.445859,-0.07940018229056711
2025-07-29 20:00:00,-0.525353901857144,-0.45307872,-0.07227518486381213
2025-07-29 20:30:00,-0.527534821238094,-0.4618393,-0.06569553276496476
2025-07-29 21:00:00,-0.5352546436190486,-0.47193256,-0.06332208341358903
2025-07-29 21:30:00,-0.5376190709999996,-0.48306656,-0.05455251216210899
2025-07-29 22:00:00,-0.5422255163809526,-0.49487865,-0.047346866669343735
2025-07-29 22:30:00,-0.5485391987619056,-0.50698733,-0.04155186546417611
2025-07-29 23:00:00,-0.554950732142856,-0.5190091,-0.03594161883108837
2025-07-29 23:30:00,-0.5595144145238091,-0.530585,-0.028929423545568156
2025-07-30 00:00:00,-0.561132877904762,-0.5413934,-0.019739478666175536
2025-07-30 00:30:00,-0.565847043285714,-0.5511718,-0.014675263653145643
2025-07-30 01:00:00,-0.5694264276666666,-0.5597335,-0.009692917649271604
2025-07-30 01:30:00,-0.5688730490476186,-0.56698126,-0.001891793039470402
2025-07-30 02:00:00,-0.5677648894285698,-0.57289267,0.005127776434467268
2025-07-30 02:30:00,-0.5638619938095248,-0.5775213,0.013659330348190002
2025-07-30 03:00:00,-0.5568283081904759,-0.5809881,0.024159800921309982
2025-07-30 03:30:00,-0.5514643155714287,-0.5834895,0.03202516206300121
2025-07-30 04:00:00,-0.5391003229523811,-0.5852261,0.04612579561222463
2025-07-30 04:30:00,-0.5283984793333323,-0.58640426,0.0580057846399038
2025-07-30 05:00:00,-0.522841240714287,-0.587232,0.06439075296094499
2025-07-30 05:30:00,-0.5177661510952378,-0.58790314,0.070136990880165
2025-07-30 06:00:00,-0.5142653594761918,-0.58857816,0.07431280510129235
2025-07-30 06:30:00,-0.5129264098571418,-0.5893626,0.07643621145023127
2025-07-30 07:00:00,-0.5137868462380948,-0.5903384,0.07655156270889618
2025-07-30 07:30:00,-0.5116394316190478,-0.5915578,0.07991836915075812
2025-07-30 08:00:00,-0.5179180259999997,-0.59302104,0.07510300919439727
2025-07-30 08:30:00,-0.5240361373809534,-0.59469116,0.07065501996004997
2025-07-30 09:00:00,-0.5372168807619024,-0.59648985,0.05927296594448794
2025-07-30 09:30:00,-0.5474171861428585,-0.59829855,0.050881363509241107
2025-07-30 10:00:00,-0.5622073155238109,-0.59999233,0.037785019318871016
2025-07-30 10:30:00,-0.5791891559047616,-0.60140824,0.02221908727455968
2025-07-30 11:00:00,-0.5934970052857163,-0.6023843,0.008887323556446836
2025-07-30 11:30:00,-0.6085904256666679,-0.60280746,-0.005782963451244294
2025-07-30 12:00:00,-0.6271112140476208,-0.6026149,-0.024496334439466527
2025-07-30 12:30:00,-0.6459781874285712,-0.60179174,-0.04418644796476501
2025-07-30 13:00:00,-0.668844984809523,-0.6003768,-0.06846820000803988
2025-07-30 13:30:00,-0.6834362561904759,-0.5984559,-0.08498035027616924
2025-07-30 14:00:00,-0.6967621325714285,-0.5961228,-0.10063933126756497
2025-07-30 14:30:00,-0.701538929952381,-0.59352595,-0.10801298381209168
2025-07-30 15:00:00,-0.7038527883333328,-0.5908383,-0.11301447523061059
2025-07-30 15:30:00,-0.7036432697142857,-0.5882799,-0.11536336677925763
2025-07-30 16:00:00,-0.7007774350952373,-0.58606637,-0.11471106985323287
2025-07-30 16:30:00,-0.6946126524761904,-0.58441734,-0.11019530933654198
2025-07-30 17:00:00,-0.689512343857142,-0.5835516,-0.10596075818285611
2025-07-30 17:30:00,-0.6809900172380953,-0.5836454,-0.09734461385293292
2025-07-30 18:00:00,-0.6708307606190481,-0.5848342,-0.0859965425938406
2025-07-30 18:30:00,-0.6630390479999976,-0.58723134,-0.07580770997585817
2025-07-30 19:00:00,-0.6523525543809527,-0.5909217,-0.0614308543801898
2025-07-30 19:30:00,-0.6435665437619046,-0.59598374,-0.04758280009430205
2025-07-30 20:00:00,-0.6325736031428569,-0.6024228,-0.03015082930481372
2025-07-30 20:30:00,-0.6235239085238095,-0.6101806,-0.013343292145025276
2025-07-30 21:00:00,-0.6144292569047625,-0.61909807,0.004668810378867905
2025-07-30 21:30:00,-0.607305395285713,-0.6289401,0.021634710152519387
2025-07-30 22:00:00,-0.5987578496666665,-0.6394195,0.04066164639275127
2025-07-30 22:30:00,-0.5944660060476192,-0.6502175,0.05575146745930826
2025-07-30 23:00:00,-0.5909047764285726,-0.6609962,0.07009142222560216
2025-07-30 23:30:00,-0.5861307838095247,-0.6714396,0.08530880426039111
2025-07-31 00:00:00,-0.586217843190476,-0.6812516,0.09503374229307504
2025-07-31 00:30:00,-0.5843989385714282,-0.6901637,0.10576473339893921
2025-07-31 01:00:00,-0.580837708952382,-0.6979699,0.11713220453028406
2025-07-31 01:30:00,-0.580776479333333,-0.7045049,0.12372842779786208
2025-07-31 02:00:00,-0.5767857327142843,-0.70966613,0.13288040021265657
2025-07-31 02:30:00,-0.572925731095239,-0.7133908,0.14046509608371605
2025-07-31 03:00:00,-0.5689426594761915,-0.7156693,0.14672661485394767
2025-07-31 03:30:00,-0.560728973857143,-0.71653384,0.15580486584546316
2025-07-31 04:00:00,-0.5502984892380951,-0.7160644,0.16576590428226012
2025-07-31 04:30:00,-0.5443544966190473,-0.7143613,0.17000681338614065
2025-07-31 05:00:00,-0.539025723000001,-0.711568,0.17254227493243313
2025-07-31 05:30:00,-0.5370364663809523,-0.707854,0.17081750653088246
2025-07-31 06:00:00,-0.5365687447619033,-0.7033905,0.16682173432592629
2025-07-31 06:30:00,-0.5366810231428569,-0.69837314,0.1616921157617146
2025-07-31 07:00:00,-0.5395023805238088,-0.6929885,0.1534861343763987
2025-07-31 07:30:00,-0.5397300539047619,-0.6873937,0.14766367101360356
2025-07-31 08:00:00,-0.5450824632857139,-0.6817387,0.13665621135494166
2025-07-31 08:30:00,-0.5521970666666665,-0.676132,0.12393495666783672
2025-07-31 09:00:00,-0.5613933360476178,-0.6706487,0.10925535799077335
2025-07-31 09:30:00,-0.5737556144285716,-0.6653329,0.09157729897017108
2025-07-31 10:00:00,-0.5840988588095241,-0.6601793,0.07608045818800402
2025-07-31 10:30:00,-0.595795480190477,-0.65513444,0.05933895927790678
2025-07-31 11:00:00,-0.608197365571429,-0.6501484,0.04195102615220381
2025-07-31 11:30:00,-0.6219703029523806,-0.6451804,0.02321010123386813
2025-07-31 12:00:00,-0.6381709603333325,-0.64022195,0.002050993058696271
2025-07-31 12:30:00,-0.6503016177142833,-0.6352959,-0.015005690189716647
2025-07-31 13:00:00,-0.6643304330952374,-0.6304473,-0.0338831050045697
2025-07-31 13:30:00,-0.6753361784761905,-0.6257503,-0.04958587520775792
2025-07-31 14:00:00,-0.6855035898571427,-0.62127244,-0.06423114513210604
2025-07-31 14:30:00,-0.6893740712380955,-0.6171042,-0.07226989853149146
2025-07-31 15:00:00,-0.6923833246190481,-0.613354,-0.0790292973477773
2025-07-31 15:30:00,-0.6931581039999993,-0.6101428,-0.08301527696600275
2025-07-31 16:00:00,-0.695710427380952,-0.60760814,-0.08810228786602892
2025-07-31 16:30:00,-0.6978990217619043,-0.6058703,-0.09202871527005252
2025-07-31 17:00:00,-0.7004314761428572,-0.6050312,-0.09540028384015331
2025-07-31 17:30:00,-0.6958660795238084,-0.60517305,-0.09069302816653912
2025-07-31 18:00:00,-0.689859454904762,-0.6063614,-0.08349806574460572
2025-07-31 18:30:00,-0.6822259002857145,-0.60865396,-0.0735719376735624
2025-07-31 19:00:00,-0.6751548016666663,-0.61206716,-0.06308763867609624
2025-07-31 19:30:00,-0.6665698430476191,-0.6165935,-0.04997636293745067
2025-07-31 20:00:00,-0.6584242704285714,-0.62218475,-0.036239517010602684
2025-07-31 20:30:00,-0.6510016368095247,-0.62875795,-0.02224368316572589
2025-07-31 21:00:00,-0.6421705381904756,-0.6361668,-0.006003727201095765
2025-07-31 21:30:00,-0.6318026855714289,-0.64422524,0.01242255418229421
2025-07-31 22:00:00,-0.6220675959523799,-0.65271693,0.030649338728558795
2025-07-31 22:30:00,-0.615548953333333,-0.66143304,0.045884087762400605
2025-07-31 23:00:00,-0.6102453987142864,-0.670182,0.0599365909555134
2025-07-31 23:30:00,-0.6053384670952379,-0.6788002,0.07346175816263567
2025-08-01 00:00:00,-0.59785539547619,-0.6871098,0.08925443251911025
2025-08-01 00:30:00,-0.592948463857142,-0.6949314,0.1019829240441642
2025-08-01 01:00:00,-0.5901606112380949,-0.7020874,0.11192679110565507
2025-08-01 01:30:00,-0.5863181536190474,-0.708427,0.12210885834765794
2025-08-01 02:00:00,-0.5806124949999996,-0.71381974,0.13320724720275923
2025-08-01 02:30:00,-0.5762075813809541,-0.7181704,0.14196282305325003
2025-08-01 03:00:00,-0.5708183697619036,-0.7214223,0.15060394488195628
2025-08-01 03:30:00,-0.565341307142856,-0.72354734,0.15820603229653607
2025-08-01 04:00:00,-0.5530751655238095,-0.72453386,0.17145869039126005
2025-08-01 04:30:00,-0.5525294619047618,-0.72439295,0.17186348863005874
2025-08-01 05:00:00,-0.5512180562857135,-0.7231775,0.17195943633284727
2025-08-01 05:30:00,-0.5520081856666667,-0.7209772,0.1689690014900106
2025-08-01 06:00:00,-0.5536419990476192,-0.7179076,0.16426560850777017
2025-08-01 06:30:00,-0.5542135324285705,-0.7140798,0.1598662648393433
2025-08-01 07:00:00,-0.5587069078095235,-0.70961607,0.1509091572158061
2025-08-01 07:30:00,-0.5613250191904771,-0.70465183,0.14332681339008935
2025-08-01 08:00:00,-0.5649296225714276,-0.6993182,0.1343885479760577
2025-08-01 08:30:00,-0.5735458919523807,-0.6937241,0.12017820386899991
2025-08-01 09:00:00,-0.586181723333333,-0.68796355,0.10178182198908525
2025-08-01 09:30:00,-0.5934972477142849,-0.68211013,0.08861288307261084
2025-08-01 10:00:00,-0.5981235620952368,-0.6762187,0.07809512639276983
2025-08-01 10:30:00,-0.6010449644761913,-0.67028254,0.06923757822934462
2025-08-01 11:00:00,-0.6036071568571432,-0.6643346,0.06072743834625649
2025-08-01 11:30:00,-0.6060638232380949,-0.6584251,0.05236126945904862
2025-08-01 12:00:00,-0.6095750946190484,-0.6526256,0.04305052574609447
2025-08-01 12:30:00,-0.6131513229999994,-0.64702183,0.03387050708194028
2025-08-01 13:00:00,-0.6158639983809518,-0.6416928,0.025828818830199274
2025-08-01 13:30:00,-0.6213285157619044,-0.6367323,0.015403764492459615
2025-08-01 14:00:00,-0.623230401142858,-0.63221943,0.00898903264162687
2025-08-01 14:30:00,-0.6247005755238083,-0.6282241,0.003523499316737344
2025-08-01 15:00:00,-0.6219676799047618,-0.62483144,0.0028637581598134343
2025-08-01 15:30:00,-0.6235784682857135,-0.6221542,-0.0014242920505145307
2025-08-01 16:00:00,-0.6249432476666663,-0.6202746,-0.004668644299814506
2025-08-01 16:30:00,-0.6230341670476172,-0.6192255,-0.003808665033457004
2025-08-01 17:00:00,-0.6189380254285718,-0.6189891,5.108456440916509e-05
2025-08-01 17:30:00,-0.6157634188095228,-0.61950845,0.0037450264533861466
2025-08-01 18:00:00,-0.6085692501904775,-0.6207017,0.012132420456190007
2025-08-01 18:30:00,-0.601779379571428,-0.62247837,0.020698986326704305
2025-08-01 19:00:00,-0.5954113509523817,-0.624748,0.029336640609507914
2025-08-01 19:30:00,-0.5881896383333329,-0.62741876,0.03922911815165242
2025-08-01 20:00:00,-0.5791576187142845,-0.6304202,0.051262589263010416
2025-08-01 20:30:00,-0.5691489760952384,-0.6336752,0.0645262415332406
2025-08-01 21:00:00,-0.5568805094761904,-0.6371058,0.080225313086981
2025-08-01 21:30:00,-0.542643577857144,-0.64060897,0.09796538849341141
2025-08-01 22:00:00,-0.5322734002380944,-0.64410263,0.11182923276132573
2025-08-01 22:30:00,-0.5214837056190477,-0.6475219,0.12603820743255756
2025-08-01 23:00:00,-0.5092252389999997,-0.6507982,0.1415729625609744
2025-08-01 23:30:00,-0.5009489213809523,-0.6538515,0.15290258771328602
2025-08-02 00:00:00,-0.4918137007619044,-0.6566083,0.16479458275784048
2025-08-02 00:30:00,-0.48266848014285607,-0.6589803,0.17631182982037025
2025-08-02 01:00:00,-0.47355847852380895,-0.66088146,0.18732298118917323
2025-08-02 01:30:00,-0.46880202990476183,-0.6622404,0.19343835610445448
2025-08-02 02:00:00,-0.4592448362857131,-0.66299725,0.2037524095028611
2025-08-02 02:30:00,-0.45070715966666663,-0.66309667,0.21238950666939294
2025-08-02 03:00:00,-0.444481939047618,-0.6624888,0.21800687912102212
2025-08-02 03:30:00,-0.43767671842857014,-0.66112065,0.22344393472389568
2025-08-02 04:00:00,-0.4315042608095248,-0.6589323,0.22742806741465732
2025-08-02 04:30:00,-0.42696640819047527,-0.65589523,0.2289288249638216
2025-08-02 05:00:00,-0.4199479415714282,-0.65200555,0.23205761167411626
2025-08-02 05:30:00,-0.41364254495238095,-0.6472719,0.2336293266143915
2025-08-02 06:00:00,-0.40634065633333266,-0.641741,0.23540032143079698
2025-08-02 06:30:00,-0.4012832417142853,-0.6354804,0.23419716218586117
2025-08-02 07:00:00,-0.4000849060952387,-0.62857,0.2284851141035833
2025-08-02 07:30:00,-0.4003125794761905,-0.6210956,0.22078301826779756
2025-08-02 08:00:00,-0.4034228398571418,-0.6131721,0.20974927403827448
2025-08-02 08:30:00,-0.4091114342380952,-0.6048954,0.1957839786838103
2025-08-02 09:00:00,-0.41158893161904875,-0.5963504,0.18476144021856722
2025-08-02 09:30:00,-0.4192659909999998,-0.5876255,0.16835951254003928
2025-08-02 10:00:00,-0.4237593663809541,-0.57880193,0.15504256356976004
2025-08-02 10:30:00,-0.43554383876190544,-0.56995374,0.13440990088119148
2025-08-02 11:00:00,-0.44703940814285736,-0.56115705,0.11411763960570831
2025-08-02 11:30:00,-0.4508419075238106,-0.55246645,0.10162454459792403
2025-08-02 12:00:00,-0.4554704159047614,-0.54392165,0.08845123355126278
2025-08-02 12:30:00,-0.4548940122857139,-0.5355439,0.08064990632390523
2025-08-02 13:00:00,-0.4571397576666662,-0.52735347,0.07021370789043219
2025-08-02 13:30:00,-0.4560008980476182,-0.51939404,0.06339314206010888
2025-08-02 14:00:00,-0.45574094142857147,-0.5117273,0.055986332035631414
2025-08-02 14:30:00,-0.4507658968095243,-0.504441,0.053675126063400525
2025-08-02 15:00:00,-0.44688822019047514,-0.49764603,0.05075781357341036
2025-08-02 15:30:00,-0.44817501757142875,-0.4914362,0.04326119568349984
2025-08-02 16:00:00,-0.4485356299523807,-0.48591715,0.03738152102189296
2025-08-02 16:30:00,-0.44891378633333306,-0.4811677,0.032253917533625553
2025-08-02 17:00:00,-0.4471553197142862,-0.47728658,0.030131257510445264
2025-08-02 17:30:00,-0.44538685309523923,-0.47437066,0.028983805302435328
2025-08-02 18:00:00,-0.44364593047619016,-0.47245073,0.02880480270862429
2025-08-02 18:30:00,-0.43917838485714383,-0.47151196,0.03233357517245822
2025-08-02 19:00:00,-0.4303045232380954,-0.47147048,0.04116595195874295
2025-08-02 19:30:00,-0.42771004761904735,-0.47221807,0.044508018834886365
2025-08-02 20:00:00,-0.41711140500000016,-0.4736122,0.05650078429290756
2025-08-02 20:30:00,-0.40625140338095267,-0.4754999,0.06924849481431405
2025-08-02 21:00:00,-0.3968853927619057,-0.47770232,0.08081692686013409
2025-08-02 21:30:00,-0.38518170714285765,-0.4800417,0.09486000537964906
2025-08-02 22:00:00,-0.37023170552380846,-0.4823885,0.11215679087511732
2025-08-02 22:30:00,-0.3567153879047618,-0.48464838,0.1279329887985005
2025-08-02 23:00:00,-0.344685386285715,-0.4867579,0.14207251800543796
2025-08-02 23:30:00,-0.3336495516666667,-0.48866487,0.1550153138271077
2025-08-03 00:00:00,-0.3201958660476188,-0.49032965,0.17013378697705467
2025-08-03 00:30:00,-0.3091523564285711,-0.49172494,0.1825725817256495
2025-08-03 01:00:00,-0.2964972668095255,-0.49281666,0.19631939001840115
2025-08-03 01:30:00,-0.2877311251904775,-0.49354246,0.20581133739687907
2025-08-03 02:00:00,-0.27828932657142896,-0.49386874,0.2155794118414281
2025-08-03 02:30:00,-0.2698471759523808,-0.49373385,0.22388667714934957
2025-08-03 03:00:00,-0.2614424383333328,-0.4930637,0.23162124994486544
2025-08-03 03:30:00,-0.253449673714283,-0.4917949,0.23834524029290388
2025-08-03 04:00:00,-0.2465466020952392,-0.48986456,0.24331795588625188
2025-08-03 04:30:00,-0.2417099774761905,-0.48719752,0.24548754087250335
2025-08-03 05:00:00,-0.23792795785714393,-0.4837321,0.2458041464443087
2025-08-03 05:30:00,-0.23350317523809433,-0.47943223,0.24592904998926163
2025-08-03 06:00:00,-0.23016054161904784,-0.47429627,0.24413573018194704
2025-08-03 06:30:00,-0.22631589000000088,-0.46833137,0.24201547677741916
2025-08-03 07:00:00,-0.22423878238095377,-0.46157303,0.23733425214396384
2025-08-03 07:30:00,-0.21801136776190314,-0.45406568,0.23605431274194208
2025-08-03 08:00:00,-0.2147741291428572,-0.44588587,0.23111173773755966
2025-08-03 08:30:00,-0.2095485565238106,-0.43712533,0.2275767686791313
2025-08-03 09:00:00,-0.20393855490476107,-0.42788786,0.22394930205553557
2025-08-03 09:30:00,-0.1963753072857134,-0.4182805,0.22190520480878428
2025-08-03 10:00:00,-0.18755640266666426,-0.40840855,0.22085214974155412
2025-08-03 10:30:00,-0.1787802610476205,-0.39837787,0.21959760450528173
2025-08-03 11:00:00,-0.16980319842857136,-0.38829988,0.21849668398338543
2025-08-03 11:30:00,-0.1616873638095224,-0.37828842,0.2166010542450583
2025-08-03 12:00:00,-0.1518589421904754,-0.36844566,0.21658672245376592
2025-08-03 12:30:00,-0.14295438057143028,-0.358865,0.2159106122855491
2025-08-03 13:00:00,-0.1323701259523816,-0.34962055,0.2172504249185138
2025-08-03 13:30:00,-0.12308648533333351,-0.3407796,0.2176931171942849
2025-08-03 14:00:00,-0.11670530071428734,-0.3323685,0.21566319236585182
2025-08-03 14:30:00,-0.11110516809523663,-0.3244028,0.21329764104782978
2025-08-03 15:00:00,-0.10343104447619184,-0.3168758,0.2134447411130263
2025-08-03 15:30:00,-0.09981705185714064,-0.30975845,0.2099414027040929
2025-08-03 16:00:00,-0.0987165672380952,-0.3029978,0.20428123048948965
2025-08-03 16:30:00,-0.09711406461904716,-0.2965168,0.19940274126817514
2025-08-03 17:00:00,-0.09784156200000126,-0.29022935,0.19238778832844416
2025-08-03 17:30:00,-0.09578199838095237,-0.28404686,0.18826486016816568
2025-08-03 18:00:00,-0.09665997876190574,-0.2778915,0.1812315081212577
2025-08-03 18:30:00,-0.09472348514285651,-0.27168697,0.17696348604473505
2025-08-03 19:00:00,-0.09361532552380951,-0.26537123,0.17175590770105925
2025-08-03 19:30:00,-0.09201501690476004,-0.25888517,0.16687015808494027
2025-08-03 20:00:00,-0.0854283922857153,-0.25218523,0.16675683320104007
2025-08-03 20:30:00,-0.0811014606666686,-0.24526303,0.1641615644979356
2025-08-03 21:00:00,-0.07128838904761828,-0.23813877,0.16685037604904615
2025-08-03 21:30:00,-0.06062163342857329,-0.23083769,0.17021605442142518
2025-08-03 22:00:00,-0.04857408780952432,-0.22341354,0.1748394541035082
2025-08-03 22:30:00,-0.038198560190477765,-0.21595187,0.17775331466170272
2025-08-03 23:00:00,-0.025430269571426987,-0.20854859,0.18311832096945893
2025-08-03 23:30:00,-0.015366669952378972,-0.20131287,0.1859461998348372
2025-08-04 00:00:00,-0.0026633363333340328,-0.19433552,0.19167218393415253
2025-08-04 00:30:00,0.013339076285716997,-0.18770438,0.20104346061265183
2025-08-04 01:00:00,0.02511306890476272,-0.18147948,0.20659255274761246
2025-08-04 01:30:00,0.03942578852380924,-0.17569953,0.21512532055582217
2025-08-04 02:00:00,0.05126473814285821,-0.17037979,0.22164452582634514
2025-08-04 02:30:00,0.06256193176190285,-0.16548645,0.22804838672558692
2025-08-04 03:00:00,0.07046684538095287,-0.16096574,0.23143258606164746
2025-08-04 03:30:00,0.07898697799999939,-0.15671894,0.23570591754276976
2025-08-04 04:00:00,0.08623925961904798,-0.15261814,0.2388573996012715
2025-08-04 04:30:00,0.09277325223809543,-0.1485164,0.24128965388661686
2025-08-04 05:00:00,0.09695956985714298,-0.14427911,0.2412386773085819
2025-08-04 05:30:00,0.09946838847619073,-0.13977323,0.2392416232011892
2025-08-04 06:00:00,0.10357672409523908,-0.13489866,0.23847538666237775
2025-08-04 06:30:00,0.10189014771428587,-0.12956873,0.23145887353864195
2025-08-04 07:00:00,0.09456694833333322,-0.12369306,0.21826000473792384
2025-08-04 07:30:00,0.08766778495238095,-0.11721672,0.20488450612948209
2025-08-04 08:00:00,0.07825291957142955,-0.110100105,0.18835302497628337
2025-08-04 08:30:00,0.06371112419047638,-0.10233555,0.1660466740814714
2025-08-04 09:00:00,0.05367117080952273,-0.09394485,0.14761601839329347
2025-08-04 09:30:00,0.04206459442857156,-0.08499311,0.12705770353558907
2025-08-04 10:00:00,0.03159293004762029,-0.07556724,0.10716016808043813
2025-08-04 10:30:00,0.02227139666666603,-0.065772675,0.08804407164444542
2025-08-04 11:00:00,0.010037538285713197,-0.055725988,0.06576352628634453
2025-08-04 11:30:00,0.005129995904760849,-0.045557402,0.050687397979097853
2025-08-04 12:00:00,0.0049956545238088144,-0.035408977,0.04040463194294677
2025-08-04 12:30:00,0.0012811371428575156,-0.025407474,0.02668861163087746
2025-08-04 13:00:00,0.0031856987619031073,-0.015697263,0.01888296194311267
2025-08-04 13:30:00,0.0038148653809513327,-0.006459331,0.010274196520873476
2025-08-04 14:00:00,0.007813287000000288,0.002123019,0.00569026804046314
2025-08-04 14:30:00,0.014116489619049849,0.009865094,0.0042513956427906174
2025-08-04 15:00:00,0.01783368323809702,0.01656876,0.0012649237818201271
2025-08-04 15:30:00,0.021841973857140914,0.02207852,-0.000236545829915627
2025-08-04 16:00:00,0.026028291476188466,0.026275262,-0.00024697076040668814
2025-08-04 16:30:00,0.02643338109523834,0.02908993,-0.0026565484407466526
2025-08-04 17:00:00,0.023064917714286485,0.030505838,-0.007440920158337912
2025-08-04 17:30:00,0.02571215633333311,0.030531792,-0.00481963563680067
2025-08-04 18:00:00,0.024148649952381706,0.029249365,-0.00510071455779686
2025-08-04 18:30:00,0.021405274571428635,0.026819147,-0.005413872598161361
2025-08-04 19:00:00,0.02047453119047715,0.023424907,-0.002950375465668901
2025-08-04 19:30:00,0.02053795480952426,0.019292586,0.0012453692577855217
2025-08-04 20:00:00,0.021935017428571155,0.014653691,0.0072813263379277494
2025-08-04 20:30:00,0.025347958047618756,0.009750616,0.01559734224223126
2025-08-04 21:00:00,0.028015065666665603,0.0048299297,0.023185135990758707
2025-08-04 21:30:00,0.03584419128571325,0.0001057553,0.03573843598393877
2025-08-04 22:00:00,0.04431156090476295,-0.0042471774,0.04855873829700729
2025-08-04 22:30:00,0.054476167523810105,-0.008091914,0.06256808106000109
2025-08-04 23:00:00,0.0687758621428555,-0.011354991,0.08013085337769446
2025-08-04 23:30:00,0.08125292476190654,-0.014039887,0.09529281187726585
2025-08-05 00:00:00,0.09985121538095232,-0.01615981,0.11601102550678011
2025-08-05 00:30:00,0.11508011999999954,-0.017766668,0.13284678752994014
2025-08-05 01:00:00,0.12964117361904778,-0.018941108,0.14858228175641694
2025-08-05 01:30:00,0.14528437623809567,-0.01976887,0.16505324574242822
2025-08-05 02:00:00,0.1628257368571455,-0.020325037,0.1831507735765869
2025-08-05 02:30:00,0.17727372047618772,-0.020665688,0.1979394089163914
2025-08-05 03:00:00,0.18925863409523974,-0.020817244,0.21007587852065573
2025-08-05 03:30:00,0.1981500397142868,-0.020791521,0.2189415610101919
2025-08-05 04:00:00,0.2111720143333354,-0.020556772,0.23172878646108294
2025-08-05 04:30:00,0.21588569995238102,-0.02005344,0.23593914065732277
2025-08-05 05:00:00,0.21553276257142545,-0.019197872,0.23473063447997095
2025-08-05 05:30:00,0.20911355419047611,-0.017874194,0.22698774849959152
2025-08-05 06:00:00,0.20076096880952457,-0.015969785,0.21673075373987297
2025-08-05 06:30:00,0.18875022542856848,-0.013345605,0.20209583019100344
2025-08-05 07:00:00,0.17539597404762028,-0.009884393,0.1852803668902707
2025-08-05 07:30:00,0.1610826436666639,-0.0055017974,0.16658444108943057
2025-08-05 08:00:00,0.14528067228571478,-0.00014011681,0.14542078909767758
2025-08-05 08:30:00,0.13194177090476278,0.0062421304,0.12569964048738602
2025-08-05 09:00:00,0.11332532552380935,0.013647492,0.09967783348013536
2025-08-05 09:30:00,0.09780690714285711,0.022028927,0.07577798038289885
2025-08-05 10:00:00,0.08447568076190581,0.031285398,0.05319028305348983
2025-08-05 10:30:00,0.07190015638095108,0.04131077,0.03058938780647484
2025-08-05 11:00:00,0.06193599099999895,0.051943522,0.009992469053330323
2025-08-05 11:30:00,0.05365919361904716,0.06296351,-0.009304314450468067
2025-08-05 12:00:00,0.048247308238096705,0.074085,-0.02583768893902732
2025-08-05 12:30:00,0.03675173885714175,0.0849905,-0.04823876254666684
2025-08-05 13:00:00,0.02721709047619126,0.09534494,-0.06812784786161163
2025-08-05 13:30:00,0.021383363095238122,0.10482086,-0.08343749931721457
2025-08-05 14:00:00,0.018170863714283808,0.11312351,-0.09495264259331812
2025-08-05 14:30:00,0.017589461333334486,0.11999796,-0.10240850197595354
2025-08-05 15:00:00,0.02054314695237967,0.12526184,-0.10471869625211862
2025-08-05 15:30:00,0.018211744571427865,0.12876849,-0.11055674419333501
2025-08-05 16:00:00,0.01841358819047602,0.13043652,-0.11202293655832617
2025-08-05 16:30:00,0.01833420380952411,0.13025947,-0.11192526534197278
2025-08-05 17:00:00,0.01418468842856945,0.12829573,-0.11411104609615742
2025-08-05 17:30:00,0.008707015047618874,0.124668375,-0.11596135961001204
2025-08-05 18:00:00,-7.728133333333086e-05,0.119554654,-0.11963193509710439
2025-08-05 18:30:00,-0.011121401714287407,0.11317982,-0.12430121951004089
2025-08-05 19:00:00,-0.022130303095237707,0.10574966,-0.12787996233548352
2025-08-05 19:30:00,-0.0350396874761915,0.09746139,-0.13250107499125957
2025-08-05 20:00:00,-0.04937056185714311,0.08851869,-0.137889248449722
2025-08-05 20:30:00,-0.06061792823809717,0.07913731,-0.1397552386238012
2025-08-05 21:00:00,-0.07081603961904907,0.0695432,-0.14035923737009431
2025-08-05 21:30:00,-0.07616077399999946,0.059976194,-0.13613696805388778
2025-08-05 22:00:00,-0.07771660538095189,0.050631665,-0.12834827007430744
2025-08-05 22:30:00,-0.07485077076190647,0.041675754,-0.11652652465337451
2025-08-05 23:00:00,-0.06962739214285714,0.033240326,-0.10286771789177758
2025-08-05 23:30:00,-0.06196094352381132,0.02539281,-0.08735375340657137
2025-08-06 00:00:00,-0.051216205904762814,0.018143175,-0.06935938107458836
2025-08-06 00:30:00,-0.036496994285714575,0.011438351,-0.047935345410239645
2025-08-06 01:00:00,-0.02269177366666502,0.0051701185,-0.027861892196014586
2025-08-06 01:30:00,-0.006616860047620816,-0.0007982477,-0.005818612351254655
2025-08-06 02:00:00,0.009992965571429499,-0.006624791,0.016617756411280403
2025-08-06 02:30:00,0.02387849319047809,-0.012478911,0.036357404508363014
2025-08-06 03:00:00,0.037824327809523786,-0.0185022,0.05632652783186361
2025-08-06 03:30:00,0.051848144428570414,-0.024800327,0.07664847110374703
2025-08-06 04:00:00,0.0672101190476191,-0.031411063,0.0986211819736731
2025-08-06 04:30:00,0.07710117266666647,-0.038301047,0.11540221960437055
2025-08-06 05:00:00,0.07779516528571408,-0.045360427,0.12315559263551991
2025-08-06 05:30:00,0.07589547390476119,-0.052423976,0.12831945026651276
2025-08-06 06:00:00,0.0678768795238091,-0.05928731,0.12716418917041555
2025-08-06 06:30:00,0.054801531142857664,-0.06571914,0.12052067369904815
2025-08-06 07:00:00,0.04379262976190261,-0.071465045,0.11525767497560195
2025-08-06 07:30:00,0.031227105380950568,-0.07628701,0.10751411420291483
2025-08-06 08:00:00,0.013024827000000837,-0.07996837,0.09299319749722755
2025-08-06 08:30:00,-0.0029000833809544073,-0.08232513,0.07942504732011066
2025-08-06 09:00:00,-0.018684379761904873,-0.08323701,0.0645526274984177
2025-08-06 09:30:00,-0.036447272142856285,-0.082642145,0.04619487331202729
2025-08-06 10:00:00,-0.049858674523809224,-0.08053056,0.030671886982938976
2025-08-06 10:30:00,-0.06291099790476287,-0.0769259,0.014014905653968207
2025-08-06 11:00:00,-0.0723753392857127,-0.07191762,-0.00045771600423381853
2025-08-06 11:30:00,-0.07931630366666571,-0.06569991,-0.013616391058995883
2025-08-06 12:00:00,-0.0829002070476188,-0.05854413,-0.024356077914394314
2025-08-06 12:30:00,-0.09109902242857225,-0.050795566,-0.04030345613795526
2025-08-06 13:00:00,-0.09746985580952272,-0.042857908,-0.05461194809706316
2025-08-06 13:30:00,-0.10168652219047745,-0.035126954,-0.06655956787338456
2025-08-06 14:00:00,-0.09845380257142645,-0.02797094,-0.0704828626967774
2025-08-06 14:30:00,-0.09340845095238164,-0.021745346,-0.07166310446581318
2025-08-06 15:00:00,-0.08822248533333335,-0.01674703,-0.07147545583511386
2025-08-06 15:30:00,-0.08451296671428342,-0.0132051725,-0.07130779422022958
2025-08-06 16:00:00,-0.08050235109523754,-0.011289409,-0.06921294173345785
2025-08-06 16:30:00,-0.078269279476189,-0.011080383,-0.06718889615305601
2025-08-06 17:00:00,-0.07843432085714254,-0.012581571,-0.06585274985185775
2025-08-06 17:30:00,-0.08166217023809351,-0.015713949,-0.06594822148163713
2025-08-06 18:00:00,-0.08342892261904664,-0.02032272,-0.06310620303017087
2025-08-06 18:30:00,-0.09033260499999815,-0.02618889,-0.06414371548161799
2025-08-06 19:00:00,-0.094060278380951,-0.033090226,-0.06097005202873619
2025-08-06 19:30:00,-0.10163948676190478,-0.04080264,-0.06083684778413874
2025-08-06 20:00:00,-0.10762685314285865,-0.049100183,-0.058526670192361976
2025-08-06 20:30:00,-0.11190163252380719,-0.057720307,-0.05418132526305547
2025-08-06 21:00:00,-0.11499654290476141,-0.0663826,-0.04861394104757605
2025-08-06 21:30:00,-0.1138180762857116,-0.0748178,-0.03900027725397713
2025-08-06 22:00:00,-0.11158500466666652,-0.0827937,-0.028791306951860912
2025-08-06 22:30:00,-0.10387346804761939,-0.09012351,-0.013749956196785498
2025-08-06 23:00:00,-0.09793715042857022,-0.09667748,-0.001259668300426911
2025-08-06 23:30:00,-0.08523149180952286,-0.10239441,0.017162917668187866
2025-08-07 00:00:00,-0.07107473619047604,-0.10728822,0.036213482844195746
2025-08-07 00:30:00,-0.054304427571428934,-0.11141358,0.05710915558801778
2025-08-07 01:00:00,-0.03953025895238057,-0.114884995,0.07535473597168788
2025-08-07 01:30:00,-0.020791354333333043,-0.11783036,0.09703900411231134
2025-08-07 02:00:00,0.0017089092857145347,-0.12040402,0.1221129292375349
2025-08-07 02:30:00,0.021572725904761003,-0.122755684,0.14432840986329143
2025-08-07 03:00:00,0.04014347252380845,-0.12501001,0.16515348610413072
2025-08-07 03:30:00,0.05892514014285744,-0.12725924,0.18618437969726265
2025-08-07 04:00:00,0.07891422076190599,-0.12953813,0.2084523545023311
2025-08-07 04:30:00,0.08711023138095014,-0.13183603,0.2189462582879173
2025-08-07 05:00:00,0.09280054000000303,-0.1340746,0.22687513855079955
2025-08-07 05:30:00,0.09272115561904896,-0.1361542,0.22887536022605887
2025-08-07 06:00:00,0.08623164023809511,-0.13792375,0.22415538753919678
2025-08-07 06:30:00,0.07669151085714075,-0.13920501,0.21589651960233425
2025-08-07 07:00:00,0.06263967047619237,-0.1398008,0.20244047234939946
2025-08-07 07:30:00,0.04838445309523928,-0.13953686,0.18792131070021975
2025-08-07 08:00:00,0.031271998714286854,-0.13824631,0.16951831145175175
2025-08-07 08:30:00,0.01434292133333248,-0.13576165,0.15010456974985165
2025-08-07 09:00:00,-0.007246156047620095,-0.13195422,0.12470806686993667
2025-08-07 09:30:00,-0.02466738242857263,-0.12674548,0.1020780948901911
2025-08-07 10:00:00,-0.040092468809523406,-0.12010462,0.08001214956100958
2025-08-07 10:30:00,-0.05582632719047558,-0.112034634,0.05620830656520832
2025-08-07 11:00:00,-0.06668913357143062,-0.10264561,0.035956479681685985
2025-08-07 11:30:00,-0.0780440889523808,-0.09213545,0.014091362781685213
2025-08-07 12:00:00,-0.08079198333333484,-0.08078501,-6.977048621098492e-06
2025-08-07 12:30:00,-0.09109233371428545,-0.068957195,-0.022135139028349474
2025-08-07 13:00:00,-0.09865838609523811,-0.057060324,-0.041598062439632794
2025-08-07 13:30:00,-0.10049228947619174,-0.04553075,-0.05496153812864993
2025-08-07 14:00:00,-0.09831417485714161,-0.034785606,-0.06352856889009678
2025-08-07 14:30:00,-0.09172974423809414,-0.025212353,-0.06651739114268189
2025-08-07 15:00:00,-0.08506733161904619,-0.0171382,-0.067929131738327
2025-08-07 15:30:00,-0.076783339000001,-0.010848416,-0.06593492298449521
2025-08-07 16:00:00,-0.07167535538095192,-0.006539512,-0.06513584342095212
2025-08-07 16:30:00,-0.06697934476190452,-0.004310673,-0.06266867165916805
2025-08-07 17:00:00,-0.06461333414285796,-0.0041781203,-0.06043521385386007
2025-08-07 17:30:00,-0.06413026252380974,-0.0060612084,-0.058069054089406796
2025-08-07 18:00:00,-0.06540486590476126,-0.009813018,-0.055591847761584226
2025-08-07 18:30:00,-0.06899192528571277,-0.015186981,-0.053804943987683346
2025-08-07 19:00:00,-0.07715113366666748,-0.021932822,-0.055218311945828935
2025-08-07 19:30:00,-0.08522249104762072,-0.02979262,-0.055429871178507756
2025-08-07 20:00:00,-0.09191525242857113,-0.0384774,-0.05343785397342815
2025-08-07 20:30:00,-0.10089292580952319,-0.047670837,-0.053222088317772476
2025-08-07 21:00:00,-0.10883353819047609,-0.057031125,-0.051802413360230115
2025-08-07 21:30:00,-0.11115507157142906,-0.06622525,-0.044929818525870135
2025-08-07 22:00:00,-0.11157831595237841,-0.074942015,-0.03663630084093203
2025-08-07 22:30:00,-0.1107437093333312,-0.08293228,-0.02781143081942282
2025-08-07 23:00:00,-0.10872923371428492,-0.0900146,-0.018714634450616857
2025-08-07 23:30:00,-0.10058818009523787,-0.09608562,-0.004502557188552997
2025-08-08 00:00:00,-0.0886635734761916,-0.101118006,0.012454432335976526
2025-08-08 00:30:00,-0.07632712485714317,-0.105153926,0.02882680085973381
2025-08-08 01:00:00,-0.0603577372380952,-0.10829812,0.04794038564474782
2025-08-08 01:30:00,-0.04162650761904837,-0.110721156,0.06909464838204263
2025-08-08 02:00:00,-0.024461901000001222,-0.11262765,0.08816574681713363
2025-08-08 02:30:00,-0.00031703238095346763,-0.11421991,0.11390287901554998
2025-08-08 03:00:00,0.021347222238096358,-0.11570024,0.1370474596910802
2025-08-08 03:30:00,0.043797047857144354,-0.11724824,0.16104528499017048
2025-08-08 04:00:00,0.06355533847618898,-0.118976526,0.18253186443854175
2025-08-08 04:30:00,0.07766933109523648,-0.12093215,0.19860147800208922
2025-08-08 05:00:00,0.08479319271428758,-0.12310676,0.20789995548112566
2025-08-08 05:30:00,0.08837196633333241,-0.12544799,0.21381995484346425
2025-08-08 06:00:00,0.0838709159523792,-0.12783766,0.211708573880846
2025-08-08 06:30:00,0.07493065557142944,-0.13010173,0.20503238103052826
2025-08-08 07:00:00,0.06383390319047809,-0.13203904,0.19587294351755025
2025-08-08 07:30:00,0.04901622980952358,-0.13342899,0.18244522065043545
2025-08-08 08:00:00,0.030778863428571782,-0.13403891,0.16481777369830902
2025-08-08 08:30:00,0.007967023047617821,-0.13366327,0.14163028994481935
2025-08-08 09:00:00,-0.015108370333331948,-0.13209048,0.11698210880218135
2025-08-08 09:30:00,-0.04051389471428468,-0.12914628,0.08863238319022582
2025-08-08 10:00:00,-0.061419771095236025,-0.12469601,0.06327623776582889
2025-08-08 10:30:00,-0.07691735847618991,-0.11866971,0.04175235257718152
2025-08-08 11:00:00,-0.09306538385714579,-0.111091934,0.01802655028735113
2025-08-08 11:30:00,-0.10644389223809522,-0.1021015,-0.004342394885971962
2025-08-08 12:00:00,-0.11570731261904747,-0.091932446,-0.023774866854505847
2025-08-08 12:30:00,-0.1239863040000017,-0.080923125,-0.04306317885218218
2025-08-08 13:00:00,-0.1333200313809503,-0.06948555,-0.06383447877198348
2025-08-08 13:30:00,-0.13844068876190577,-0.05806467,-0.08037601939125452
2025-08-08 14:00:00,-0.14530915214285656,-0.047114205,-0.09819494752750202
2025-08-08 14:30:00,-0.15212485252380833,-0.03707794,-0.11504691152334676
2025-08-08 15:00:00,-0.1594228329047616,-0.028381577,-0.13104125614315826
2025-08-08 15:30:00,-0.1670998922857131,-0.02140006,-0.14569983178103818
2025-08-08 16:00:00,-0.1778297596666662,-0.01644948,-0.16138028028045576
2025-08-08 16:30:00,-0.187807081047616,-0.013741178,-0.17406590260954857
2025-08-08 17:00:00,-0.20164580642857205,-0.013353021,-0.18829278554447543
2025-08-08 17:30:00,-0.21500238280952225,-0.015260209,-0.19974217348009596
2025-08-08 18:00:00,-0.22875545119047663,-0.01934178,-0.20941367131770156
2025-08-08 18:30:00,-0.24251619457142828,-0.02538546,-0.2171307346864271
2025-08-08 19:00:00,-0.2529198769523826,-0.033117108,-0.2198027689053741
2025-08-08 19:30:00,-0.26857123433333463,-0.042242646,-0.22632858811598844
2025-08-08 20:00:00,-0.28098846971428504,-0.052442748,-0.22854572161471953
2025-08-08 20:30:00,-0.29518873009523844,-0.06341082,-0.2317779115184257
2025-08-08 21:00:00,-0.3104105704761901,-0.074869014,-0.23554155615343236
2025-08-08 21:30:00,-0.3206713138571428,-0.08658027,-0.2340910448184656
2025-08-08 22:00:00,-0.32900854923809647,-0.098350845,-0.23065770396078705
2025-08-08 22:30:00,-0.33613082761904767,-0.11005283,-0.22607799614808133
2025-08-08 23:00:00,-0.3406318779999987,-0.121602796,-0.2190290819818751
2025-08-08 23:30:00,-0.3397269643809521,-0.13297988,-0.20674707963726163
2025-08-09 00:00:00,-0.33482990176190547,-0.14420171,-0.1906281909417074
2025-08-09 00:30:00,-0.32759283914285614,-0.1553123,-0.17228053941446259
2025-08-09 01:00:00,-0.31482687352380906,-0.16636936,-0.1484575098582283
2025-08-09 01:30:00,-0.299904415904763,-0.17741159,-0.12249282985854415
2025-08-09 02:00:00,-0.2810347662857147,-0.18849693,-0.09253783389836273
2025-08-09 02:30:00,-0.26076678266666936,-0.19966917,-0.06109761526726293
2025-08-09 03:00:00,-0.23838726404761904,-0.2109707,-0.027416564260479143
2025-08-09 03:30:00,-0.2196912534285721,-0.22244489,0.0027536385010543674
2025-08-09 04:00:00,-0.19878818180952398,-0.23409937,0.035311191411873416
2025-08-09 04:30:00,-0.1794241891904755,-0.24590261,0.06647842361489101
2025-08-09 05:00:00,-0.17172032757142866,-0.25779346,0.0860731287445656
2025-08-09 05:30:00,-0.16886984295238205,-0.26967737,0.10080752783428482
2025-08-09 06:00:00,-0.16937874433333258,-0.28141063,0.1120318901843371
2025-08-09 06:30:00,-0.17311409271428482,-0.29280394,0.11968985044291122
2025-08-09 07:00:00,-0.18356821309524002,-0.30364156,0.12007334459824143
2025-08-09 07:30:00,-0.19642264047618938,-0.31367388,0.11725124320033956
2025-08-09 08:00:00,-0.21511706785714374,-0.3226402,0.1075231425329472
2025-08-09 08:30:00,-0.2324557932380935,-0.33027452,0.0978187290664414
2025-08-09 09:00:00,-0.2559685096190469,-0.33632794,0.08035943060655432
2025-08-09 09:30:00,-0.27730157800000177,-0.3405775,0.06327593497950568
2025-08-09 10:00:00,-0.2966035493809537,-0.34287125,0.04626769934112274
2025-08-09 10:30:00,-0.3187726267619055,-0.34311134,0.024338709469326203
2025-08-09 11:00:00,-0.34031126614285717,-0.34126577,0.0009545016698717101
2025-08-09 11:30:00,-0.35639665952380967,-0.33743843,-0.018958225161398168
2025-08-09 12:00:00,-0.36817345690476166,-0.3318559,-0.036317563769690864
2025-08-09 12:30:00,-0.38046227228571416,-0.32483914,-0.05562312734056951
2025-08-09 13:00:00,-0.389020297666666,-0.31677452,-0.07224578036892126
2025-08-09 13:30:00,-0.39090463904761924,-0.30811173,-0.08279291180991782
2025-08-09 14:00:00,-0.39771266442857117,-0.29932338,-0.09838928443513245
2025-08-09 14:30:00,-0.3955422248095235,-0.2908993,-0.10464291827380268
2025-08-09 15:00:00,-0.3933091531904758,-0.2832907,-0.11001843916497839
2025-08-09 15:30:00,-0.3887460815714286,-0.27692282,-0.1118232595728324
2025-08-09 16:00:00,-0.3839193259523813,-0.2721493,-0.11177003133758945
2025-08-09 16:30:00,-0.37641871033333274,-0.26922616,-0.10719254670761558
2025-08-09 17:00:00,-0.37070098871428536,-0.2683347,-0.10236630195815133
2025-08-09 17:30:00,-0.3677526530952372,-0.26957563,-0.09817702743720191
2025-08-09 18:00:00,-0.36560523847619025,-0.27294347,-0.09266177157441108
2025-08-09 18:30:00,-0.36519027985714286,-0.27832252,-0.08686776198528617
2025-08-09 19:00:00,-0.37067562823809547,-0.28552628,-0.08514935260332984
2025-08-09 19:30:00,-0.37870957261904764,-0.29430327,-0.08440630442484903
2025-08-09 20:00:00,-0.3862184740000003,-0.3043261,-0.08189238676359589
2025-08-09 20:30:00,-0.39396584038095334,-0.31527007,-0.07869577411966183
2025-08-09 21:00:00,-0.4015527237619043,-0.32677206,-0.07478065979133852
2025-08-09 21:30:00,-0.41188377414285815,-0.3384715,-0.07341227207719958
2025-08-09 22:00:00,-0.4207988155238107,-0.3500196,-0.07077921155614408
2025-08-09 22:30:00,-0.4277628049047628,-0.36110193,-0.06666087953168542
2025-08-09 23:00:00,-0.43372495228571517,-0.3714367,-0.06228826696199996
2025-08-09 23:30:00,-0.43583556466666573,-0.3808009,-0.05503466182319039
2025-08-10 00:00:00,-0.4341649490476199,-0.38905093,-0.04511401830917078
2025-08-10 00:30:00,-0.4302598594285711,-0.39611775,-0.03414211259858452
2025-08-10 01:00:00,-0.4219781918095249,-0.4020027,-0.01997549958692968
2025-08-10 01:30:00,-0.40635266419047694,-0.40679985,0.00044718865757603643
2025-08-10 02:00:00,-0.3943577505714283,-0.41067657,0.016318818175138472
2025-08-10 02:30:00,-0.3743083629523809,-0.41383743,0.03952906990894722
2025-08-10 03:00:00,-0.3535382303333334,-0.4164994,0.06296117576598603
2025-08-10 03:30:00,-0.3318190187142852,-0.41887215,0.087053129084253
2025-08-10 04:00:00,-0.3126033150952374,-0.42116287,0.1085595584113086
2025-08-10 04:30:00,-0.29254392747618824,-0.42355275,0.13100882406494946
2025-08-10 05:00:00,-0.27348870685714416,-0.42617762,0.1526889140306122
2025-08-10 05:30:00,-0.2580542312380941,-0.4291253,0.1710710777523844
2025-08-10 06:00:00,-0.2435612906190467,-0.4324192,0.18885792005333185
2025-08-10 06:30:00,-0.2360760249999999,-0.43601322,0.19993719674072274
2025-08-10 07:00:00,-0.22878400538095264,-0.4398028,0.21101879026762219
2025-08-10 07:30:00,-0.227753827761907,-0.44362414,0.21587031107018528
2025-08-10 08:00:00,-0.2283154921428591,-0.44724268,0.21892718506890238
2025-08-10 08:30:00,-0.23001193752381027,-0.45041955,0.22040760764983475
2025-08-10 09:00:00,-0.23607728590476465,-0.45288453,0.21680723915588904
2025-08-10 09:30:00,-0.23931281028571458,-0.45436695,0.21505414189514785
2025-08-10 10:00:00,-0.2502086416666679,-0.4546186,0.20440996132443623
2025-08-10 10:30:00,-0.25266311404761893,-0.45344904,0.20078592660370248
2025-08-10 11:00:00,-0.2572894284285712,-0.45072335,0.19343392161949396
2025-08-10 11:30:00,-0.2599020588095222,-0.44637018,0.1864681256120171
2025-08-10 12:00:00,-0.2583567071904759,-0.44039837,0.18204165806869466
2025-08-10 12:30:00,-0.2542956535714274,-0.43288222,0.17858656598156636
2025-08-10 13:00:00,-0.24467047795238173,-0.42399052,0.17932003990230883
2025-08-10 13:30:00,-0.2324845123333343,-0.41394752,0.18146301030689396
2025-08-10 14:00:00,-0.21766964371428477,-0.40304387,0.18537422244324697
2025-08-10 14:30:00,-0.1998645990952383,-0.39160654,0.19174194039260045
2025-08-10 15:00:00,-0.18182876447618834,-0.3799699,0.1981411304098285
2025-08-10 15:30:00,-0.16310753485714377,-0.36847576,0.20536823013270913
2025-08-10 16:00:00,-0.14481569123809657,-0.35742614,0.21261044549400487
2025-08-10 16:30:00,-0.12652397861904588,-0.34711966,0.22059568056636367
2025-08-10 17:00:00,-0.11195073099999853,-0.33776933,0.22581859854788355
2025-08-10 17:30:00,-0.09526840438094986,-0.32952532,0.23425691734108078
2025-08-10 18:00:00,-0.0846169987619054,-0.32246503,0.23784803357719067
2025-08-10 18:30:00,-0.07621006714285582,-0.31657845,0.24036838067590027
2025-08-10 19:00:00,-0.07230497752380918,-0.31177688,0.23947189892577578
2025-08-10 19:30:00,-0.06992909790476164,-0.3078858,0.23795669792691865
2025-08-10 20:00:00,-0.0716958502857139,-0.30466583,0.23296998342591024
2025-08-10 20:30:00,-0.07444690066666551,-0.30183402,0.22738711637167983
2025-08-10 21:00:00,-0.08035628504761888,-0.29908144,0.21872515969267653
2025-08-10 21:30:00,-0.08618549342857319,-0.29610363,0.2099181330610661
2025-08-10 22:00:00,-0.0952586928095253,-0.29262063,0.19736193626266402
2025-08-10 22:30:00,-0.10268961219047576,-0.28839725,0.1857076403691861
2025-08-10 23:00:00,-0.10739390857142984,-0.28324947,0.17585555903988304
2025-08-10 23:30:00,-0.11317267895238026,-0.2770716,0.1638989162395753
2025-08-11 00:00:00,-0.11261162533333241,-0.26980853,0.1571969054741627
2025-08-11 00:30:00,-0.11156609771428451,-0.26148805,0.14992195250811235
2025-08-11 01:00:00,-0.10540350909523671,-0.25221118,0.14680767421431834
2025-08-11 01:30:00,-0.09654938547619071,-0.24215198,0.14560259015552315
2025-08-11 02:00:00,-0.08141600685714524,-0.23153405,0.15011804205776413
2025-08-11 02:30:00,-0.06409543623809537,-0.22062367,0.15652823577041902
2025-08-11 03:00:00,-0.0459288566190455,-0.20970356,0.16377470802481436
2025-08-11 03:30:00,-0.023137496000000334,-0.19906363,0.1759261329119717
2025-08-11 04:00:00,0.0015544786190461446,-0.1889743,0.19052878460640424
2025-08-11 04:30:00,0.019793559238094376,-0.17968817,0.1994817297903481
2025-08-11 05:00:00,0.033591104857144095,-0.17141241,0.20500351320904228
2025-08-11 05:30:00,0.04696680847618941,-0.16428304,0.21124984566185837
2025-08-11 06:00:00,0.05307895909523677,-0.15838003,0.21145899068093013
2025-08-11 06:30:00,0.056280978714285404,-0.15369084,0.2099718234885316
2025-08-11 07:00:00,0.05156900733333581,-0.15013625,0.20170525461059563
2025-08-11 07:30:00,0.044524710952379074,-0.14755678,0.19208149272117792
2025-08-11 08:00:00,0.03414857257142826,-0.14573209,0.17988066244855686
2025-08-11 08:30:00,0.019403531190476404,-0.14437412,0.1637776484456873
2025-08-11 09:00:00,-0.0012518171904750911,-0.14315727,0.141905456340485
2025-08-11 09:30:00,-0.02242672757143,-0.14175063,0.11932390614515326
2025-08-11 10:00:00,-0.04461347995238086,-0.13981703,0.09520354928536634
2025-08-11 10:30:00,-0.0677515053333349,-0.13703318,0.06928167406901647
2025-08-11 11:00:00,-0.08922751271428535,-0.13315785,0.043930336597543265
2025-08-11 11:30:00,-0.11112755609523961,-0.12805851,0.016930951943281203
2025-08-11 12:00:00,-0.1273106694761911,-0.12169317,-0.005617497915426789
2025-08-11 12:30:00,-0.1466697918571447,-0.11413672,-0.03253307364358651
2025-08-11 13:00:00,-0.16330229123809417,-0.105560854,-0.057741437160755
2025-08-11 13:30:00,-0.1757843526190466,-0.0962439,-0.07954044957816067
2025-08-11 14:00:00,-0.1760593079999978,-0.08652975,-0.08952956134834833
2025-08-11 14:30:00,-0.17402948238095098,-0.076801926,-0.09722755648335271
2025-08-11 15:00:00,-0.16420873576190645,-0.06746713,-0.09674160504129106
2025-08-11 15:30:00,-0.15102860314285826,-0.058951292,-0.09207731095588279
2025-08-11 16:00:00,-0.1394127685238108,-0.051656697,-0.08775607157838194
2025-08-11 16:30:00,-0.1225095209047635,-0.04593745,-0.076572072164758
2025-08-11 17:00:00,-0.10836811528571548,-0.042084605,-0.06628351078399124
2025-08-11 17:30:00,-0.09342578866666487,-0.04030371,-0.05312207781857184
2025-08-11 18:00:00,-0.08075315504761842,-0.04071782,-0.04003533347936776
2025-08-11 18:30:00,-0.07254714442857244,-0.043337602,-0.029209542260250826
2025-08-11 19:00:00,-0.062054027809522766,-0.048105806,-0.013948221697233337
2025-08-11 19:30:00,-0.05862354319047607,-0.054897297,-0.003726246016737593
2025-08-11 20:00:00,-0.058936873571427746,-0.06351255,0.004575675232855396
2025-08-11 20:30:00,-0.06035976595238301,-0.07362807,0.01326830201789287
2025-08-11 21:00:00,-0.06303283433333196,-0.08484317,0.021810339289753067
2025-08-11 21:30:00,-0.0678151127142874,-0.09667887,0.028863755221846935
2025-08-11 22:00:00,-0.07153511109523696,-0.10861954,0.037084429834557356
2025-08-11 22:30:00,-0.07772572347618953,-0.120175995,0.04245027145646199
2025-08-11 23:00:00,-0.08305510785714153,-0.13088267,0.047827557657804456
2025-08-11 23:30:00,-0.0894489662380954,-0.14034863,0.05089966192524231
2025-08-12 00:00:00,-0.09155190361904655,-0.14826566,0.056713756190065995
2025-08-12 00:30:00,-0.08910023599999878,-0.1544259,0.06532566815477875
2025-08-12 01:00:00,-0.08826562938095157,-0.15874292,0.07047729018329556
2025-08-12 01:30:00,-0.08034536576190492,-0.16121253,0.08086716795048217
2025-08-12 02:00:00,-0.07304799614285674,-0.1619381,0.08889010491038117
2025-08-12 02:30:00,-0.06212755652380917,-0.16112193,0.09899437812851933
2025-08-12 03:00:00,-0.04570110790476294,-0.15902935,0.11332824177995232
2025-08-12 03:30:00,-0.02754452828571662,-0.15595977,0.1284152417977108
2025-08-12 04:00:00,-0.0028525536666658257,-0.15223229,0.1493797356476042
2025-08-12 04:30:00,0.014321921952385323,-0.14814794,0.16246986258806648
2025-08-12 05:00:00,0.02700455557142886,-0.14399199,0.1709965474489847
2025-08-12 05:30:00,0.03932565419047546,-0.14001168,0.17933733729689788
2025-08-12 06:00:00,0.045264165809522756,-0.13641514,0.1816793046501981
2025-08-12 06:30:00,0.04945048342857031,-0.13333954,0.1827900225988355
2025-08-12 07:00:00,0.04789465204761916,-0.13083261,0.17872726456211502
2025-08-12 07:30:00,0.04297943466666655,-0.12888695,0.1718663876629205
2025-08-12 08:00:00,0.03854869128571356,-0.12741172,0.16596041442261542
2025-08-12 08:30:00,0.023178561904763775,-0.12627205,0.14945061443123778
2025-08-12 09:00:00,0.006269353523807891,-0.12528786,0.13155721415575064
2025-08-12 09:30:00,-0.013682924857143024,-0.1242286,0.11054567183017387
2025-08-12 10:00:00,-0.03269818723809359,-0.12283934,0.0901411518393791
2025-08-12 10:30:00,-0.05598450161904751,-0.1208281,0.06484359792976918
2025-08-12 11:00:00,-0.07787467599999949,-0.117956884,0.04008220820534185
2025-08-12 11:30:00,-0.09814778938095221,-0.11407554,0.015927752115324642
2025-08-12 12:00:00,-0.11623138576190675,-0.10911198,-0.0071194061581393575
2025-08-12 12:30:00,-0.1380435781428574,-0.103099816,-0.034943762595391115
2025-08-12 13:00:00,-0.15851993752380925,-0.096155606,-0.062364331313577465
2025-08-12 13:30:00,-0.16995506890476192,-0.08848375,-0.081471318084602
2025-08-12 14:00:00,-0.17865603328571536,-0.08035514,-0.09830089569912173
2025-08-12 14:30:00,-0.1767591466666657,-0.07206199,-0.10469715348496023
2025-08-12 15:00:00,-0.1733934880476184,-0.063958414,-0.10943507414867354
2025-08-12 15:30:00,-0.16450427642857293,-0.05642166,-0.10808261654173593
2025-08-12 16:00:00,-0.15067151180952332,-0.049827375,-0.10084413729160568
2025-08-12 16:30:00,-0.13897550119047722,-0.044510648,-0.09446485353594383
2025-08-12 17:00:00,-0.12383212257143036,-0.04077205,-0.083060071952305
2025-08-12 17:30:00,-0.10870641895238214,-0.038847942,-0.06985847704712206
2025-08-12 18:00:00,-0.0953230403333344,-0.038892206,-0.05643083452874799
2025-08-12 18:30:00,-0.08234930971428292,-0.040967636,-0.041381673903907706
2025-08-12 19:00:00,-0.07324698309523733,-0.045084197,-0.028162786021062453
2025-08-12 19:30:00,-0.06568141047618851,-0.0511974,-0.014484012022237633
2025-08-12 20:00:00,-0.06472921485714123,-0.059158,-0.005571213762084692
2025-08-12 20:30:00,-0.06810535323809594,-0.068733335,0.0006279813032248616
2025-08-12 21:00:00,-0.07203627261904748,-0.07957442,0.007538148429116889
2025-08-12 21:30:00,-0.07999455999999901,-0.091268525,0.011273964527550737
2025-08-12 22:00:00,-0.08939407538095204,-0.10335171,0.013957636845915639
2025-08-12 22:30:00,-0.1026549947619044,-0.11532993,0.012674933934251148
2025-08-12 23:00:00,-0.11685744914285721,-0.12674363,0.009886180431918482
2025-08-12 23:30:00,-0.12631192152380952,-0.13717246,0.010860539032220756
2025-08-13 00:00:00,-0.13536977090476152,-0.14626022,0.010890445927399434
2025-08-13 00:30:00,-0.14238871728571545,-0.15374114,0.011352418907560002
2025-08-13 01:00:00,-0.14732380366666786,-0.15943998,0.012116177317066268
2025-08-13 01:30:00,-0.1505516530476188,-0.16328913,0.012737476686420501
2025-08-13 02:00:00,-0.14684980942857132,-0.16531798,0.018468173006655125
2025-08-13 02:30:00,-0.14184722080952367,-0.16567044,0.023823218791420853
2025-08-13 03:00:00,-0.13324691219047852,-0.16459033,0.031343416741329955
2025-08-13 03:30:00,-0.12308998057143032,-0.1623784,0.039288419992763404
2025-08-13 04:00:00,-0.10646028595238066,-0.15938298,0.052922698089787
2025-08-13 04:30:00,-0.09315488933333342,-0.15596719,0.06281230152836854
2025-08-13 05:00:00,-0.08144668471428868,-0.15250458,0.07105789351847652
2025-08-13 05:30:00,-0.07593988409523642,-0.14935066,0.07341077396388376
2025-08-13 06:00:00,-0.07082970647619222,-0.14678834,0.07595863731100108
2025-08-13 06:30:00,-0.06923487885714315,-0.14502554,0.07579065756081797
2025-08-13 07:00:00,-0.06954053423809413,-0.14418618,0.07464564957213994
2025-08-13 07:30:00,-0.07025268161904638,-0.14431225,0.07405956601488764
2025-08-13 08:00:00,-0.07623237300000128,-0.14537221,0.0691398389331347
2025-08-13 08:30:00,-0.08577250238095002,-0.14723885,0.06146634821261687
2025-08-13 09:00:00,-0.09854127276190465,-0.14972143,0.051180155990040846
2025-08-13 09:30:00,-0.11434543814285707,-0.15257457,0.03822913084403563
2025-08-13 10:00:00,-0.13299697152380954,-0.15552711,0.02253014334435452
2025-08-13 10:30:00,-0.148934075904763,-0.15826948,0.00933540396603319
2025-08-13 11:00:00,-0.16921486428571472,-0.16051385,-0.008701016219384766
2025-08-13 11:30:00,-0.18969657366666443,-0.1620257,-0.02767086868676788
2025-08-13 12:00:00,-0.2098917050476201,-0.16266714,-0.047224564682973175
2025-08-13 12:30:00,-0.22911021342857238,-0.16238327,-0.06672694018466827
2025-08-13 13:00:00,-0.25196701080952294,-0.16120443,-0.09076258332882531
2025-08-13 13:30:00,-0.26943551919047576,-0.15923235,-0.1102031709868167
2025-08-13 14:00:00,-0.27997433457142884,-0.15661304,-0.12336129758126313
2025-08-13 14:30:00,-0.2809446849523812,-0.15354833,-0.12739635488379292
2025-08-13 15:00:00,-0.2789148593333344,-0.15028548,-0.12862937692671816
2025-08-13 15:30:00,-0.2775177967142866,-0.14710328,-0.13041451688526134
2025-08-13 16:00:00,-0.26903823309523955,-0.14429857,-0.12473966472728149
2025-08-13 16:30:00,-0.2574751614761902,-0.14217286,-0.11530230335717928
2025-08-13 17:00:00,-0.24634160685714296,-0.14098266,-0.10535894918616823
2025-08-13 17:30:00,-0.23127621023809658,-0.14095949,-0.09031672387277828
2025-08-13 18:00:00,-0.21795326961904724,-0.14229453,-0.07565874351888854
2025-08-13 18:30:00,-0.20485646899999913,-0.1451261,-0.05973036464514073
2025-08-13 19:00:00,-0.19190260738095347,-0.1495335,-0.04236911207398478
2025-08-13 19:30:00,-0.18256949076190568,-0.15556489,-0.027004601450115212
2025-08-13 20:00:00,-0.17123269014285583,-0.1631999,-0.008032788562045284
2025-08-13 20:30:00,-0.16388036352380927,-0.17232035,0.00843998748079125
2025-08-13 21:00:00,-0.15997527390476177,-0.1826822,0.02270692736152699
2025-08-13 21:30:00,-0.15119913228571455,-0.19395107,0.042751938022970754
2025-08-13 22:00:00,-0.15002834066666715,-0.2057608,0.05573246613226779
2025-08-13 22:30:00,-0.14822478604762115,-0.21770427,0.069479480262117
2025-08-13 23:00:00,-0.15075724042857092,-0.22935851,0.07860126875435908
2025-08-13 23:30:00,-0.15000061580952465,-0.24032937,0.09032875409308613
2025-08-14 00:00:00,-0.15154109719047654,-0.25025046,0.09870936152686965
2025-08-14 00:30:00,-0.1527453935714287,-0.25882006,0.10607466334385451
2025-08-14 01:00:00,-0.15596556795238198,-0.26581246,0.10984688865543663
2025-08-14 01:30:00,-0.15253727733333255,-0.27107775,0.11854047478000973
2025-08-14 02:00:00,-0.15008560971428478,-0.2745619,0.12447630210708058
2025-08-14 02:30:00,-0.14457113409523872,-0.27627397,0.13170283174033257
2025-08-14 03:00:00,-0.13706284347618944,-0.27630016,0.13923731860076063
2025-08-14 03:30:00,-0.12816376285714298,-0.2748006,0.14663683576422543
2025-08-14 04:00:00,-0.11568437523809469,-0.27194884,0.15626446895631754
2025-08-14 04:30:00,-0.10602726761904537,-0.26797134,0.1619440692225379
2025-08-14 05:00:00,-0.09860463399999944,-0.26311252,0.1645078812111059
2025-08-14 05:30:00,-0.09435568438095063,-0.2576433,0.16328762783485443
2025-08-14 06:00:00,-0.08797765576190461,-0.25181282,0.16383515990429412
2025-08-14 06:30:00,-0.08828331114285903,-0.2458535,0.15757018743521256
2025-08-14 07:00:00,-0.08533730052380938,-0.23996739,0.15463009037108044
2025-08-14 07:30:00,-0.08675251790476221,-0.23433365,0.14758113137292486
2025-08-14 08:00:00,-0.09323203328571511,-0.2290591,0.1358270668653469
2025-08-14 08:30:00,-0.09997523266666639,-0.22419775,0.12422251265651477
2025-08-14 09:00:00,-0.11169487904762142,-0.2197447,0.1080498181655515
2025-08-14 09:30:00,-0.12477022742857155,-0.21564181,0.09087158406148735
2025-08-14 10:00:00,-0.1417596118095226,-0.21179035,0.07003074125024608
2025-08-14 10:30:00,-0.15817899619047454,-0.20804897,0.049869973316742866
2025-08-14 11:00:00,-0.17544193357142843,-0.2042777,0.028835760653882853
2025-08-14 11:30:00,-0.19275995895238326,-0.20036414,0.007604183703943029
2025-08-14 12:00:00,-0.21120276533333318,-0.19624712,-0.014955649602093862
2025-08-14 12:30:00,-0.2349934227142852,-0.19188699,-0.04310643145184928
2025-08-14 13:00:00,-0.26115916809523804,-0.18730998,-0.07384918770278198
2025-08-14 13:30:00,-0.27350074647619,-0.18256101,-0.0909397363538908
2025-08-14 14:00:00,-0.28674631585714266,-0.17772444,-0.10902187993165896
2025-08-14 14:30:00,-0.2948121922380955,-0.17293514,-0.12187704912495922
2025-08-14 15:00:00,-0.2975128046190484,-0.16835302,-0.12915978347418144
2025-08-14 15:30:00,-0.30011556600000144,-0.16417158,-0.13594398950006248
2025-08-14 16:00:00,-0.29435354800000124,-0.1605975,-0.13375604481472902
